Tag MAC,Frequency,Power (dBm),Voltage (mV)
58_E6_C5_01_08_CC,705,"[-35, -34, -33, -32, -31, -30, -29, -28, -27, -26, -25, -24, -23, -22, -21, -20, -19, -18, -17, -16, -15, -14, -13, -12, -11, -10, -9, -8]","[1.297, 1.602, 2.06, 2.594, 3.281, 4.12, 5.188, 6.485, 8.087, 10.071, 12.741, 16.022, 19.837, 24.567, 30.137, 36.927, 44.785, 54.05500000000001, 64.927, 77.592, 93.614, 110.781, 131.151, 153.506, 179.2555, 207.599, 241.016, 277.562]"
58_E6_C5_01_08_CC,715,"[-35, -34, -33, -32, -31, -30, -29, -28, -27, -26, -25, -24, -23, -22, -21, -20, -19, -18, -17, -16, -15, -14, -13, -12, -11, -10, -9, -8]","[1.526, 1.907, 2.403, 3.052, 3.815, 4.807, 6.104, 7.553, 9.4225, 11.673, 14.649, 18.235, 22.583, 27.8095, 34.18, 41.581, 50.202, 60.578, 72.48, 86.213, 103.609, 121.691, 143.664, 168.231, 195.697, 226.673, 261.921, 300.832]"
58_E6_C5_01_08_CC,725,"[-35, -34, -33, -32, -31, -30, -29, -28, -27, -26, -25, -24, -23, -22, -21, -20, -19, -18, -17, -16, -15, -14, -13, -12, -11, -10, -9, -8]","[1.755, 2.213, 2.823, 3.586, 4.501, 5.646, 7.095, 8.774, 10.91, 13.619, 16.632, 20.6, 25.483, 31.357, 38.376, 46.6545, 56.306, 67.521, 80.491, 95.521, 113.603, 134.16500000000002, 156.786, 183.566, 212.406, 246.052, 283.436, 325.475]"
58_E6_C5_01_08_CC,735,"[-35, -34, -33, -32, -31, -30, -29, -28, -27, -26, -25, -24, -23, -22, -21, -20, -19, -18, -17, -16, -15, -14, -13, -12, -11, -10, -9, -8]","[2.06, 2.594, 3.281, 4.196, 5.188, 6.561, 8.164, 10.224, 12.665, 15.717, 18.845, 23.27, 28.763, 35.401, 43.107, 52.262, 62.867, 75.151, 89.342, 105.44, 124.437, 146.487, 170.748, 198.863, 230.335, 266.117, 306.02, 349.622]"
58_E6_C5_01_08_CC,745,"[-35, -34, -33, -32, -31, -30, -29, -28, -27, -26, -25, -24, -23, -22, -21, -20, -19, -18, -17, -16, -15, -14, -13, -12, -11, -10, -9, -8]","[2.441, 3.052, 3.815, 4.883, 6.027, 7.63, 9.537, 11.826, 14.649, 18.158, 21.363, 26.474, 32.578, 39.902, 48.371, 58.442, 70.115, 83.696, 99.107, 116.579, 136.11, 159.228, 186.389, 216.449, 250.172, 288.396, 330.434, 377.394]"
58_E6_C5_01_08_CC,755,"[-35, -34, -33, -32, -31, -30, -29, -28, -27, -26, -25, -24, -23, -22, -21, -20, -19, -18, -17, -16, -15, -14, -13, -12, -11, -10, -9, -8]","[2.747, 3.51, 4.425, 5.57, 7.019, 8.774, 10.91, 13.581, 16.823, 20.676, 24.224, 29.946, 36.774, 44.862, 54.475, 65.385, 78.355, 93.08, 109.865, 128.748, 149.996, 175.021, 204.28, 236.057, 272.831, 313.115, 358.053, 409.094]"
58_E6_C5_01_08_CC,765,"[-35, -34, -33, -32, -31, -30, -29, -28, -27, -26, -25, -24, -23, -22, -21, -20, -19, -18, -17, -16, -15, -14, -13, -12, -11, -10, -9, -8]","[3.204, 4.044, 5.035, 6.332, 8.011, 9.995, 12.512, 15.488, 19.15, 23.651, 27.466, 33.951, 41.733, 50.507, 61.189, 73.243, 87.663, 103.532, 121.767, 142.443, 165.56, 193.332, 224.384, 259.403, 298.314, 341.115, 390.097, 444.877]"
58_E6_C5_01_08_CC,775,"[-35, -34, -33, -32, -31, -30, -29, -28, -27, -26, -25, -24, -23, -22, -21, -20, -19, -18, -17, -16, -15, -14, -13, -12, -11, -10, -9, -8]","[3.662, 4.578, 5.798, 7.248, 9.155, 11.406, 14.191, 17.624, 21.744, 26.703, 31.434, 38.605, 47.303, 57.145, 68.971, 82.704, 98.039, 115.663, 135.576, 158.083, 184.36700000000002, 214.008, 247.654, 285.611, 327.764, 374.609, 426.947, 485.161]"
58_E6_C5_01_08_CC,785,"[-35, -34, -33, -32, -31, -30, -29, -28, -27, -26, -25, -24, -23, -22, -21, -20, -19, -18, -17, -16, -15, -14, -13, -12, -11, -10, -9, -8]","[4.196, 5.3025, 6.638, 8.392, 10.529, 13.046, 16.327, 20.142, 24.872, 30.442, 35.935, 44.327, 54.17, 65.461, 78.622, 93.843, 111.009, 130.312, 151.98, 176.776, 205.997, 238.4605, 275.196, 316.472, 362.173, 413.138, 469.749, 533.455]"
58_E6_C5_01_08_CC,795,"[-35, -34, -33, -32, -31, -30, -29, -28, -27, -26, -25, -24, -23, -22, -21, -20, -19, -18, -17, -16, -15, -14, -13, -12, -11, -10, -9, -8]","[4.807, 6.104, 7.63, 9.613, 11.978, 15.03, 18.692, 23.041, 28.382, 34.791, 41.81, 51.194, 62.409, 75.227, 89.952, 106.737, 125.696, 147.135, 171.283, 198.215, 230.869, 267.185, 306.401, 351.415, 401.236, 456.55, 518.73, 587.091]"
58_E6_C5_01_08_CC,805,"[-35, -34, -33, -32, -31, -30, -29, -28, -27, -26, -25, -24, -23, -22, -21, -20, -19, -18, -17, -16, -15, -14, -13, -12, -11, -10, -9, -8]","[5.57, 7.019, 8.774, 11.063, 13.809, 17.243, 21.439, 26.474, 32.578, 39.75, 48.447, 59.358, 71.717, 86.213, 102.922, 121.538, 142.748, 166.552, 192.874, 222.782, 258.946, 297.704, 341.573, 390.707, 444.953, 505.074, 572.824, 646.983]"
58_E6_C5_01_08_CC,815,"[-35, -34, -33, -32, -31, -30, -29, -28, -27, -26, -25, -24, -23, -22, -21, -20, -19, -18, -17, -16, -15, -14, -13, -12, -11, -10, -9, -8]","[6.409, 8.087, 10.147, 12.741, 15.946, 19.837, 24.72, 30.442, 37.461, 45.777, 55.924, 68.437, 82.399, 99.031, 117.685, 138.476, 161.822, 188.373, 217.746, 250.706, 289.387, 333.104, 381.018, 434.73, 493.935, 559.5865, 632.258, 713.741]"
58_E6_C5_01_08_CC,825,"[-35, -34, -33, -32, -31, -30, -29, -28, -27, -26, -25, -24, -23, -22, -21, -20, -19, -18, -17, -16, -15, -14, -13, -12, -11, -10, -9, -8]","[7.401, 9.308, 11.749, 14.725, 18.463, 23.041, 28.572499999999998, 35.325, 43.336, 52.72, 65.156, 79.118, 95.598, 113.68, 135.042, 158.236, 184.558, 214.008, 246.662, 282.979, 324.941, 372.854, 425.574, 483.253, 547.951, 620.661, 699.9695, 787.594]"
58_E6_C5_01_08_CC,835,"[-35, -34, -33, -32, -31, -30, -29, -28, -27, -26, -25, -24, -23, -22, -21, -20, -19, -18, -17, -16, -15, -14, -13, -12, -11, -10, -9, -8]","[8.507, 10.758, 13.581, 17.014, 21.363, 26.627, 32.959, 40.855999999999995, 50.126, 61.036, 75.227, 91.249, 109.9795, 131.151, 154.726, 180.896, 210.269, 243.229, 279.393, 319.677, 365.072, 418.173, 476.081, 540.703, 611.734, 690.166, 777.943, 874.952]"
58_E6_C5_01_08_CC,845,"[-35, -34, -33, -32, -31, -30, -29, -28, -27, -26, -25, -24, -23, -22, -21, -20, -19, -18, -17, -16, -15, -14, -13, -12, -11, -10, -9, -8]","[9.613, 12.207, 15.335, 19.379, 24.262, 30.442, 37.919, 46.807, 57.527, 70.344, 86.748, 105.364, 126.192, 149.691, 176.318, 206.149, 239.567, 275.921, 316.8155, 361.639, 412.299, 470.97, 535.134, 606.317, 684.749, 769.741, 867.323, 973.831]"
58_E6_C5_01_08_CC,855,"[-35, -34, -33, -32, -31, -30, -29, -28, -27, -26, -25, -24, -23, -22, -21, -20, -19, -18, -17, -16, -15, -14, -13, -12, -11, -10, -9, -8]","[10.567, 13.504, 17.166, 21.592, 27.237, 34.104, 42.649, 52.949, 65.232, 79.957, 97.77199999999999, 118.791, 142.367, 169.451, 198.978, 233.005, 270.008, 311.36, 356.603, 407.34, 463.569, 528.725, 600.29, 679.332, 767.796, 863.432, 969.863, 1085.908]"
58_E6_C5_01_08_CC,865,"[-35, -34, -33, -32, -31, -30, -29, -28, -27, -26, -25, -24, -23, -22, -21, -20, -19, -18, -17, -16, -15, -14, -13, -12, -11, -10, -9, -8]","[11.292, 14.42, 18.235, 23.041, 29.145, 36.774, 46.197, 57.717, 71.489, 87.663, 106.47, 129.32, 156.672, 186.236, 219.883, 257.572, 298.924, 345.235, 396.582, 452.811, 516.747, 589.99, 671.55, 760.052, 856.794, 964.904, 1083.085, 1214.885]"
58_E6_C5_01_08_CC,875,"[-35, -34, -33, -32, -31, -30, -29, -28, -27, -26, -25, -24, -23, -22, -21, -20, -19, -18, -17, -16, -15, -14, -13, -12, -11, -10, -9, -8]","[11.444, 14.572, 18.5015, 23.423, 29.679, 37.69, 47.227, 59.281, 73.93, 91.249, 110.552, 135.653, 164.874, 196.613, 234.76, 275.731, 322.118, 373.617, 430.152, 493.4, 565.5375, 647.135, 738.308, 837.11, 945.144, 1067.14, 1198.978, 1345.083]"
58_E6_C5_01_08_CC,885,"[-35, -34, -33, -32, -31, -30, -29, -28, -27, -26, -25, -24, -23, -22, -21, -20, -19, -18, -17, -16, -15, -14, -13, -12, -11, -10, -9, -8]","[10.91, 13.886, 17.7, 22.3925, 28.458, 36.011, 45.548, 56.916, 71.412, 88.731, 109.102, 134.8515, 163.844, 198.291, 238.041, 282.368, 331.807, 387.655, 449.989, 518.654, 596.933, 687.19, 788.128, 899.596, 1021.286, 1154.345, 1299.992, 1461.204]"
58_E6_C5_01_08_CC,895,"[-35, -34, -33, -32, -31, -30, -29, -28, -27, -26, -25, -24, -23, -22, -21, -20, -19, -18, -17, -16, -15, -14, -13, -12, -11, -10, -9, -8]","[10.071, 12.741, 16.251, 20.6, 26.093, 33.036, 41.581, 52.338, 65.461, 81.331, 101.854, 126.574, 155.337, 189.364, 228.504, 273.327, 324.788, 382.086, 447.471, 520.79, 602.731, 696.8415, 805.219, 925.689, 1057.603, 1204.166, 1360.266, 1537.27]"
58_E6_C5_01_08_CC,905,"[-35, -34, -33, -32, -31, -30, -29, -28, -27, -26, -25, -24, -23, -22, -21, -20, -19, -18, -17, -16, -15, -14, -13, -12, -11, -10, -9, -8]","[9.079, 11.521, 14.649, 18.54, 23.423, 29.603, 37.194, 46.693, 58.3275, 72.404, 91.936, 114.595, 141.2605, 172.503, 209.277, 252.1935, 301.137, 357.214, 421.836, 494.659, 573.663, 671.778, 783.093, 907.836, 1045.319, 1196.841, 1363.317, 1550.088]"
58_E6_C5_01_08_CC,915,"[-35, -34, -33, -32, -31, -30, -29, -28, -27, -26, -25, -24, -23, -22, -21, -20, -19, -18, -17, -16, -15, -14, -13, -12, -11, -10, -9, -8]","[8.164, 10.376, 13.123, 16.556, 20.905, 26.246, 32.959, 41.276, 51.499, 64.012, 81.102, 101.32, 125.124, 153.353, 186.16, 224.80349999999999, 270.008, 321.965, 381.399, 449.836, 526.818, 623.407, 729.839, 852.445, 986.763, 1140.841, 1309.224, 1496.91]"
58_E6_C5_01_08_CC,925,"[-35, -34, -33, -32, -31, -30, -29, -28, -27, -26, -25, -24, -23, -22, -21, -20, -19, -18, -17, -16, -15, -14, -13, -12, -11, -10, -9, -8]","[7.324, 9.308, 11.902, 14.954, 18.769, 23.651, 29.603, 37.003, 45.93, 57.069, 72.137, 89.799, 110.628, 135.805, 165.103, 199.283, 240.024, 286.336, 340.6195, 403.449, 476.081, 566.2239999999999, 665.599, 781.643, 910.048, 1056.229, 1221.485, 1403.372]"
58_E6_C5_01_08_CC,935,"[-35, -34, -33, -32, -31, -30, -29, -28, -27, -26, -25, -24, -23, -22, -21, -20, -19, -18, -17, -16, -15, -14, -13, -12, -11, -10, -9, -8]","[6.867, 8.621, 10.986, 13.733, 17.395, 21.592, 27.085, 33.799, 42.039, 52.11, 64.698, 80.568, 99.26, 121.843, 147.44, 179.141, 215.305, 256.809, 305.257, 362.097, 431.754, 514.229, 605.783, 711.452, 832.99, 970.092, 1126.192, 1299.306]"
58_E6_C5_01_08_CC,945,"[-35, -34, -33, -32, -31, -30, -29, -28, -27, -26, -25, -24, -23, -22, -21, -20, -19, -18, -17, -16, -15, -14, -13, -12, -11, -10, -9, -8]","[6.332, 8.049, 10.147, 12.856, 16.175, 20.142, 25.254, 31.434, 39.063, 48.219, 58.366, 73.014, 90.105, 110.36099999999999, 134.356, 162.356, 194.858, 232.929, 277.18, 327.993, 393.149, 468.64300000000003, 552.6435, 649.805, 761.959, 889.296, 1034.791, 1196.918]"
58_E6_C5_01_08_CC,955,"[-35, -34, -33, -32, -31, -30, -29, -28, -27, -26, -25, -24, -23, -22, -21, -20, -19, -18, -17, -16, -15, -14, -13, -12, -11, -10, -9, -8]","[5.951, 7.63, 9.537, 12.0165, 15.106, 18.997, 23.651, 29.374, 36.545, 45.014, 53.712, 66.911, 82.551, 101.167, 122.988, 148.699, 178.64499999999998, 212.863, 253.605, 300.679, 360.342, 427.939, 506.676, 596.094, 699.626, 817.235, 950.561, 1103.494]"
58_E6_C5_01_08_CC,965,"[-35, -34, -33, -32, -31, -30, -29, -28, -27, -26, -25, -24, -23, -22, -21, -20, -19, -18, -17, -16, -15, -14, -13, -12, -11, -10, -9, -8]","[5.646, 7.095, 9.003, 11.368, 14.267, 17.777, 22.126, 27.543, 34.333, 42.344, 49.629999999999995, 61.799, 76.066, 93.462, 113.298, 137.179, 165.026, 196.841, 234.302, 277.714, 332.341, 394.675, 465.782, 550.011, 644.083, 751.354, 876.631, 1017.395]"
58_E6_C5_01_08_CC,975,"[-35, -34, -33, -32, -31, -30, -29, -28, -27, -26, -25, -24, -23, -22, -21, -20, -19, -18, -17, -16, -15, -14, -13, -12, -11, -10, -9, -8]","[5.264, 6.714, 8.469, 10.605, 13.428, 16.709, 20.905, 26.017, 32.273, 39.9405, 46.464, 57.641000000000005, 70.954, 86.976, 105.898, 127.794, 153.811, 183.795, 218.39499999999998, 258.869, 308.919, 366.751, 432.898, 509.575, 598.459, 698.4435, 815.137, 946.746]"
58_E6_C5_01_08_CC,985,"[-35, -34, -33, -32, -31, -30, -29, -28, -27, -26, -25, -24, -23, -22, -21, -20, -19, -18, -17, -16, -15, -14, -13, -12, -11, -10, -9, -8]","[5.035, 6.332, 8.011, 9.995, 12.665, 15.793, 19.684, 24.567, 30.365, 37.613, 43.717, 54.322, 67.178, 82.322, 100.023, 121.004, 145.418, 173.724, 206.531, 244.831, 288.09, 342.107, 405.432, 477.226, 559.091, 654.078, 762.3025, 885.557]"
58_E6_C5_01_08_CC,995,"[-35, -34, -33, -32, -31, -30, -29, -28, -27, -26, -25, -24, -23, -22, -21, -20, -19, -18, -17, -16, -15, -14, -13, -12, -11, -10, -9, -8]","[4.73, 5.951, 7.477, 9.384, 11.749, 14.725, 18.463, 22.965, 28.496, 35.172, 41.428, 51.499, 63.478, 77.592, 95.064, 114.748, 137.865, 164.874, 196.078, 232.166, 271.687, 322.576, 380.713, 447.242, 527.047, 615.396, 717.555, 833.6]"
98_A3_16_8F_EA_5C,705,"[-35, -34, -33, -32, -31, -30, -29, -28, -27, -26, -25, -24, -23, -22, -21, -20, -19, -18, -17, -16, -15, -14, -13, -12, -11, -10, -9, -8]","[1.373, 1.602, 2.136, 2.594, 3.2425, 4.044, 5.112, 6.332, 7.782, 9.689, 12.322, 15.488, 19.226, 23.804, 29.221, 35.859, 43.641, 52.873, 63.706, 76.295, 92.317, 109.56, 130.083, 152.514, 178.302, 206.836, 240.253, 276.875]"
98_A3_16_8F_EA_5C,715,"[-35, -34, -33, -32, -31, -30, -29, -28, -27, -26, -25, -24, -23, -22, -21, -20, -19, -18, -17, -16, -15, -14, -13, -12, -11, -10, -9, -8]","[1.526, 1.984, 2.365, 2.976, 3.738, 4.73, 5.875, 7.286, 9.079, 11.215, 14.038, 17.472, 21.744, 26.818, 33.036, 40.36, 48.981, 59.205, 71.031, 84.84, 102.312, 120.47, 142.596, 167.239, 194.858, 225.91, 261.234, 300.298]"
98_A3_16_8F_EA_5C,725,"[-35, -34, -33, -32, -31, -30, -29, -28, -27, -26, -25, -24, -23, -22, -21, -20, -19, -18, -17, -16, -15, -14, -13, -12, -11, -10, -9, -8]","[1.793, 2.213, 2.785, 3.51, 4.349, 5.417, 6.79, 8.469, 10.452, 13.046, 15.869, 19.684, 24.491, 30.289, 37.156, 45.319, 54.856, 65.995, 78.965, 94.072, 112.306, 132.906, 155.566, 182.574, 211.566, 245.212, 282.826, 325.017]"
98_A3_16_8F_EA_5C,735,"[-35, -34, -33, -32, -31, -30, -29, -28, -27, -26, -25, -24, -23, -22, -21, -20, -19, -18, -17, -16, -15, -14, -13, -12, -11, -10, -9, -8]","[2.06, 2.518, 3.204, 3.967, 5.035, 6.2940000000000005, 7.782, 9.689, 12.0165, 14.954, 18.006, 22.202, 27.543, 34.104, 41.657, 50.66, 61.189, 73.434, 87.663, 103.838, 122.911, 145.113, 169.566, 197.757, 229.305, 265.278, 305.257, 349.126]"
98_A3_16_8F_EA_5C,745,"[-35, -34, -33, -32, -31, -30, -29, -28, -27, -26, -25, -24, -23, -22, -21, -20, -19, -18, -17, -16, -15, -14, -13, -12, -11, -10, -9, -8]","[2.365, 2.976, 3.662, 4.578, 5.722, 7.248, 9.003, 11.139, 13.809, 17.166, 20.218, 25.254, 31.205, 38.376, 46.693, 56.687, 68.208, 81.788, 97.238, 114.748, 134.356, 157.626, 185.016, 215.229, 249.027, 287.327, 329.595, 376.593]"
98_A3_16_8F_EA_5C,755,"[-35, -34, -33, -32, -31, -30, -29, -28, -27, -26, -25, -24, -23, -22, -21, -20, -19, -18, -17, -16, -15, -14, -13, -12, -11, -10, -9, -8]","[2.747, 3.357, 4.196, 5.264, 6.561, 8.24, 10.224, 12.665, 15.717, 19.455, 22.889, 28.458, 35.019, 42.954, 52.338, 63.249, 76.143, 90.944, 107.652, 126.726, 148.013, 173.19, 202.564, 234.455, 271.458, 311.818, 356.8705, 407.95]"
98_A3_16_8F_EA_5C,765,"[-35, -34, -33, -32, -31, -30, -29, -28, -27, -26, -25, -24, -23, -22, -21, -20, -19, -18, -17, -16, -15, -14, -13, -12, -11, -10, -9, -8]","[3.052, 3.7765, 4.7685, 5.951, 7.439, 9.346, 11.559000000000001, 14.343, 17.929, 22.049, 25.788, 31.968, 39.521, 48.219, 58.709, 70.6875, 85.069, 101.015, 119.173, 139.925, 163.119, 191.119, 222.248, 257.42, 296.483, 339.361, 388.495, 443.2365]"
98_A3_16_8F_EA_5C,775,"[-35, -34, -33, -32, -31, -30, -29, -28, -27, -26, -25, -24, -23, -22, -21, -20, -19, -18, -17, -16, -15, -14, -13, -12, -11, -10, -9, -8]","[3.433, 4.273, 5.341, 6.714, 8.469, 10.529, 13.046, 16.251, 20.066, 24.796, 29.221, 36.164, 44.633, 54.322, 65.919, 79.576, 94.987, 112.535, 132.4865, 155.108, 181.353, 211.223, 244.984, 283.131, 325.399, 372.28200000000004, 424.735, 482.90999999999997]"
98_A3_16_8F_EA_5C,785,"[-35, -34, -33, -32, -31, -30, -29, -28, -27, -26, -25, -24, -23, -22, -21, -20, -19, -18, -17, -16, -15, -14, -13, -12, -11, -10, -9, -8]","[3.891, 4.883, 6.0655, 7.553, 9.537, 11.826, 14.839500000000001, 18.387, 22.774, 28.077, 33.188, 41.276, 50.889, 61.875, 74.922, 90.028, 107.118, 126.574, 148.241, 173.19, 202.411, 234.913, 271.839, 313.191, 359.045, 410.086, 466.621, 530.327]"
98_A3_16_8F_EA_5C,795,"[-35, -34, -33, -32, -31, -30, -29, -28, -27, -26, -25, -24, -23, -22, -21, -20, -19, -18, -17, -16, -15, -14, -13, -12, -11, -10, -9, -8]","[4.349, 5.417, 6.79, 8.545, 10.681, 13.504, 16.709, 20.752, 25.711, 31.815, 38.376, 47.303, 58.137, 70.726, 85.298, 102.007, 120.851, 142.443, 166.629, 193.713, 226.253, 262.76, 302.0905, 347.219, 397.116, 452.46799999999996, 514.611, 582.818]"
98_A3_16_8F_EA_5C,805,"[-35, -34, -33, -32, -31, -30, -29, -28, -27, -26, -25, -24, -23, -22, -21, -20, -19, -18, -17, -16, -15, -14, -13, -12, -11, -10, -9, -8]","[4.883, 6.1419999999999995, 7.744, 9.689, 12.131, 15.106, 18.921, 23.499, 29.068, 35.897000000000006, 43.87, 54.322, 66.3, 80.5295, 97.047, 115.663, 136.797, 160.601, 187.076, 217.06, 253.147, 292.058, 336.004, 385.214, 439.536, 499.657, 567.254, 641.222]"
98_A3_16_8F_EA_5C,815,"[-35, -34, -33, -32, -31, -30, -29, -28, -27, -26, -25, -24, -23, -22, -21, -20, -19, -18, -17, -16, -15, -14, -13, -12, -11, -10, -9, -8]","[5.417, 6.943, 8.621, 10.91, 13.657, 17.014, 21.363, 26.551, 32.92100000000001, 40.665, 50.05, 61.9135, 75.456, 91.783, 110.246, 130.999, 154.192, 180.896, 210.422, 243.34300000000002, 281.987, 325.856, 373.77, 427.634, 486.763, 552.224, 624.704, 706.073]"
98_A3_16_8F_EA_5C,825,"[-35, -34, -33, -32, -31, -30, -29, -28, -27, -26, -25, -24, -23, -22, -21, -20, -19, -18, -17, -16, -15, -14, -13, -12, -11, -10, -9, -8]","[6.18, 7.706, 9.689, 12.207, 15.335, 19.303, 24.109, 29.984, 37.308, 46.082, 57.374, 70.649, 86.748, 104.372, 125.505, 148.547, 174.868, 204.395, 237.049, 273.365, 315.328, 363.432, 416.037, 473.793, 538.338, 610.819, 689.784, 777.066]"
98_A3_16_8F_EA_5C,835,"[-35, -34, -33, -32, -31, -30, -29, -28, -27, -26, -25, -24, -23, -22, -21, -20, -19, -18, -17, -16, -15, -14, -13, -12, -11, -10, -9, -8]","[6.79, 8.545, 10.834, 13.657, 17.2045, 21.515, 27.008, 33.875, 42.191, 52.11, 65.156, 80.262, 98.421, 119.097, 142.443, 168.46, 197.681, 230.64, 266.88, 307.012, 352.712, 405.661, 463.34, 527.81, 598.535, 676.738, 764.019, 860.38]"
98_A3_16_8F_EA_5C,845,"[-35, -34, -33, -32, -31, -30, -29, -28, -27, -26, -25, -24, -23, -22, -21, -20, -19, -18, -17, -16, -15, -14, -13, -12, -11, -10, -9, -8]","[7.401, 9.384, 11.826, 14.954, 18.921, 23.88, 30.06, 37.766, 47.15, 58.632999999999996, 73.701, 91.325, 111.391, 134.356, 160.601, 190.127, 223.239, 259.556, 300.298, 345.007, 395.666, 454.1465, 518.044, 588.884, 666.896, 751.354, 848.096, 953.765]"
98_A3_16_8F_EA_5C,855,"[-35, -34, -33, -32, -31, -30, -29, -28, -27, -26, -25, -24, -23, -22, -21, -20, -19, -18, -17, -16, -15, -14, -13, -12, -11, -10, -9, -8]","[7.858, 9.995, 12.741, 16.251, 20.6, 25.94, 32.883, 41.581, 52.033, 65.003, 81.483, 101.282, 123.827, 149.996, 178.912, 212.558, 249.18, 290.15, 335.126, 385.367, 441.367, 506.294, 577.172, 655.68, 743.267, 837.873, 943.313, 1057.984]"
98_A3_16_8F_EA_5C,865,"[-35, -34, -33, -32, -31, -30, -29, -28, -27, -26, -25, -24, -23, -22, -21, -20, -19, -18, -17, -16, -15, -14, -13, -12, -11, -10, -9, -8]","[8.316, 10.529, 13.352, 17.014, 21.515, 27.39, 34.7525, 44.175, 55.772, 69.81, 87.053, 108.186, 134.127, 162.661, 195.163, 232.013, 272.755, 318.379, 369.0775, 424.735, 487.793, 560.273, 640.803, 728.237, 823.758, 930.343, 1046.845, 1176.547]"
98_A3_16_8F_EA_5C,875,"[-35, -34, -33, -32, -31, -30, -29, -28, -27, -26, -25, -24, -23, -22, -21, -20, -19, -18, -17, -16, -15, -14, -13, -12, -11, -10, -9, -8]","[8.469, 10.605, 13.504, 17.128, 21.744, 27.848, 35.325, 44.938, 56.992, 71.717, 89.265, 112.116, 139.239, 169.375, 205.844, 245.40300000000002, 290.608, 340.963, 396.429, 458.534, 528.573, 609.14, 698.863, 796.063, 902.113, 1021.82, 1151.064, 1293.965]"
98_A3_16_8F_EA_5C,885,"[-35, -34, -33, -32, -31, -30, -29, -28, -27, -26, -25, -24, -23, -22, -21, -20, -19, -18, -17, -16, -15, -14, -13, -12, -11, -10, -9, -8]","[8.011, 10.262, 13.046, 16.556, 21.134, 26.856, 34.257, 43.412, 55.238, 69.81, 87.892, 110.971, 137.407, 169.68, 207.065, 249.3705, 296.864, 350.805, 411.307, 478.218, 553.75, 642.1, 740.52, 849.317, 968.261, 1098.1535, 1239.872, 1396.964]"
98_A3_16_8F_EA_5C,895,"[-35, -34, -33, -32, -31, -30, -29, -28, -27, -26, -25, -24, -23, -22, -21, -20, -19, -18, -17, -16, -15, -14, -13, -12, -11, -10, -9, -8]","[7.63, 9.613, 12.284, 15.64, 19.76, 25.177, 31.968, 40.589, 51.499, 64.851, 82.704, 104.753, 130.808, 162.16500000000002, 198.672, 240.864, 289.616, 344.396, 407.111, 477.76, 556.725, 647.822, 752.88, 869.726, 997.635, 1139.849, 1290.99, 1462.425]"
98_A3_16_8F_EA_5C,905,"[-35, -34, -33, -32, -31, -30, -29, -28, -27, -26, -25, -24, -23, -22, -21, -20, -19, -18, -17, -16, -15, -14, -13, -12, -11, -10, -9, -8]","[7.172, 9.079, 11.406, 14.42, 18.311, 23.194, 29.374, 37.156, 46.921, 59.052, 75.914, 96.132, 120.317, 149.004, 183.261, 223.392, 269.78, 322.881, 384.5655, 454.261, 530.327, 624.857, 732.1659999999999, 852.445, 985.199, 1131.38, 1292.058, 1472.038]"
98_A3_16_8F_EA_5C,915,"[-35, -34, -33, -32, -31, -30, -29, -28, -27, -26, -25, -24, -23, -22, -21, -20, -19, -18, -17, -16, -15, -14, -13, -12, -11, -10, -9, -8]","[6.5995, 8.316, 10.4905, 13.237, 16.785, 21.134, 26.78, 33.722, 42.573, 53.407, 68.208, 86.366, 108.186, 134.279, 164.95, 201.19, 243.992, 293.202, 349.966, 415.427, 489.509, 582.589, 684.825, 803.082, 932.479, 1080.949, 1243.076, 1423.743]"
98_A3_16_8F_EA_5C,925,"[-35, -34, -33, -32, -31, -30, -29, -28, -27, -26, -25, -24, -23, -22, -21, -20, -19, -18, -17, -16, -15, -14, -13, -12, -11, -10, -9, -8]","[6.104, 7.706, 9.766, 12.284, 15.488, 19.532, 24.567, 30.976, 38.758, 48.524, 61.760999999999996, 77.745, 97.047, 120.394, 147.936, 180.3235, 219.043, 263.447, 315.328, 375.448, 445.716, 532.387, 628.405, 740.368, 864.347, 1005.417, 1164.797, 1340.2]"
98_A3_16_8F_EA_5C,935,"[-35, -34, -33, -32, -31, -30, -29, -28, -27, -26, -25, -24, -23, -22, -21, -20, -19, -18, -17, -16, -15, -14, -13, -12, -11, -10, -9, -8]","[5.798, 7.324, 9.1935, 11.521, 14.572, 18.349, 22.965, 28.84, 36.164, 45.09, 56.306, 70.726, 88.197, 109.407, 133.631, 163.729, 198.367, 238.193, 284.886, 339.818, 406.806, 486.763, 575.418, 677.729, 795.453, 928.283, 1079.347, 1246.662]"
98_A3_16_8F_EA_5C,945,"[-35, -34, -33, -32, -31, -30, -29, -28, -27, -26, -25, -24, -23, -22, -21, -20, -19, -18, -17, -16, -15, -14, -13, -12, -11, -10, -9, -8]","[5.493, 6.943, 8.698, 10.948, 13.809, 17.319, 21.668, 27.198999999999998, 33.951, 42.191, 51.423, 64.927, 80.911, 99.985, 122.911, 149.615, 180.972, 217.632, 260.471, 309.606, 372.702, 446.098, 527.733, 622.187, 731.289, 854.887, 996.338, 1153.735]"
98_A3_16_8F_EA_5C,955,"[-35, -34, -33, -32, -31, -30, -29, -28, -27, -26, -25, -24, -23, -22, -21, -20, -19, -18, -17, -16, -15, -14, -13, -12, -11, -10, -9, -8]","[5.188, 6.638, 8.316, 10.376, 13.123, 16.48, 20.6, 25.749499999999998, 32.12, 39.826, 47.837, 60.121, 74.769, 92.47, 113.222, 137.942, 166.857, 199.969, 239.49, 285.344, 343.252, 409.094, 485.962, 573.053, 673.953, 788.815, 918.593, 1067.521]"
98_A3_16_8F_EA_5C,965,"[-35, -34, -33, -32, -31, -30, -29, -28, -27, -26, -25, -24, -23, -22, -21, -20, -19, -18, -17, -16, -15, -14, -13, -12, -11, -10, -9, -8]","[4.959, 6.256, 7.858, 9.842, 12.436, 15.64, 19.379, 24.338, 30.365, 37.842, 44.48, 55.924, 69.352, 85.756, 104.753, 127.871, 154.803, 185.626, 222.095, 264.439, 317.693, 378.5, 448.157, 530.327, 622.301, 727.321, 849.6605, 987.259]"
98_A3_16_8F_EA_5C,975,"[-35, -34, -33, -32, -31, -30, -29, -28, -27, -26, -25, -24, -23, -22, -21, -20, -19, -18, -17, -16, -15, -14, -13, -12, -11, -10, -9, -8]","[4.807, 5.989, 7.477, 9.384, 11.826, 14.839500000000001, 18.54, 23.117, 28.84, 35.820499999999996, 41.886, 52.415, 65.003, 80.262, 98.421, 119.402, 144.732, 173.953, 207.752, 247.23399999999998, 296.178, 352.789, 417.563, 492.79, 579.957, 677.806, 792.248, 920.958]"
98_A3_16_8F_EA_5C,985,"[-35, -34, -33, -32, -31, -30, -29, -28, -27, -26, -25, -24, -23, -22, -21, -20, -19, -18, -17, -16, -15, -14, -13, -12, -11, -10, -9, -8]","[4.501, 5.722, 7.172, 8.927, 11.215, 14.115, 17.624, 21.973, 27.237, 33.9895, 39.673, 49.668, 61.799, 76.295, 93.385, 113.68, 137.331, 165.103, 197.07, 234.531, 277.028, 329.976, 392.081, 462.501, 542.916, 636.301, 742.542, 863.432]"
98_A3_16_8F_EA_5C,995,"[-35, -34, -33, -32, -31, -30, -29, -28, -27, -26, -25, -24, -23, -22, -21, -20, -19, -18, -17, -16, -15, -14, -13, -12, -11, -10, -9, -8]","[4.273, 5.417, 6.714, 8.507, 10.605, 13.352, 16.632, 20.752, 25.788, 31.929499999999997, 37.919, 47.340999999999994, 58.671, 72.175, 89.036, 108.11, 130.694, 157.015, 187.533, 222.858, 261.769, 311.894, 369.039, 434.577, 512.932, 599.832, 700.1985, 814.374]"
58_E6_C5_00_FE_C8,705,"[-35, -34, -33, -32, -31, -30, -29, -28, -27, -26, -25, -24, -23, -22, -21, -20, -19, -18, -17, -16, -15, -14, -13, -12, -11, -10, -9, -8]","[1.45, 1.755, 2.289, 2.823, 3.586, 4.501, 5.57, 7.019, 8.698, 10.834, 13.733, 17.166, 21.248, 26.246, 32.12, 39.292, 47.646, 57.374, 68.818, 82.017, 98.726, 116.732, 137.9035, 161.212, 187.915, 217.517, 252.232, 290.15]"
58_E6_C5_00_FE_C8,715,"[-35, -34, -33, -32, -31, -30, -29, -28, -27, -26, -25, -24, -23, -22, -21, -20, -19, -18, -17, -16, -15, -14, -13, -12, -11, -10, -9, -8]","[1.678, 2.136, 2.67, 3.319, 4.1579999999999995, 5.264, 6.561, 8.164, 10.147, 12.589, 15.717, 19.455, 24.186, 29.603, 36.431, 44.251, 53.407, 64.317, 76.753, 91.173, 109.255, 128.176, 151.064, 176.661, 205.272, 237.507, 274.052, 314.565]"
58_E6_C5_00_FE_C8,725,"[-35, -34, -33, -32, -31, -30, -29, -28, -27, -26, -25, -24, -23, -22, -21, -20, -19, -18, -17, -16, -15, -14, -13, -12, -11, -10, -9, -8]","[1.984, 2.441, 3.128, 3.891, 4.959, 6.104, 7.668, 9.537, 11.826, 14.649, 17.853, 22.049, 27.314, 33.494, 40.894, 49.668, 59.892, 71.641, 85.298, 101.015, 119.86, 141.299, 164.91199999999998, 192.798, 222.82, 257.801, 296.712, 340.429]"
58_E6_C5_00_FE_C8,735,"[-35, -34, -33, -32, -31, -30, -29, -28, -27, -26, -25, -24, -23, -22, -21, -20, -19, -18, -17, -16, -15, -14, -13, -12, -11, -10, -9, -8]","[2.289, 2.899, 3.586, 4.501, 5.646, 7.095, 8.927, 10.986, 13.657, 16.938, 20.294, 24.949, 30.747, 37.842, 46.006, 55.619, 66.835, 79.728, 94.682, 111.543, 131.38, 154.421, 179.675, 208.972, 241.779, 278.935, 320.516, 365.835]"
58_E6_C5_00_FE_C8,745,"[-35, -34, -33, -32, -31, -30, -29, -28, -27, -26, -25, -24, -23, -22, -21, -20, -19, -18, -17, -16, -15, -14, -13, -12, -11, -10, -9, -8]","[2.67, 3.357, 4.12, 5.264, 6.561, 8.24, 10.224, 12.741, 15.793, 19.455, 22.965, 28.458, 34.943, 42.649, 51.652, 62.333, 74.617, 88.846, 105.058, 123.369, 143.74, 167.926, 196.307, 227.741, 262.837, 302.663, 346.303, 395.285]"
58_E6_C5_00_FE_C8,755,"[-35, -34, -33, -32, -31, -30, -29, -28, -27, -26, -25, -24, -23, -22, -21, -20, -19, -18, -17, -16, -15, -14, -13, -12, -11, -10, -9, -8]","[3.052, 3.815, 4.807, 6.027, 7.553, 9.461, 11.826, 14.610499999999998, 18.082, 22.278, 26.017, 32.12, 39.445, 47.99, 58.137, 69.734, 83.391, 98.955, 116.503, 136.263, 158.5795, 184.7485, 215.305, 248.569, 286.793, 328.908, 375.677, 428.855]"
58_E6_C5_00_FE_C8,765,"[-35, -34, -33, -32, -31, -30, -29, -28, -27, -26, -25, -24, -23, -22, -21, -20, -19, -18, -17, -16, -15, -14, -13, -12, -11, -10, -9, -8]","[3.51, 4.349, 5.493, 6.943, 8.698, 10.834, 13.504, 16.632, 20.676, 25.406, 29.526, 36.393, 44.785, 54.17, 65.385, 78.202, 93.385, 110.132, 129.244, 150.912, 175.174, 204.242, 236.744, 273.289, 313.9925, 358.511, 409.781, 466.773]"
58_E6_C5_00_FE_C8,775,"[-35, -34, -33, -32, -31, -30, -29, -28, -27, -26, -25, -24, -23, -22, -21, -20, -19, -18, -17, -16, -15, -14, -13, -12, -11, -10, -9, -8]","[4.044, 5.035, 6.256, 7.8965, 9.918, 12.284, 15.297, 18.997, 23.423, 28.763, 33.875, 41.428, 50.7745, 61.265, 73.777, 88.273, 104.524, 123.064, 143.893, 167.544, 195.239, 226.291, 261.54, 301.213, 345.235, 394.293, 448.844, 509.575]"
58_E6_C5_00_FE_C8,785,"[-35, -34, -33, -32, -31, -30, -29, -28, -27, -26, -25, -24, -23, -22, -21, -20, -19, -18, -17, -16, -15, -14, -13, -12, -11, -10, -9, -8]","[4.578, 5.798, 7.248, 9.003, 11.292, 14.115, 17.548, 21.706, 26.78, 32.807, 38.682, 47.684, 58.213, 70.191, 84.154, 100.175, 118.2955, 138.628, 161.517, 187.457, 218.28, 252.384, 290.761, 334.02, 381.857, 435.111, 494.278, 560.922]"
58_E6_C5_00_FE_C8,795,"[-35, -34, -33, -32, -31, -30, -29, -28, -27, -26, -25, -24, -23, -22, -21, -20, -19, -18, -17, -16, -15, -14, -13, -12, -11, -10, -9, -8]","[5.264, 6.638, 8.24, 10.376, 12.97, 16.251, 20.066, 24.949, 30.48, 37.461, 45.09, 55.085, 66.987, 80.682, 96.284, 114.061, 134.051, 156.634, 182.04, 210.422, 244.678, 282.826, 324.025, 371.099, 423.362, 481.2315, 546.349, 617.685]"
58_E6_C5_00_FE_C8,805,"[-35, -34, -33, -32, -31, -30, -29, -28, -27, -26, -25, -24, -23, -22, -21, -20, -19, -18, -17, -16, -15, -14, -13, -12, -11, -10, -9, -8]","[6.027, 7.63, 9.537, 11.978, 14.954, 18.654, 23.117, 28.611, 35.0575, 42.84, 52.11, 63.859, 76.982, 92.4315, 110.056, 129.778, 152.285, 177.31, 205.081, 236.591, 274.51, 315.2895, 361.257, 412.909, 469.673, 532.769, 603.647, 681.239]"
58_E6_C5_00_FE_C8,815,"[-35, -34, -33, -32, -31, -30, -29, -28, -27, -26, -25, -24, -23, -22, -21, -20, -19, -18, -17, -16, -15, -14, -13, -12, -11, -10, -9, -8]","[6.943, 8.774, 10.948, 13.809, 17.166, 21.363, 26.665, 32.807, 40.36, 49.21, 60.197, 73.472, 88.426, 106.05, 125.811, 147.86, 172.503, 200.504, 231.556, 266.117, 306.783, 352.712, 403.143, 459.525, 521.706, 590.448, 666.59, 752.041]"
58_E6_C5_00_FE_C8,825,"[-35, -34, -33, -32, -31, -30, -29, -28, -27, -26, -25, -24, -23, -22, -21, -20, -19, -18, -17, -16, -15, -14, -13, -12, -11, -10, -9, -8]","[8.011, 10.071, 12.665, 15.793, 19.837, 24.72, 30.671, 37.842, 46.54, 56.611, 69.81, 84.688, 102.312, 121.462, 143.969, 168.688, 196.384, 227.588, 261.959, 300.221, 344.396, 394.865, 450.141, 510.872, 578.927, 655.222, 738.384, 830.32]"
58_E6_C5_00_FE_C8,835,"[-35, -34, -33, -32, -31, -30, -29, -28, -27, -26, -25, -24, -23, -22, -21, -20, -19, -18, -17, -16, -15, -14, -13, -12, -11, -10, -9, -8]","[9.003, 11.444, 14.42, 18.158, 22.812, 28.382, 35.172, 43.641, 53.559, 65.232, 80.262, 97.162, 117.113, 139.467, 164.569, 192.187, 223.163, 258.03, 296.178, 338.674, 386.587, 442.283, 503.319, 571.374, 646.067, 728.466, 820.706, 922.637]"
58_E6_C5_00_FE_C8,845,"[-35, -34, -33, -32, -31, -30, -29, -28, -27, -26, -25, -24, -23, -22, -21, -20, -19, -18, -17, -16, -15, -14, -13, -12, -11, -10, -9, -8]","[10.071, 12.818, 16.175, 20.447, 25.559, 32.044, 39.979, 49.439, 60.883, 74.464, 91.554, 111.238, 133.288, 158.16, 186.236, 217.746, 252.995, 291.371, 334.478, 381.819, 435.34, 497.063, 564.813, 639.696, 722.362, 811.627, 914.321, 1026.398]"
58_E6_C5_00_FE_C8,855,"[-35, -34, -33, -32, -31, -30, -29, -28, -27, -26, -25, -24, -23, -22, -21, -20, -19, -18, -17, -16, -15, -14, -13, -12, -11, -10, -9, -8]","[10.91, 13.809, 17.624, 22.354, 28.153, 35.325, 44.251, 55.085, 67.903, 83.314, 101.73949999999999, 123.751, 148.5085, 176.852, 207.904, 243.801, 282.75, 326.238, 373.922, 427.329, 486.801, 555.657, 630.961, 714.275, 807.355, 907.988, 1020.066, 1142.062]"
58_E6_C5_00_FE_C8,865,"[-35, -34, -33, -32, -31, -30, -29, -28, -27, -26, -25, -24, -23, -22, -21, -20, -19, -18, -17, -16, -15, -14, -13, -12, -11, -10, -9, -8]","[11.444, 14.496, 18.387, 23.346, 29.45, 37.156, 46.845, 58.595, 72.709, 89.342, 108.415, 132.029, 160.449, 191.196, 226.215, 265.507, 308.766, 357.29, 411.154, 470.13, 537.957, 614.786, 700.542, 793.622, 895.323, 1008.85, 1133.211, 1271.687]"
58_E6_C5_00_FE_C8,875,"[-35, -34, -33, -32, -31, -30, -29, -28, -27, -26, -25, -24, -23, -22, -21, -20, -19, -18, -17, -16, -15, -14, -13, -12, -11, -10, -9, -8]","[11.292, 14.343, 18.235, 23.117, 29.221, 37.156, 46.616, 58.595, 73.167, 90.486, 109.941, 135.348, 164.95, 197.337, 236.439, 278.515, 326.543, 379.797, 438.5825, 504.387, 579.4995, 664.988, 760.357, 863.8515, 976.921, 1104.677, 1242.771, 1395.666]"
58_E6_C5_00_FE_C8,885,"[-35, -34, -33, -32, -31, -30, -29, -28, -27, -26, -25, -24, -23, -22, -21, -20, -19, -18, -17, -16, -15, -14, -13, -12, -11, -10, -9, -8]","[10.605, 13.504, 17.166, 21.668, 27.543, 34.791, 44.022, 55.009, 69.047, 85.908, 105.974, 131.304, 159.991, 194.324, 233.997, 278.553, 328.679, 385.29, 448.92, 519.341, 599.222, 692.378, 796.674, 912.184, 1038.453, 1176.623, 1327.916, 1495.46]"
58_E6_C5_00_FE_C8,895,"[-35, -34, -33, -32, -31, -30, -29, -28, -27, -26, -25, -24, -23, -22, -21, -20, -19, -18, -17, -16, -15, -14, -13, -12, -11, -10, -9, -8]","[9.689, 12.207, 15.564, 19.76, 24.949, 31.586, 39.7115, 49.897, 62.370999999999995, 77.516, 97.353, 121.157, 148.928, 181.964, 219.959, 263.905, 314.641, 371.28999999999996, 436.37, 509.804, 591.325, 686.275, 796.216, 918.593, 1053.292, 1203.25, 1363.241, 1544.976]"
58_E6_C5_00_FE_C8,905,"[-35, -34, -33, -32, -31, -30, -29, -28, -27, -26, -25, -24, -23, -22, -21, -20, -19, -18, -17, -16, -15, -14, -13, -12, -11, -10, -9, -8]","[8.774, 10.986, 13.962, 17.624, 22.316, 28.229, 35.363, 44.327, 55.314, 68.666, 87.2435, 108.721, 134.127, 163.958, 199.01600000000002, 240.253, 287.48, 341.573, 404.44, 475.547, 552.377, 649.042, 759.136, 883.154, 1020.447, 1172.198, 1339.666, 1528.344]"
58_E6_C5_00_FE_C8,915,"[-35, -34, -33, -32, -31, -30, -29, -28, -27, -26, -25, -24, -23, -22, -21, -20, -19, -18, -17, -16, -15, -14, -13, -12, -11, -10, -9, -8]","[7.858, 9.918, 12.512, 15.717, 19.913, 24.949, 31.357, 39.292, 48.905, 60.731, 76.982, 96.132, 118.715, 145.495, 176.623, 213.321, 256.352, 305.867, 362.631, 428.397, 502.327, 595.789, 698.863, 818.303, 949.683, 1100.938, 1267.033, 1452.7734999999998]"
58_E6_C5_00_FE_C8,925,"[-35, -34, -33, -32, -31, -30, -29, -28, -27, -26, -25, -24, -23, -22, -21, -20, -19, -18, -17, -16, -15, -14, -13, -12, -11, -10, -9, -8]","[7.095, 8.927, 11.368, 14.343, 17.929, 22.583, 28.305, 35.325, 43.793, 54.398, 68.666, 85.374, 105.211, 129.015, 156.863, 189.364, 228.046, 272.221, 323.72, 383.459, 453.117, 539.33, 634.775, 746.395, 870.222, 1011.673, 1172.198, 1349.508]"
58_E6_C5_00_FE_C8,935,"[-35, -34, -33, -32, -31, -30, -29, -28, -27, -26, -25, -24, -23, -22, -21, -20, -19, -18, -17, -16, -15, -14, -13, -12, -11, -10, -9, -8]","[6.5995, 8.392, 10.529, 13.199, 16.632, 20.752, 26.017, 32.425, 40.36, 49.858999999999995, 61.875, 77.058, 94.911, 116.503, 140.841, 171.054, 205.539, 245.06, 291.218, 345.388, 411.994, 490.73, 578.393, 679.561, 796.139, 927.901, 1078.317, 1245.518]"
58_E6_C5_00_FE_C8,945,"[-35, -34, -33, -32, -31, -30, -29, -28, -27, -26, -25, -24, -23, -22, -21, -20, -19, -18, -17, -16, -15, -14, -13, -12, -11, -10, -9, -8]","[6.18, 7.782, 9.804, 12.436, 15.564, 19.455, 24.338, 30.289, 37.613, 46.387, 56.077, 70.115, 86.519, 105.898, 128.939, 155.718, 186.923, 223.392, 265.698, 314.336, 376.822, 449.149, 529.488, 622.606, 730.297, 852.369, 992.294, 1148.47]"
58_E6_C5_00_FE_C8,955,"[-35, -34, -33, -32, -31, -30, -29, -28, -27, -26, -25, -24, -23, -22, -21, -20, -19, -18, -17, -16, -15, -14, -13, -12, -11, -10, -9, -8]","[5.8365, 7.401, 9.308, 11.673, 14.649, 18.387, 22.889, 28.458, 35.325, 43.565, 51.881, 64.622, 79.652, 97.658, 118.639, 143.435, 172.274, 205.158, 244.373, 289.693, 346.99, 411.994, 487.755, 573.739, 673.152, 786.374, 914.626, 1062.028]"
58_E6_C5_00_FE_C8,965,"[-35, -34, -33, -32, -31, -30, -29, -28, -27, -26, -25, -24, -23, -22, -21, -20, -19, -18, -17, -16, -15, -14, -13, -12, -11, -10, -9, -8]","[5.5315, 6.943, 8.774, 11.0245, 13.886, 17.319, 21.515, 26.818, 33.265, 41.123, 48.142, 59.968, 73.777, 90.562, 109.789, 132.906, 159.915, 190.661, 226.902, 268.864, 321.66, 381.7425, 450.37, 531.548, 622.339, 725.948, 846.761, 982.834]"
58_E6_C5_00_FE_C8,975,"[-35, -34, -33, -32, -31, -30, -29, -28, -27, -26, -25, -24, -23, -22, -21, -20, -19, -18, -17, -16, -15, -14, -13, -12, -11, -10, -9, -8]","[5.264, 6.5995, 8.316, 10.3, 13.084499999999998, 16.327, 20.371, 25.406, 31.434, 38.911, 45.167, 56.077, 69.047, 84.611, 103.075, 124.285, 149.615, 178.759, 212.406, 251.698, 300.145, 356.146, 420.31, 494.621, 580.758, 677.501, 790.646, 917.906]"
58_E6_C5_00_FE_C8,985,"[-35, -34, -33, -32, -31, -30, -29, -28, -27, -26, -25, -24, -23, -22, -21, -20, -19, -18, -17, -16, -15, -14, -13, -12, -11, -10, -9, -8]","[4.959, 6.218, 7.858, 9.842, 12.36, 15.412, 19.303, 24.033, 29.603, 36.698, 42.725, 53.025, 65.614, 80.339, 97.658, 118.105, 141.909, 169.604, 201.572, 238.956, 280.842, 333.486, 394.98, 464.79, 544.366, 636.835, 741.97, 861.677]"
58_E6_C5_00_FE_C8,995,"[-35, -34, -33, -32, -31, -30, -29, -28, -27, -26, -25, -24, -23, -22, -21, -20, -19, -18, -17, -16, -15, -14, -13, -12, -11, -10, -9, -8]","[4.654, 5.875, 7.324, 9.232, 11.521, 14.496, 18.082, 22.507, 27.848, 34.333, 40.589, 50.431, 62.104, 75.914, 93.004, 112.306, 134.89, 161.288, 191.806, 227.054, 265.583, 315.2895, 372.015, 436.942, 514.687, 600.824, 700.313, 813.535]"
58_E6_C5_01_12_50,705,"[-35, -34, -33, -32, -31, -30, -29, -28, -27, -26, -25, -24, -23, -22, -21, -20, -19, -18, -17, -16, -15, -14, -13, -12, -11, -10, -9, -8]","[1.678, 1.984, 2.518, 3.128, 3.891, 4.807, 6.027, 7.477, 9.308, 11.521, 14.572, 18.235, 22.507, 27.771, 33.913, 41.352, 50.05, 60.197, 72.099, 85.832, 103.2655, 121.767, 143.816, 168.002, 195.621, 226.215, 261.997, 301.289]"
58_E6_C5_01_12_50,715,"[-35, -34, -33, -32, -31, -30, -29, -28, -27, -26, -25, -24, -23, -22, -21, -20, -19, -18, -17, -16, -15, -14, -13, -12, -11, -10, -9, -8]","[1.907, 2.441, 2.899, 3.662, 4.578, 5.722, 7.095, 8.774, 10.91, 13.428, 16.785, 20.752, 25.711, 31.51, 38.605, 46.845, 56.458, 67.826, 80.873, 95.903, 114.748, 134.432, 158.312, 184.863, 214.618, 248.035, 285.954, 327.993]"
58_E6_C5_01_12_50,725,"[-35, -34, -33, -32, -31, -30, -29, -28, -27, -26, -25, -24, -23, -22, -21, -20, -19, -18, -17, -16, -15, -14, -13, -12, -11, -10, -9, -8]","[2.213, 2.747, 3.433, 4.349, 5.341, 6.714, 8.316, 10.3, 12.741, 15.754999999999999, 19.15, 23.651, 29.145, 35.782, 43.641, 52.8345, 63.554, 75.99, 90.257, 106.737, 126.497, 148.928, 173.571, 202.564, 233.997, 270.39, 310.979, 356.451]"
58_E6_C5_01_12_50,735,"[-35, -34, -33, -32, -31, -30, -29, -28, -27, -26, -25, -24, -23, -22, -21, -20, -19, -18, -17, -16, -15, -14, -13, -12, -11, -10, -9, -8]","[2.594, 3.204, 3.967, 5.035, 6.256, 7.782, 9.689, 12.055, 14.839500000000001, 18.311, 21.897, 26.894, 33.112, 40.665, 49.363, 59.51, 71.412, 85.031, 100.71, 118.486, 139.315, 163.577, 190.051, 220.722, 255.055, 294.041, 337.53, 384.909]"
58_E6_C5_01_12_50,745,"[-35, -34, -33, -32, -31, -30, -29, -28, -27, -26, -25, -24, -23, -22, -21, -20, -19, -18, -17, -16, -15, -14, -13, -12, -11, -10, -9, -8]","[3.0140000000000002, 3.738, 4.654, 5.798, 7.248, 9.079, 11.215, 13.962, 17.243, 21.21, 25.025, 30.823, 37.842, 46.1205, 55.772, 67.14, 80.186, 95.369, 112.42099999999999, 131.762, 153.277, 178.836, 208.667, 241.779, 278.706, 320.516, 366.445, 417.945]"
58_E6_C5_01_12_50,755,"[-35, -34, -33, -32, -31, -30, -29, -28, -27, -26, -25, -24, -23, -22, -21, -20, -19, -18, -17, -16, -15, -14, -13, -12, -11, -10, -9, -8]","[3.433, 4.349, 5.417, 6.79, 8.469, 10.529, 13.046, 16.098, 19.837, 24.414, 28.534, 35.172, 43.03, 52.262, 63.249, 75.532, 90.181, 106.737, 125.429, 146.41, 170.138, 197.833, 230.182, 265.278, 305.791, 350.271, 399.71, 455.711]"
58_E6_C5_01_12_50,765,"[-35, -34, -33, -32, -31, -30, -29, -28, -27, -26, -25, -24, -23, -22, -21, -20, -19, -18, -17, -16, -15, -14, -13, -12, -11, -10, -9, -8]","[3.967, 4.959, 6.218, 7.782, 9.689, 12.055, 15.03, 18.54, 22.812, 28.077, 32.654, 40.131, 49.172, 59.358, 71.565, 85.298, 101.625, 119.478, 140.002, 163.272, 188.983, 219.959, 254.597, 293.355, 336.69, 383.993, 438.3535, 498.894]"
58_E6_C5_01_12_50,775,"[-35, -34, -33, -32, -31, -30, -29, -28, -27, -26, -25, -24, -23, -22, -21, -20, -19, -18, -17, -16, -15, -14, -13, -12, -11, -10, -9, -8]","[4.578, 5.722, 7.172, 9.003, 11.139, 13.886, 17.166, 21.21, 26.169, 31.968, 37.69, 46.006, 56.229, 67.674, 81.254, 96.971, 114.519, 134.432, 156.97699999999998, 182.345, 212.1, 245.289, 282.979, 325.475, 372.473, 424.887, 483.139, 547.951]"
58_E6_C5_01_12_50,785,"[-35, -34, -33, -32, -31, -30, -29, -28, -27, -26, -25, -24, -23, -22, -21, -20, -19, -18, -17, -16, -15, -14, -13, -12, -11, -10, -9, -8]","[5.264, 6.638, 8.24, 10.262, 12.818, 16.022, 19.837, 24.491, 30.137, 36.774, 43.412, 53.33, 64.927, 78.126, 93.385, 110.781, 130.541, 152.59, 177.234, 205.386, 238.651, 275.31100000000004, 316.701, 363.165, 414.664, 471.809, 535.363, 606.851]"
58_E6_C5_01_12_50,795,"[-35, -34, -33, -32, -31, -30, -29, -28, -27, -26, -25, -24, -23, -22, -21, -20, -19, -18, -17, -16, -15, -14, -13, -12, -11, -10, -9, -8]","[6.027, 7.553, 9.461, 11.902, 14.801, 18.463, 22.812, 28.229, 34.485, 42.3055, 50.889, 61.952, 75.227, 90.333, 107.424, 126.879, 148.8135, 173.571, 201.114, 232.013, 269.245, 310.521, 355.154, 406.348, 462.654, 525.292, 595.712, 672.923]"
58_E6_C5_01_12_50,805,"[-35, -34, -33, -32, -31, -30, -29, -28, -27, -26, -25, -24, -23, -22, -21, -20, -19, -18, -17, -16, -15, -14, -13, -12, -11, -10, -9, -8]","[7.019, 8.774, 10.986, 13.733, 17.09, 21.286, 26.474, 32.578, 39.902, 48.7145, 59.129, 72.328, 86.976, 104.067, 123.674, 145.418, 170.138, 197.604, 228.122, 262.608, 303.883, 348.592, 398.795, 454.948, 516.9375, 585.6795, 662.776, 747.158]"
58_E6_C5_01_12_50,815,"[-35, -34, -33, -32, -31, -30, -29, -28, -27, -26, -25, -24, -23, -22, -21, -20, -19, -18, -17, -16, -15, -14, -13, -12, -11, -10, -9, -8]","[8.011, 10.071, 12.589, 15.869, 19.76, 24.491, 30.518, 37.613, 46.159, 56.229, 68.513, 83.581, 100.28999999999999, 119.936, 141.985, 166.476, 193.7515, 224.765, 259.06, 297.169, 341.878, 392.462, 447.776, 509.728, 577.935, 653.468, 736.934, 830.472]"
58_E6_C5_01_12_50,825,"[-35, -34, -33, -32, -31, -30, -29, -28, -27, -26, -25, -24, -23, -22, -21, -20, -19, -18, -17, -16, -15, -14, -13, -12, -11, -10, -9, -8]","[9.155, 11.521, 14.496, 18.158, 22.66, 28.305, 35.096, 43.259, 53.178, 64.698, 79.5, 96.3225, 116.045, 137.484, 162.89, 190.356, 221.332, 256.123, 294.27, 336.843, 385.519, 441.596, 502.899, 570.153, 645.304, 729.763, 821.546, 923.133]"
58_E6_C5_01_12_50,835,"[-35, -34, -33, -32, -31, -30, -29, -28, -27, -26, -25, -24, -23, -22, -21, -20, -19, -18, -17, -16, -15, -14, -13, -12, -11, -10, -9, -8]","[10.224, 12.894, 16.327, 20.371, 25.635, 32.044, 39.788, 49.439, 60.731, 74.006, 90.639, 109.712, 132.143, 157.321, 185.473, 216.449, 251.392, 290.303, 332.99, 380.484, 433.967, 496.33799999999997, 564.508, 640.307, 723.583, 815.366, 918.059, 1031.51]"
58_E6_C5_01_12_50,845,"[-35, -34, -33, -32, -31, -30, -29, -28, -27, -26, -25, -24, -23, -22, -21, -20, -19, -18, -17, -16, -15, -14, -13, -12, -11, -10, -9, -8]","[11.139, 14.038, 17.777, 22.354, 28.153, 35.401, 44.175, 54.78, 67.597, 82.8945, 101.472, 123.445, 148.165, 176.051, 207.599, 243.076, 282.597, 325.78, 374.113, 427.405, 488.06, 557.412, 633.478, 717.632, 810.254, 910.506, 1025.559, 1150.8735000000001]"
58_E6_C5_01_12_50,855,"[-35, -34, -33, -32, -31, -30, -29, -28, -27, -26, -25, -24, -23, -22, -21, -20, -19, -18, -17, -16, -15, -14, -13, -12, -11, -10, -9, -8]","[11.482500000000002, 14.649, 18.54, 23.499, 29.603, 37.308, 46.845, 58.518, 72.48, 89.342, 108.949, 133.059, 160.372, 191.768, 226.291, 266.346, 309.834, 358.587, 412.222, 472.267, 540.017, 617.6469999999999, 702.525, 796.597, 901.503, 1014.954, 1141.07, 1278.401]"
58_E6_C5_01_12_50,865,"[-35, -34, -33, -32, -31, -30, -29, -28, -27, -26, -25, -24, -23, -22, -21, -20, -19, -18, -17, -16, -15, -14, -13, -12, -11, -10, -9, -8]","[11.444, 14.496, 18.387, 23.27, 29.374, 37.156, 46.769, 58.747, 73.243, 90.486, 110.323, 135.195, 165.408, 198.367, 236.362, 279.164, 326.772, 380.331, 440.146, 505.989, 582.284, 668.727, 765.164, 870.069, 984.588, 1112.497, 1252.613, 1408.103]"
58_E6_C5_01_12_50,875,"[-35, -34, -33, -32, -31, -30, -29, -28, -27, -26, -25, -24, -23, -22, -21, -20, -19, -18, -17, -16, -15, -14, -13, -12, -11, -10, -9, -8]","[10.758, 13.657, 17.319, 21.82, 27.619, 35.019, 43.946, 55.238, 69.2, 85.832, 105.287, 130.465, 160.22, 193.256, 233.387, 277.333, 327.9545, 384.833, 448.081, 519.57, 601.167, 695.277, 800.717, 915.541, 1041.428, 1183.719, 1337.53, 1507.668]"
58_E6_C5_01_12_50,885,"[-35, -34, -33, -32, -31, -30, -29, -28, -27, -26, -25, -24, -23, -22, -21, -20, -19, -18, -17, -16, -15, -14, -13, -12, -11, -10, -9, -8]","[9.689, 12.284, 15.564, 19.608, 24.872, 31.281, 39.521, 49.287, 61.875, 77.058, 96.208, 119.669, 146.487, 179.141, 217.365, 260.929, 310.445, 367.361, 432.135, 504.692, 586.175, 684.062, 794.766, 918.364, 1054.475, 1204.013, 1368.276, 1550.546]"
58_E6_C5_01_12_50,895,"[-35, -34, -33, -32, -31, -30, -29, -28, -27, -26, -25, -24, -23, -22, -21, -20, -19, -18, -17, -16, -15, -14, -13, -12, -11, -10, -9, -8]","[8.621, 10.91, 13.733, 17.395, 21.897, 27.619, 34.638, 43.336, 54.17, 67.14, 85.069, 106.05, 130.694, 160.296, 194.629, 234.76, 281.682, 334.6685, 396.39099999999996, 466.926, 544.213, 637.903, 747.311, 870.985, 1008.24, 1162.661, 1328.679, 1518.578]"
58_E6_C5_01_12_50,905,"[-35, -34, -33, -32, -31, -30, -29, -28, -27, -26, -25, -24, -23, -22, -21, -20, -19, -18, -17, -16, -15, -14, -13, -12, -11, -10, -9, -8]","[7.706, 9.689, 12.207, 15.335, 19.303, 24.3, 30.365, 37.995, 47.227, 58.518, 74.693, 93.156, 114.9, 140.612, 171.206, 206.989, 248.493, 296.33, 352.407, 416.571, 486.229, 575.036, 677.653, 794.69, 925.994, 1072.862, 1236.591, 1423.362]"
58_E6_C5_01_12_50,915,"[-35, -34, -33, -32, -31, -30, -29, -28, -27, -26, -25, -24, -23, -22, -21, -20, -19, -18, -17, -16, -15, -14, -13, -12, -11, -10, -9, -8]","[6.867, 8.621, 10.834, 13.581, 17.2045, 21.363, 26.856, 33.417, 41.581, 51.575, 65.309, 81.483, 100.71, 123.445, 149.92, 181.277, 217.975, 260.624, 309.606, 366.445, 431.678, 513.771, 605.211, 712.367, 831.235, 969.711, 1123.445, 1297.627]"
58_E6_C5_01_12_50,925,"[-35, -34, -33, -32, -31, -30, -29, -28, -27, -26, -25, -24, -23, -22, -21, -20, -19, -18, -17, -16, -15, -14, -13, -12, -11, -10, -9, -8]","[6.18, 7.782, 9.879999999999999, 12.36, 15.412, 19.303, 24.186, 30.137, 37.3465, 46.159, 58.213, 72.251, 89.113, 109.331, 132.906, 160.449, 193.332, 230.793, 274.662, 325.551, 386.206, 460.288, 542.763, 639.811, 748.302, 873.198, 1016.098, 1175.555]"
58_E6_C5_01_12_50,935,"[-35, -34, -33, -32, -31, -30, -29, -28, -27, -26, -25, -24, -23, -22, -21, -20, -19, -18, -17, -16, -15, -14, -13, -12, -11, -10, -9, -8]","[5.798, 7.248, 9.155, 11.368, 14.343, 17.929, 22.316, 27.771, 34.485, 42.573, 52.567, 65.385, 80.568, 98.955, 119.631, 145.266, 174.716, 208.133, 247.5395, 293.507, 350.957, 418.402, 493.324, 580.148, 680.629, 794.842, 925.9555, 1072.709]"
58_E6_C5_01_12_50,945,"[-35, -34, -33, -32, -31, -30, -29, -28, -27, -26, -25, -24, -23, -22, -21, -20, -19, -18, -17, -16, -15, -14, -13, -12, -11, -10, -9, -8]","[5.417, 6.867, 8.545, 10.758, 13.504, 16.861, 20.981, 26.017, 32.273, 39.75, 47.913, 59.815, 73.777, 90.41, 110.094, 132.982, 159.686, 190.776, 226.902, 268.406, 322.271, 383.993, 452.735, 532.387, 624.704, 729.801, 850.538, 986.038]"
58_E6_C5_01_12_50,955,"[-35, -34, -33, -32, -31, -30, -29, -28, -27, -26, -25, -24, -23, -22, -21, -20, -19, -18, -17, -16, -15, -14, -13, -12, -11, -10, -9, -8]","[5.15, 6.485, 8.164, 10.224, 12.741, 15.983999999999998, 19.76, 24.605, 30.442, 37.537, 44.556, 55.39, 68.36, 83.772, 101.854, 123.217, 147.936, 176.318, 209.888, 248.951, 298.238, 353.933, 418.936, 492.561, 577.935, 675.135, 785.687, 912.871]"
58_E6_C5_01_12_50,965,"[-35, -34, -33, -32, -31, -30, -29, -28, -27, -26, -25, -24, -23, -22, -21, -20, -19, -18, -17, -16, -15, -14, -13, -12, -11, -10, -9, -8]","[4.883, 6.104, 7.706, 9.613, 12.131, 15.106, 18.692, 23.194, 28.84, 35.63, 41.505, 51.652, 63.592, 78.126, 94.835, 114.862, 138.094, 164.797, 196.078, 232.395, 277.867, 329.671, 388.8, 458.724, 536.774, 626.078, 730.259, 847.639]"
58_E6_C5_01_12_50,975,"[-35, -34, -33, -32, -31, -30, -29, -28, -27, -26, -25, -24, -23, -22, -21, -20, -19, -18, -17, -16, -15, -14, -13, -12, -11, -10, -9, -8]","[4.654, 5.8365, 7.324, 9.117, 11.444, 14.267, 17.853, 22.0875, 27.39, 33.799, 39.101, 48.524, 59.777, 73.32, 89.418, 107.881, 129.931, 155.29899999999998, 184.71, 218.7, 260.624, 309.224, 364.691, 429.084, 503.471, 587.167, 684.901, 795.071]"
58_E6_C5_01_12_50,985,"[-35, -34, -33, -32, -31, -30, -29, -28, -27, -26, -25, -24, -23, -22, -21, -20, -19, -18, -17, -16, -15, -14, -13, -12, -11, -10, -9, -8]","[4.501, 5.57, 6.943, 8.621, 10.872, 13.581, 16.861, 20.981, 25.864, 32.044, 37.156, 46.159, 57.069, 69.963, 85.069, 102.998, 123.903, 148.089, 176.089, 208.667, 245.212, 290.913, 344.472, 405.203, 474.327, 554.513, 645.838, 749.828]"
58_E6_C5_01_12_50,995,"[-35, -34, -33, -32, -31, -30, -29, -28, -27, -26, -25, -24, -23, -22, -21, -20, -19, -18, -17, -16, -15, -14, -13, -12, -11, -10, -9, -8]","[4.196, 5.188, 6.561, 8.164, 10.185500000000001, 12.741, 15.869, 19.76, 24.338, 30.06, 35.477, 44.022, 54.246, 66.3385, 81.331, 98.268, 118.257, 141.375, 168.307, 199.245, 232.776, 276.341, 326.009, 382.62, 450.523, 525.635, 612.345, 711.07]"
98_A3_16_8F_15_44,705,"[-35, -34, -33, -32, -31, -30, -29, -28, -27, -26, -25, -24, -23, -22, -21, -20, -19, -18, -17, -16, -15, -14, -13, -12, -11, -10, -9, -8]","[1.45, 1.831, 2.289, 2.823, 3.662, 4.501, 5.57, 7.019, 8.698, 10.758, 13.657, 17.052, 21.134, 26.093, 31.968, 39.063, 47.303, 57.069, 68.437, 81.559, 98.268, 116.197, 137.293, 160.601, 187.228, 216.602, 251.163, 288.93]"
98_A3_16_8F_15_44,715,"[-35, -34, -33, -32, -31, -30, -29, -28, -27, -26, -25, -24, -23, -22, -21, -20, -19, -18, -17, -16, -15, -14, -13, -12, -11, -10, -9, -8]","[1.678, 2.136, 2.594, 3.357, 4.1579999999999995, 5.226, 6.561, 8.164, 10.147, 12.589, 15.64, 19.379, 24.033, 29.526, 36.24, 44.022, 53.178, 64.012, 76.448, 90.791, 108.873, 127.718, 150.607, 176.089, 204.623, 236.744, 273.137, 313.4585]"
98_A3_16_8F_15_44,725,"[-35, -34, -33, -32, -31, -30, -29, -28, -27, -26, -25, -24, -23, -22, -21, -20, -19, -18, -17, -16, -15, -14, -13, -12, -11, -10, -9, -8]","[1.984, 2.518, 3.128, 3.967, 4.883, 6.104, 7.63, 9.537, 11.826, 14.649, 17.777, 21.973, 27.161, 33.494, 40.742, 49.4775, 59.663, 71.4505, 84.993, 100.633, 119.51599999999999, 140.917, 164.492, 192.264, 222.324, 257.115, 295.9105, 339.513]"
98_A3_16_8F_15_44,735,"[-35, -34, -33, -32, -31, -30, -29, -28, -27, -26, -25, -24, -23, -22, -21, -20, -19, -18, -17, -16, -15, -14, -13, -12, -11, -10, -9, -8]","[2.289, 2.899, 3.662, 4.501, 5.646, 7.095, 8.85, 11.063, 13.657, 16.861, 20.218, 24.872, 30.671, 37.766, 45.853, 55.543, 66.682, 79.576, 94.453, 111.315, 131.151, 154.154, 179.446, 208.667, 241.321, 278.477, 319.905, 365.072]"
98_A3_16_8F_15_44,745,"[-35, -34, -33, -32, -31, -30, -29, -28, -27, -26, -25, -24, -23, -22, -21, -20, -19, -18, -17, -16, -15, -14, -13, -12, -11, -10, -9, -8]","[2.67, 3.357, 4.2345, 5.264, 6.561, 8.24, 10.224, 12.665, 15.793, 19.417, 22.889, 28.382, 34.867, 42.573, 51.575, 62.257, 74.54, 88.731, 104.982, 123.217, 143.587, 167.773, 196.078, 227.474, 262.531, 302.205, 345.846, 394.675]"
98_A3_16_8F_15_44,755,"[-35, -34, -33, -32, -31, -30, -29, -28, -27, -26, -25, -24, -23, -22, -21, -20, -19, -18, -17, -16, -15, -14, -13, -12, -11, -10, -9, -8]","[3.09, 3.891, 4.883, 6.104, 7.553, 9.461, 11.826, 14.649, 18.082, 22.164, 25.94, 32.12, 39.368, 47.99, 58.137, 69.657, 83.314, 98.878, 116.503, 136.263, 158.541, 184.71, 215.152, 248.417, 286.641, 328.679, 375.296, 428.397]"
98_A3_16_8F_15_44,765,"[-35, -34, -33, -32, -31, -30, -29, -28, -27, -26, -25, -24, -23, -22, -21, -20, -19, -18, -17, -16, -15, -14, -13, -12, -11, -10, -9, -8]","[3.586, 4.425, 5.57, 6.943, 8.698, 10.834, 13.504, 16.709, 20.6, 25.406, 29.526, 36.469, 44.785, 54.17, 65.461, 78.202, 93.385, 110.17, 129.28199999999998, 150.988, 175.25, 204.395, 236.82, 273.289, 313.954, 358.434, 409.628, 466.392]"
98_A3_16_8F_15_44,775,"[-35, -34, -33, -32, -31, -30, -29, -28, -27, -26, -25, -24, -23, -22, -21, -20, -19, -18, -17, -16, -15, -14, -13, -12, -11, -10, -9, -8]","[4.044, 5.035, 6.332, 7.935, 9.918, 12.36, 15.335, 18.997, 23.423, 28.687, 33.875, 41.428, 50.736, 61.265, 73.777, 88.388, 104.601, 123.14, 144.045, 167.773, 195.392, 226.444, 261.7305, 301.366, 345.35, 394.369, 448.844, 509.422]"
98_A3_16_8F_15_44,785,"[-35, -34, -33, -32, -31, -30, -29, -28, -27, -26, -25, -24, -23, -22, -21, -20, -19, -18, -17, -16, -15, -14, -13, -12, -11, -10, -9, -8]","[4.616, 5.798, 7.248, 9.003, 11.368, 14.153, 17.624, 21.668, 26.78, 32.883, 38.682, 47.684, 58.289, 70.268, 84.23, 100.404, 118.486, 138.857, 161.784, 187.839, 218.662, 252.766, 291.142, 334.325, 382.162, 435.34, 494.392, 560.96]"
98_A3_16_8F_15_44,795,"[-35, -34, -33, -32, -31, -30, -29, -28, -27, -26, -25, -24, -23, -22, -21, -20, -19, -18, -17, -16, -15, -14, -13, -12, -11, -10, -9, -8]","[5.264, 6.676, 8.316, 10.452, 12.97, 16.251, 20.066, 24.872, 30.518, 37.537, 45.167, 55.161, 67.063, 80.797, 96.437, 114.29, 134.3175, 157.015, 182.422, 210.803, 245.212, 283.284, 324.559, 371.6715, 423.819, 481.651, 546.654, 617.914]"
98_A3_16_8F_15_44,805,"[-35, -34, -33, -32, -31, -30, -29, -28, -27, -26, -25, -24, -23, -22, -21, -20, -19, -18, -17, -16, -15, -14, -13, -12, -11, -10, -9, -8]","[6.104, 7.63, 9.537, 11.978, 14.954, 18.692, 23.117, 28.611, 35.096, 42.878, 52.186, 63.859, 77.096, 92.622, 110.323, 130.12099999999998, 152.6285, 177.768, 205.615, 237.201, 275.12, 316.014, 361.944, 413.558, 470.436, 533.303, 604.105, 681.62]"
98_A3_16_8F_15_44,815,"[-35, -34, -33, -32, -31, -30, -29, -28, -27, -26, -25, -24, -23, -22, -21, -20, -19, -18, -17, -16, -15, -14, -13, -12, -11, -10, -9, -8]","[6.943, 8.774, 10.986, 13.809, 17.166, 21.363, 26.551, 32.807, 40.284, 49.21, 60.121, 73.548, 88.502, 106.203, 126.04, 148.165, 172.961, 200.961, 232.166, 266.804, 307.393, 353.475, 403.906, 460.288, 522.316, 591.211, 667.201, 752.346]"
98_A3_16_8F_15_44,825,"[-35, -34, -33, -32, -31, -30, -29, -28, -27, -26, -25, -24, -23, -22, -21, -20, -19, -18, -17, -16, -15, -14, -13, -12, -11, -10, -9, -8]","[8.011, 9.995, 12.589, 15.717, 19.76, 24.605, 30.594, 37.766, 46.4255, 56.535, 69.734, 84.6495, 102.312, 121.462, 144.198, 168.917, 196.765, 228.046, 262.531, 300.908, 345.007, 395.666, 450.904, 511.559, 579.576, 655.756, 738.842, 830.549]"
98_A3_16_8F_15_44,835,"[-35, -34, -33, -32, -31, -30, -29, -28, -27, -26, -25, -24, -23, -22, -21, -20, -19, -18, -17, -16, -15, -14, -13, -12, -11, -10, -9, -8]","[9.079, 11.368, 14.381499999999999, 18.082, 22.583, 28.229, 34.943, 43.412, 53.33, 65.003, 79.957, 96.971, 116.96, 139.391, 164.569, 192.34, 223.468, 258.335, 296.559, 339.17, 387.045, 442.931, 503.929, 571.908, 646.525, 728.847, 820.783, 922.408]"
98_A3_16_8F_15_44,845,"[-35, -34, -33, -32, -31, -30, -29, -28, -27, -26, -25, -24, -23, -22, -21, -20, -19, -18, -17, -16, -15, -14, -13, -12, -11, -10, -9, -8]","[9.995, 12.665, 16.022, 20.142, 25.254, 31.739, 39.597, 49.058, 60.426, 74.006, 91.096, 110.781, 132.868, 157.778, 186.007, 217.594, 252.9565, 291.371, 334.554, 381.895, 435.492, 497.292, 564.965, 639.811, 722.286, 811.398, 913.634, 1025.254]"
98_A3_16_8F_15_44,855,"[-35, -34, -33, -32, -31, -30, -29, -28, -27, -26, -25, -24, -23, -22, -21, -20, -19, -18, -17, -16, -15, -14, -13, -12, -11, -10, -9, -8]","[10.758, 13.657, 17.319, 21.897, 27.695, 34.714, 43.565, 54.322, 67.063, 82.399, 100.786, 122.835, 147.555, 176.013, 207.065, 243.076, 281.987, 325.551, 373.159, 426.642, 486.229, 555.047, 630.198, 713.359, 806.134, 906.386, 1017.929, 1139.315]"
98_A3_16_8F_15_44,865,"[-35, -34, -33, -32, -31, -30, -29, -28, -27, -26, -25, -24, -23, -22, -21, -20, -19, -18, -17, -16, -15, -14, -13, -12, -11, -10, -9, -8]","[11.215, 14.229, 18.006, 22.736, 28.763, 36.393, 45.777, 57.374, 71.336, 87.892, 106.813, 130.312, 158.618, 189.364, 224.384, 263.676, 306.859, 355.459, 409.323, 468.147, 535.668, 612.65, 698.1, 790.875, 892.271, 1005.112, 1128.786, 1266.346]"
98_A3_16_8F_15_44,875,"[-35, -34, -33, -32, -31, -30, -29, -28, -27, -26, -25, -24, -23, -22, -21, -20, -19, -18, -17, -16, -15, -14, -13, -12, -11, -10, -9, -8]","[11.063, 13.962, 17.777, 22.507, 28.458, 36.164, 45.396, 57.069, 71.412, 88.502, 107.729, 132.83, 162.28, 194.553, 233.387, 275.349, 323.186, 376.364, 434.958, 500.648, 575.456, 660.601, 755.627, 858.549, 971.008, 1097.887, 1234.836, 1386.282]"
98_A3_16_8F_15_44,885,"[-35, -34, -33, -32, -31, -30, -29, -28, -27, -26, -25, -24, -23, -22, -21, -20, -19, -18, -17, -16, -15, -14, -13, -12, -11, -10, -9, -8]","[10.3, 13.123, 16.632, 20.981, 26.703, 33.799, 42.725, 53.407, 67.1015, 83.619, 103.456, 128.328, 156.634, 190.509, 229.877, 274.128, 323.8345, 380.179, 443.427, 513.39, 592.737, 685.359, 789.082, 903.716, 1029.068, 1165.98, 1315.785, 1481.422]"
98_A3_16_8F_15_44,895,"[-35, -34, -33, -32, -31, -30, -29, -28, -27, -26, -25, -24, -23, -22, -21, -20, -19, -18, -17, -16, -15, -14, -13, -12, -11, -10, -9, -8]","[9.384, 11.978, 15.183, 19.188, 24.186, 30.594, 38.529, 48.371, 60.578, 75.303, 94.835, 118.105, 145.418, 177.996, 215.457, 258.793, 308.919, 364.996, 429.465, 502.174, 582.895, 676.966, 785.992, 907.454, 1040.818, 1189.25, 1347.295, 1526.703]"
98_A3_16_8F_15_44,905,"[-35, -34, -33, -32, -31, -30, -29, -28, -27, -26, -25, -24, -23, -22, -21, -20, -19, -18, -17, -16, -15, -14, -13, -12, -11, -10, -9, -8]","[8.469, 10.758, 13.657, 17.166, 21.668, 27.39, 34.333, 43.03, 53.712, 66.758, 84.9545, 106.012, 130.846, 160.143, 194.629, 235.065, 281.682, 335.012, 397.04, 467.231, 543.412, 638.819, 747.845, 870.451, 1006.18, 1156.214, 1321.508, 1507.591]"
98_A3_16_8F_15_44,915,"[-35, -34, -33, -32, -31, -30, -29, -28, -27, -26, -25, -24, -23, -22, -21, -20, -19, -18, -17, -16, -15, -14, -13, -12, -11, -10, -9, -8]","[7.63, 9.689, 12.284, 15.335, 19.379, 24.262, 30.518, 38.224, 47.608, 59.129, 74.998, 93.69, 115.892, 142.061, 172.732, 208.743, 251.087, 299.763, 355.84, 420.539, 493.6675, 585.794, 687.572, 805.676, 935.454, 1084.84, 1248.646, 1431.983]"
98_A3_16_8F_15_44,925,"[-35, -34, -33, -32, -31, -30, -29, -28, -27, -26, -25, -24, -23, -22, -21, -20, -19, -18, -17, -16, -15, -14, -13, -12, -11, -10, -9, -8]","[6.867, 8.774, 11.063, 13.962, 17.548, 22.049, 27.619, 34.409, 42.725, 53.025, 66.987, 83.391, 102.77, 126.192, 153.506, 185.397, 223.545, 266.957, 317.769, 376.593, 445.258, 530.404, 624.552, 734.684, 857.176, 996.872, 1155.489, 1330.51]"
98_A3_16_8F_15_44,935,"[-35, -34, -33, -32, -31, -30, -29, -28, -27, -26, -25, -24, -23, -22, -21, -20, -19, -18, -17, -16, -15, -14, -13, -12, -11, -10, -9, -8]","[6.485, 8.24, 10.3, 12.894, 16.327, 20.294, 25.406, 31.662, 39.368, 48.753, 60.464, 75.303, 92.851, 114.061, 137.942, 167.697, 201.648, 240.558, 286.03, 339.513, 405.203, 483.024, 569.543, 669.413, 784.619, 914.855, 1063.706, 1228.885]"
98_A3_16_8F_15_44,945,"[-35, -34, -33, -32, -31, -30, -29, -28, -27, -26, -25, -24, -23, -22, -21, -20, -19, -18, -17, -16, -15, -14, -13, -12, -11, -10, -9, -8]","[6.104, 7.63, 9.613, 12.169, 15.335, 19.15, 23.804, 29.679, 36.851, 45.396, 54.932, 68.666, 84.80199999999999, 103.838, 126.574, 152.9335, 183.719, 219.654, 261.387, 309.3385, 371.06100000000004, 442.512, 522.011, 614.099, 720.531, 841.306, 979.706, 1134.203]"
98_A3_16_8F_15_44,955,"[-35, -34, -33, -32, -31, -30, -29, -28, -27, -26, -25, -24, -23, -22, -21, -20, -19, -18, -17, -16, -15, -14, -13, -12, -11, -10, -9, -8]","[5.722, 7.248, 9.155, 11.521, 14.42, 18.082, 22.507, 27.924, 34.638, 42.725, 50.889, 63.401, 78.279, 95.979, 116.655, 141.07, 169.528, 202.029, 240.711, 285.5345, 342.184, 406.462, 481.346, 566.415, 664.836, 776.913, 904.059, 1049.897]"
98_A3_16_8F_15_44,965,"[-35, -34, -33, -32, -31, -30, -29, -28, -27, -26, -25, -24, -23, -22, -21, -20, -19, -18, -17, -16, -15, -14, -13, -12, -11, -10, -9, -8]","[5.493, 6.867, 8.621, 10.91, 13.581, 17.09, 21.172, 26.322, 32.731, 40.436, 47.303, 58.976, 72.557, 89.113, 108.11, 130.999, 157.626, 188.067, 223.774, 265.354, 317.54, 377.05, 445.106, 525.444, 615.396, 718.09, 837.873, 972.7245]"
98_A3_16_8F_15_44,975,"[-35, -34, -33, -32, -31, -30, -29, -28, -27, -26, -25, -24, -23, -22, -21, -20, -19, -18, -17, -16, -15, -14, -13, -12, -11, -10, -9, -8]","[5.188, 6.561, 8.24, 10.3, 12.894, 16.098, 20.066, 24.987000000000002, 31.052, 38.376, 44.556, 55.238, 68.055, 83.467, 101.625, 122.606, 147.631, 176.471, 209.888, 248.722, 296.712, 352.255, 415.808, 489.509, 575.036, 670.939, 783.2075, 909.59]"
98_A3_16_8F_15_44,985,"[-35, -34, -33, -32, -31, -30, -29, -28, -27, -26, -25, -24, -23, -22, -21, -20, -19, -18, -17, -16, -15, -14, -13, -12, -11, -10, -9, -8]","[4.959, 6.18, 7.782, 9.689, 12.284, 15.335, 19.074, 23.651, 29.221, 36.24, 42.115, 52.3, 64.698, 79.347, 96.475, 116.808, 140.23, 167.697, 199.435, 236.4005, 278.096, 330.282, 391.318, 460.594, 539.635, 631.418, 735.943, 854.887]"
98_A3_16_8F_15_44,995,"[-35, -34, -33, -32, -31, -30, -29, -28, -27, -26, -25, -24, -23, -22, -21, -20, -19, -18, -17, -16, -15, -14, -13, -12, -11, -10, -9, -8]","[4.578, 5.798, 7.324, 9.155, 11.444, 14.343, 17.929, 22.202, 27.543, 34.028, 40.055, 49.821, 61.418, 75.1125, 91.974, 111.086, 133.593, 159.762, 190.051, 224.994, 263.294, 312.734, 369.039, 433.509, 510.872, 596.551, 695.43, 808.194]"
98_A3_16_8F_DB_94,705,"[-35, -34, -33, -32, -31, -30, -29, -28, -27, -26, -25, -24, -23, -22, -21, -20, -19, -18, -17, -16, -15, -14, -13, -12, -11, -10, -9, -8]","[1.45, 1.831, 2.289, 2.899, 3.662, 4.578, 5.722, 7.095, 8.927, 10.986, 13.962, 17.395, 21.515, 26.665, 32.616, 39.902, 48.295, 58.213, 69.81, 83.162, 100.099, 118.334, 139.81099999999998, 163.424, 190.433, 220.188, 255.207, 293.507]"
98_A3_16_8F_DB_94,715,"[-35, -34, -33, -32, -31, -30, -29, -28, -27, -26, -25, -24, -23, -22, -21, -20, -19, -18, -17, -16, -15, -14, -13, -12, -11, -10, -9, -8]","[1.755, 2.136, 2.67, 3.433, 4.273, 5.341, 6.714, 8.354, 10.376, 12.818, 15.983999999999998, 19.837, 24.643, 30.213, 37.156, 45.09, 54.475, 65.537, 78.202, 92.851, 111.238, 130.465, 153.735, 179.675, 208.667, 241.321, 278.248, 319.219]"
98_A3_16_8F_DB_94,725,"[-35, -34, -33, -32, -31, -30, -29, -28, -27, -26, -25, -24, -23, -22, -21, -20, -19, -18, -17, -16, -15, -14, -13, -12, -11, -10, -9, -8]","[2.06, 2.518, 3.204, 4.0055, 5.035, 6.256, 7.858, 9.766, 12.055, 15.03, 18.235, 22.583, 28.0, 34.333, 41.92400000000001, 50.889, 61.265, 73.32, 87.129, 103.304, 122.53, 144.35, 168.383, 196.765, 227.359, 262.913, 302.3195, 346.609]"
98_A3_16_8F_DB_94,735,"[-35, -34, -33, -32, -31, -30, -29, -28, -27, -26, -25, -24, -23, -22, -21, -20, -19, -18, -17, -16, -15, -14, -13, -12, -11, -10, -9, -8]","[2.365, 2.899, 3.738, 4.654, 5.798, 7.3625, 9.155, 11.368, 14.038, 17.395, 20.905, 25.673000000000002, 31.586, 38.911, 47.340999999999994, 57.298, 68.818, 81.979, 97.276, 114.557, 134.89, 158.465, 184.253, 214.16, 247.578, 285.42, 327.764, 373.808]"
98_A3_16_8F_DB_94,745,"[-35, -34, -33, -32, -31, -30, -29, -28, -27, -26, -25, -24, -23, -22, -21, -20, -19, -18, -17, -16, -15, -14, -13, -12, -11, -10, -9, -8]","[2.747, 3.433, 4.273, 5.417, 6.79, 8.545, 10.605, 13.123, 16.251, 20.142, 23.728, 29.374, 36.164, 44.099, 53.407, 64.431, 77.058, 91.859, 108.415, 127.26, 148.318, 173.114, 202.029, 234.226, 270.161, 310.826, 355.459, 405.432]"
98_A3_16_8F_DB_94,755,"[-35, -34, -33, -32, -31, -30, -29, -28, -27, -26, -25, -24, -23, -22, -21, -20, -19, -18, -17, -16, -15, -14, -13, -12, -11, -10, -9, -8]","[3.2425, 3.967, 4.959, 6.256, 7.935, 9.766, 12.207, 15.1445, 18.769, 23.194, 27.085, 33.417, 40.97, 49.897, 60.502, 72.404, 86.595, 102.617, 120.851, 141.222, 164.187, 191.119, 222.629, 256.733, 296.025, 339.208, 387.121, 441.444]"
98_A3_16_8F_DB_94,765,"[-35, -34, -33, -32, -31, -30, -29, -28, -27, -26, -25, -24, -23, -22, -21, -20, -19, -18, -17, -16, -15, -14, -13, -12, -11, -10, -9, -8]","[3.738, 4.578, 5.722, 7.172, 9.003, 11.368, 14.038, 17.395, 21.515, 26.474, 30.9, 38.071, 46.693, 56.535, 68.3985, 81.5975, 97.353, 114.748, 134.661, 157.168, 182.269, 212.329, 245.823, 283.513, 325.475, 371.28999999999996, 423.896, 482.414]"
98_A3_16_8F_DB_94,775,"[-35, -34, -33, -32, -31, -30, -29, -28, -27, -26, -25, -24, -23, -22, -21, -20, -19, -18, -17, -16, -15, -14, -13, -12, -11, -10, -9, -8]","[4.196, 5.264, 6.561, 8.24, 10.3, 12.894, 16.022, 19.837, 24.491, 30.0985, 35.477, 43.412, 53.33, 64.24, 77.363, 92.622, 109.5215, 128.862, 150.683, 175.326, 203.97500000000002, 236.286, 272.831, 313.878, 359.35, 410.01, 466.316, 528.801]"
98_A3_16_8F_DB_94,785,"[-35, -34, -33, -32, -31, -30, -29, -28, -27, -26, -25, -24, -23, -22, -21, -20, -19, -18, -17, -16, -15, -14, -13, -12, -11, -10, -9, -8]","[4.73, 6.104, 7.553, 9.461, 11.826, 14.801, 18.463, 22.812, 28.153, 34.485, 40.665, 50.202, 61.265, 73.93, 88.731, 105.554, 124.59, 145.9145, 169.909, 197.07, 229.114, 264.668, 304.608, 349.508, 399.252, 454.414, 515.602, 584.497]"
98_A3_16_8F_DB_94,795,"[-35, -34, -33, -32, -31, -30, -29, -28, -27, -26, -25, -24, -23, -22, -21, -20, -19, -18, -17, -16, -15, -14, -13, -12, -11, -10, -9, -8]","[5.493, 6.867, 8.621, 10.834, 13.581, 17.014, 21.057, 26.093, 32.12, 39.445, 47.608, 58.137, 70.726, 85.298, 101.816, 120.623, 141.756, 165.637, 192.264, 222.05700000000002, 258.03, 297.856, 340.887, 390.097, 444.495, 504.692, 572.366, 646.448]"
98_A3_16_8F_DB_94,805,"[-35, -34, -33, -32, -31, -30, -29, -28, -27, -26, -25, -24, -23, -22, -21, -20, -19, -18, -17, -16, -15, -14, -13, -12, -11, -10, -9, -8]","[6.256, 7.935, 9.918, 12.436, 15.564, 19.455, 24.224, 29.908, 36.888999999999996, 45.167, 55.009, 67.407, 81.483, 97.887, 116.655, 137.636, 161.555, 188.067, 217.441, 250.706, 290.455, 333.524, 381.7425, 435.798, 495.308, 561.227, 635.157, 715.915]"
98_A3_16_8F_DB_94,815,"[-35, -34, -33, -32, -31, -30, -29, -28, -27, -26, -25, -24, -23, -22, -21, -20, -19, -18, -17, -16, -15, -14, -13, -12, -11, -10, -9, -8]","[7.095, 9.003, 11.292, 14.115, 17.777, 22.164, 27.695, 34.295, 42.267, 51.728, 63.249, 77.516, 93.538, 112.383, 133.516, 157.092, 183.337, 213.169, 246.204, 282.826, 325.78, 374.304, 427.482, 486.877, 552.148, 624.323, 704.051, 793.393]"
98_A3_16_8F_DB_94,825,"[-35, -34, -33, -32, -31, -30, -29, -28, -27, -26, -25, -24, -23, -22, -21, -20, -19, -18, -17, -16, -15, -14, -13, -12, -11, -10, -9, -8]","[8.011, 10.147, 12.741, 16.022, 20.142, 25.254, 31.51, 39.063, 48.219, 59.052, 72.9, 88.884, 107.652, 128.252, 152.476, 178.912, 208.667, 242.008, 278.706, 319.524, 366.293, 419.9665, 478.523, 542.687, 614.405, 694.82, 782.254, 878.92]"
98_A3_16_8F_DB_94,835,"[-35, -34, -33, -32, -31, -30, -29, -28, -27, -26, -25, -24, -23, -22, -21, -20, -19, -18, -17, -16, -15, -14, -13, -12, -11, -10, -9, -8]","[8.812, 11.215, 14.191, 17.929, 22.583, 28.305, 35.325, 44.099, 54.551, 66.949, 82.628, 100.71, 122.072, 146.181, 173.037, 202.792, 236.133, 273.518, 314.412, 359.808, 411.078, 470.512, 535.286, 607.462, 686.58, 773.785, 871.138, 978.332]"
98_A3_16_8F_DB_94,845,"[-35, -34, -33, -32, -31, -30, -29, -28, -27, -26, -25, -24, -23, -22, -21, -20, -19, -18, -17, -16, -15, -14, -13, -12, -11, -10, -9, -8]","[9.537, 12.131, 15.335, 19.379, 24.491, 30.976, 38.834, 48.447, 60.197, 74.426, 92.164, 112.917, 136.416, 162.966, 193.179, 227.131, 264.973, 306.2105, 352.483, 403.296, 460.899, 526.894, 599.069, 678.95, 766.69, 861.448, 969.863, 1087.968]"
98_A3_16_8F_DB_94,855,"[-35, -34, -33, -32, -31, -30, -29, -28, -27, -26, -25, -24, -23, -22, -21, -20, -19, -18, -17, -16, -15, -14, -13, -12, -11, -10, -9, -8]","[9.766, 12.512, 15.946, 20.218, 25.635, 32.425, 40.97, 51.575, 64.317, 79.957, 98.573, 121.538, 147.478, 177.5005, 210.422, 248.798, 290.379, 337.11, 388.19, 445.335, 509.499, 583.429, 663.767, 752.651, 851.606, 958.419, 1076.982, 1205.768]"
98_A3_16_8F_DB_94,865,"[-35, -34, -33, -32, -31, -30, -29, -28, -27, -26, -25, -24, -23, -22, -21, -20, -19, -18, -17, -16, -15, -14, -13, -12, -11, -10, -9, -8]","[9.766, 12.436, 15.793, 20.066, 25.483, 32.349, 40.97, 51.957, 65.232, 81.178, 100.175, 123.751, 152.514, 184.253, 220.569, 261.769, 307.393, 358.892, 416.037, 478.828, 551.156, 633.249, 724.575, 823.529, 931.563, 1051.881, 1183.108, 1328.679]"
98_A3_16_8F_DB_94,875,"[-35, -34, -33, -32, -31, -30, -29, -28, -27, -26, -25, -24, -23, -22, -21, -20, -19, -18, -17, -16, -15, -14, -13, -12, -11, -10, -9, -8]","[9.308, 11.749, 14.954, 18.997, 24.186, 30.823, 38.834, 49.21, 62.028, 77.745, 96.3225, 120.317, 148.852, 180.70499999999998, 219.577, 262.074, 311.055, 366.026, 427.024, 495.689, 573.968, 663.615, 764.0575, 873.045, 991.913, 1126.078, 1270.733, 1429.999]"
98_A3_16_8F_DB_94,885,"[-35, -34, -33, -32, -31, -30, -29, -28, -27, -26, -25, -24, -23, -22, -21, -20, -19, -18, -17, -16, -15, -14, -13, -12, -11, -10, -9, -8]","[8.469, 10.758, 13.657, 17.319, 22.049, 27.924, 35.401, 44.404, 56.229, 70.42, 88.731, 111.315, 137.407, 169.223, 206.531, 249.256, 297.704, 353.475, 416.8, 487.449, 566.949, 661.86, 768.75, 887.541, 1017.7, 1159.915, 1315.785, 1487.755]"
98_A3_16_8F_DB_94,895,"[-35, -34, -33, -32, -31, -30, -29, -28, -27, -26, -25, -24, -23, -22, -21, -20, -19, -18, -17, -16, -15, -14, -13, -12, -11, -10, -9, -8]","[7.706, 9.613, 12.207, 15.564, 19.684, 24.949, 31.357, 39.597, 49.7825, 62.1425, 79.194, 99.565, 123.674, 152.743, 186.694, 226.444, 272.984, 325.704, 386.892, 456.855, 533.951, 626.535, 734.417, 855.4590000000001, 989.433, 1139.277, 1299.458, 1481.498]"
98_A3_16_8F_DB_94,905,"[-35, -34, -33, -32, -31, -30, -29, -28, -27, -26, -25, -24, -23, -22, -21, -20, -19, -18, -17, -16, -15, -14, -13, -12, -11, -10, -9, -8]","[6.867, 8.736, 10.986, 13.886, 17.548, 22.126, 27.886, 34.943, 43.87, 54.704, 70.039, 88.121, 109.56, 134.966, 165.331, 201.152, 242.733, 290.761, 347.066, 411.612, 482.109, 571.374, 674.372, 791.485, 922.2935, 1068.017, 1229.648, 1412.68]"
98_A3_16_8F_DB_94,915,"[-35, -34, -33, -32, -31, -30, -29, -28, -27, -26, -25, -24, -23, -22, -21, -20, -19, -18, -17, -16, -15, -14, -13, -12, -11, -10, -9, -8]","[6.256, 7.782, 9.842, 12.36, 15.793, 19.684, 24.796, 31.128, 38.911, 48.447, 61.723, 77.47800000000001, 96.437, 119.02, 145.495, 176.852, 213.855, 256.886, 306.477, 364.08, 430.457, 513.8095, 606.699, 715.419, 835.889, 975.738, 1130.388, 1304.6844999999998]"
98_A3_16_8F_DB_94,925,"[-35, -34, -33, -32, -31, -30, -29, -28, -27, -26, -25, -24, -23, -22, -21, -20, -19, -18, -17, -16, -15, -14, -13, -12, -11, -10, -9, -8]","[5.57, 7.095, 9.041, 11.292, 14.267, 17.929, 22.583, 28.229, 35.096, 43.641, 55.238, 69.047, 85.64099999999999, 105.783, 129.32, 157.015, 190.127, 228.046, 272.602, 324.331, 385.977, 461.662, 545.891, 645.075, 755.932, 883.383, 1029.145, 1190.814]"
98_A3_16_8F_DB_94,935,"[-35, -34, -33, -32, -31, -30, -29, -28, -27, -26, -25, -24, -23, -22, -21, -20, -19, -18, -17, -16, -15, -14, -13, -12, -11, -10, -9, -8]","[5.379, 6.638, 8.392, 10.529, 13.275, 16.632, 20.905, 26.131, 32.578, 40.436, 50.126, 62.638, 77.668, 95.903, 116.655, 142.443, 172.045, 205.921, 245.899, 292.706, 351.11, 420.081, 496.719, 585.794, 688.64, 805.905, 940.337, 1090.333]"
98_A3_16_8F_DB_94,945,"[-35, -34, -33, -32, -31, -30, -29, -28, -27, -26, -25, -24, -23, -22, -21, -20, -19, -18, -17, -16, -15, -14, -13, -12, -11, -10, -9, -8]","[4.959, 6.332, 7.935, 9.995, 12.589, 15.717, 19.684, 24.567, 30.594, 37.842, 45.777, 57.527, 71.26, 87.816, 107.576, 130.541, 157.397, 188.907, 225.5665, 267.75800000000004, 322.499, 385.595, 455.94, 537.499, 632.334, 740.139, 864.347, 1003.319]"
98_A3_16_8F_DB_94,955,"[-35, -34, -33, -32, -31, -30, -29, -28, -27, -26, -25, -24, -23, -22, -21, -20, -19, -18, -17, -16, -15, -14, -13, -12, -11, -10, -9, -8]","[4.807, 5.951, 7.477, 9.461, 11.902, 14.954, 18.616, 23.27, 28.916, 35.744, 42.649, 53.33, 66.148, 81.483, 99.489, 120.96600000000001, 145.953, 174.563, 208.591, 248.3025, 298.314, 355.1155, 421.607, 496.986, 584.649, 684.443, 798.009, 928.74]"
98_A3_16_8F_DB_94,965,"[-35, -34, -33, -32, -31, -30, -29, -28, -27, -26, -25, -24, -23, -22, -21, -20, -19, -18, -17, -16, -15, -14, -13, -12, -11, -10, -9, -8]","[4.501, 5.646, 7.095, 9.003, 11.292, 14.191, 17.7, 21.973, 27.466, 34.028, 39.75, 49.821, 61.494, 75.99, 92.699, 112.764, 136.263, 163.2335, 194.781, 231.632, 277.79, 330.587, 390.936, 462.425, 542.458, 634.012, 741.054, 861.677]"
98_A3_16_8F_DB_94,975,"[-35, -34, -33, -32, -31, -30, -29, -28, -27, -26, -25, -24, -23, -22, -21, -20, -19, -18, -17, -16, -15, -14, -13, -12, -11, -10, -9, -8]","[4.349, 5.417, 6.79, 8.545, 10.758, 13.428, 16.785, 20.981, 26.093, 32.311, 37.575, 46.845, 57.908, 71.336, 87.396, 105.898, 128.099, 153.658, 183.375, 217.7845, 260.319, 309.758, 366.293, 431.983, 508.125, 593.881, 694.133, 807.279]"
98_A3_16_8F_DB_94,985,"[-35, -34, -33, -32, -31, -30, -29, -28, -27, -26, -25, -24, -23, -22, -21, -20, -19, -18, -17, -16, -15, -14, -13, -12, -11, -10, -9, -8]","[4.044, 5.188, 6.485, 8.087, 10.147, 12.703, 15.946, 19.837, 24.605, 30.671, 35.63, 44.48, 55.314, 68.055, 83.162, 101.091, 122.072, 146.41, 174.716, 207.675, 244.602, 291.142, 345.617, 407.645, 478.218, 560.311, 653.773, 760.357]"
98_A3_16_8F_DB_94,995,"[-35, -34, -33, -32, -31, -30, -29, -28, -27, -26, -25, -24, -23, -22, -21, -20, -19, -18, -17, -16, -15, -14, -13, -12, -11, -10, -9, -8]","[3.815, 4.807, 6.027, 7.63, 9.499, 11.978, 14.954, 18.692, 23.232, 28.687, 34.028, 42.458, 52.491, 64.469, 79.423, 96.437, 116.503, 139.773, 166.8955, 198.138, 232.128, 276.341, 326.772, 384.451, 453.727, 530.404, 619.135, 720.264]"
B4_3A_45_8A_BC_30,705,"[-35, -34, -33, -32, -31, -30, -29, -28, -27, -26, -25, -24, -23, -22, -21, -20, -19, -18, -17, -16, -15, -14, -13, -12, -11, -10, -9, -8]","[1.526, 1.755, 2.1745, 2.747, 3.395, 4.273, 5.264, 6.561, 8.164, 10.071, 12.779499999999999, 15.983999999999998, 19.76, 24.414, 29.946, 36.622, 44.556, 53.712, 64.546, 77.134, 93.233, 110.399, 130.77, 153.124, 178.912, 207.294, 240.635, 277.256]"
B4_3A_45_8A_BC_30,715,"[-35, -34, -33, -32, -31, -30, -29, -28, -27, -26, -25, -24, -23, -22, -21, -20, -19, -18, -17, -16, -15, -14, -13, -12, -11, -10, -9, -8]","[1.602, 2.136, 2.518, 3.204, 3.967, 4.883, 6.104, 7.63, 9.384, 11.635, 14.496, 18.006, 22.3925, 27.543, 33.875, 41.199, 49.821, 60.159000000000006, 71.946, 85.679, 103.075, 121.233, 143.206, 167.773, 195.277, 226.139, 261.387, 300.298]"
B4_3A_45_8A_BC_30,725,"[-35, -34, -33, -32, -31, -30, -29, -28, -27, -26, -25, -24, -23, -22, -21, -20, -19, -18, -17, -16, -15, -14, -13, -12, -11, -10, -9, -8]","[1.907, 2.441, 2.976, 3.662, 4.578, 5.646, 7.095, 8.85, 10.91, 13.504, 16.403, 20.409, 25.254, 31.052, 37.995, 46.159, 55.848, 66.987, 79.881, 94.835, 112.993, 133.516, 156.214, 182.879, 211.795, 245.40300000000002, 282.902, 324.788]"
B4_3A_45_8A_BC_30,735,"[-35, -34, -33, -32, -31, -30, -29, -28, -27, -26, -25, -24, -23, -22, -21, -20, -19, -18, -17, -16, -15, -14, -13, -12, -11, -10, -9, -8]","[2.213, 2.747, 3.357, 4.273, 5.264, 6.561, 8.164, 10.147, 12.512, 15.564, 18.692, 22.965, 28.3435, 34.943, 42.573, 51.652, 62.218999999999994, 74.388, 88.655, 104.791, 123.751, 145.8, 170.062, 198.138, 229.572, 265.354, 305.104, 348.821]"
B4_3A_45_8A_BC_30,745,"[-35, -34, -33, -32, -31, -30, -29, -28, -27, -26, -25, -24, -23, -22, -21, -20, -19, -18, -17, -16, -15, -14, -13, -12, -11, -10, -9, -8]","[2.4795, 3.128, 3.891, 4.807, 6.104, 7.63, 9.461, 11.597, 14.42, 17.777, 21.019, 26.131, 32.044, 39.254000000000005, 47.7225, 57.755, 69.276, 82.856, 98.268, 115.74, 135.271, 158.42700000000002, 185.55, 215.61, 249.332, 287.48, 329.519, 376.44]"
B4_3A_45_8A_BC_30,755,"[-35, -34, -33, -32, -31, -30, -29, -28, -27, -26, -25, -24, -23, -22, -21, -20, -19, -18, -17, -16, -15, -14, -13, -12, -11, -10, -9, -8]","[2.899, 3.548, 4.425, 5.57, 6.943, 8.621, 10.7195, 13.275, 16.403, 20.256, 23.728, 29.297, 36.164, 44.099, 53.559, 64.393, 77.287, 92.088, 108.797, 127.642, 148.852, 173.953, 203.174, 234.913, 271.687, 311.894, 356.832, 407.797]"
B4_3A_45_8A_BC_30,765,"[-35, -34, -33, -32, -31, -30, -29, -28, -27, -26, -25, -24, -23, -22, -21, -20, -19, -18, -17, -16, -15, -14, -13, -12, -11, -10, -9, -8]","[3.204, 4.044, 5.035, 6.256, 7.858, 9.766, 12.169, 15.03, 18.616, 22.965, 26.78, 33.112, 40.78, 49.439, 60.006, 72.023, 86.366, 102.235, 120.394, 140.993, 164.187, 191.92000000000002, 222.934, 257.9155, 296.788, 339.513, 388.495, 443.046]"
B4_3A_45_8A_BC_30,775,"[-35, -34, -33, -32, -31, -30, -29, -28, -27, -26, -25, -24, -23, -22, -21, -20, -19, -18, -17, -16, -15, -14, -13, -12, -11, -10, -9, -8]","[3.662, 4.578, 5.646, 7.095, 8.85, 11.063, 13.657, 17.052, 20.981, 25.94, 30.442, 37.461, 46.082, 55.772, 67.445, 81.102, 96.513, 114.061, 133.86, 156.329, 182.574, 212.177, 245.823, 283.742, 325.856, 372.625, 424.849, 482.948]"
B4_3A_45_8A_BC_30,785,"[-35, -34, -33, -32, -31, -30, -29, -28, -27, -26, -25, -24, -23, -22, -21, -20, -19, -18, -17, -16, -15, -14, -13, -12, -11, -10, -9, -8]","[4.196, 5.188, 6.409, 8.011, 10.071, 12.512, 15.64, 19.303, 23.842, 29.297, 34.638, 42.878, 52.528999999999996, 63.63, 76.6, 91.783, 108.873, 128.099, 149.767, 174.563, 203.784, 236.1715, 272.831, 314.031, 359.579, 410.468, 466.85, 530.404]"
B4_3A_45_8A_BC_30,795,"[-35, -34, -33, -32, -31, -30, -29, -28, -27, -26, -25, -24, -23, -22, -21, -20, -19, -18, -17, -16, -15, -14, -13, -12, -11, -10, -9, -8]","[4.73, 5.875, 7.324, 9.155, 11.368, 14.267, 17.738500000000002, 22.011, 27.008, 33.265, 40.055, 49.21, 60.121, 72.786, 87.434, 104.143, 122.988, 144.3885, 168.4215, 195.315, 227.893, 264.134, 303.197, 348.211, 397.879, 452.964, 514.992, 583.047]"
B4_3A_45_8A_BC_30,805,"[-35, -34, -33, -32, -31, -30, -29, -28, -27, -26, -25, -24, -23, -22, -21, -20, -19, -18, -17, -16, -15, -14, -13, -12, -11, -10, -9, -8]","[5.3025, 6.638, 8.316, 10.376, 12.97, 16.175, 20.142, 24.9105, 30.747, 37.69, 45.93, 56.611, 68.742, 83.085, 99.565, 118.105, 139.162, 162.89, 189.25, 218.967, 254.978, 293.736, 337.453, 386.511, 440.528, 500.42, 567.8265, 641.642]"
B4_3A_45_8A_BC_30,815,"[-35, -34, -33, -32, -31, -30, -29, -28, -27, -26, -25, -24, -23, -22, -21, -20, -19, -18, -17, -16, -15, -14, -13, -12, -11, -10, -9, -8]","[6.027, 7.553, 9.461, 11.826, 14.725, 18.311, 22.889, 28.42, 35.019, 42.954, 52.72, 64.775, 78.4695, 94.911, 113.375, 133.974, 157.244, 183.719, 212.94, 245.747, 284.199, 327.916, 375.601, 429.16, 488.136, 553.368, 625.62, 706.645]"
B4_3A_45_8A_BC_30,825,"[-35, -34, -33, -32, -31, -30, -29, -28, -27, -26, -25, -24, -23, -22, -21, -20, -19, -18, -17, -16, -15, -14, -13, -12, -11, -10, -9, -8]","[6.714, 8.469, 10.605, 13.275, 16.709, 20.905, 26.093, 32.273, 39.902, 48.829, 60.655, 74.159, 90.333, 108.11, 129.168, 152.209, 178.454, 207.752, 240.177, 276.379, 318.1125, 365.911, 418.25, 475.7, 540.017, 612.268, 690.929, 778.096]"
B4_3A_45_8A_BC_30,835,"[-35, -34, -33, -32, -31, -30, -29, -28, -27, -26, -25, -24, -23, -22, -21, -20, -19, -18, -17, -16, -15, -14, -13, -12, -11, -10, -9, -8]","[7.63, 9.537, 11.978, 15.03, 18.921, 23.651, 29.374, 36.774, 45.472, 55.848, 69.2, 84.688, 103.075, 123.789, 147.021, 173.037, 202.182, 234.913, 270.924, 310.94100000000003, 356.146, 408.98, 466.468, 530.633, 601.129, 679.026, 766.003, 862.287]"
B4_3A_45_8A_BC_30,845,"[-35, -34, -33, -32, -31, -30, -29, -28, -27, -26, -25, -24, -23, -22, -21, -20, -19, -18, -17, -16, -15, -14, -13, -12, -11, -10, -9, -8]","[8.316, 10.529, 13.275, 16.785, 21.057, 26.474, 33.112, 41.352, 51.27, 63.325, 78.889, 96.818, 117.113, 140.11599999999999, 166.476, 195.85, 228.885, 265.049, 305.562, 350.118, 400.549, 458.61, 522.24, 592.889, 670.558, 754.711, 851.301, 956.817]"
B4_3A_45_8A_BC_30,855,"[-35, -34, -33, -32, -31, -30, -29, -28, -27, -26, -25, -24, -23, -22, -21, -20, -19, -18, -17, -16, -15, -14, -13, -12, -11, -10, -9, -8]","[8.965, 11.368, 14.42, 18.235, 23.041, 29.03, 36.622, 45.853, 57.107, 70.76400000000001, 87.739, 107.99600000000001, 130.846, 157.244, 186.19799999999998, 219.73, 256.352, 297.169, 341.955, 392.195, 447.929, 512.474, 583.276, 661.402, 748.798, 843.214, 948.4625, 1063.096]"
B4_3A_45_8A_BC_30,865,"[-35, -34, -33, -32, -31, -30, -29, -28, -27, -26, -25, -24, -23, -22, -21, -20, -19, -18, -17, -16, -15, -14, -13, -12, -11, -10, -9, -8]","[9.461, 11.978, 15.183, 19.226, 24.376, 30.9, 39.063, 49.287, 61.646, 76.677, 94.453, 116.197, 142.596, 171.511, 204.318, 241.245, 281.987, 327.649, 378.195, 433.738, 496.834, 569.009, 649.424, 736.706, 832.074, 938.43, 1055.085, 1184.634]"
B4_3A_45_8A_BC_30,875,"[-35, -34, -33, -32, -31, -30, -29, -28, -27, -26, -25, -24, -23, -22, -21, -20, -19, -18, -17, -16, -15, -14, -13, -12, -11, -10, -9, -8]","[9.537, 12.055, 15.335, 19.532, 24.72, 31.548000000000002, 39.75, 50.355, 63.478, 79.347, 97.581, 121.233, 149.195, 179.904, 216.869, 256.886, 302.281, 352.712, 408.408, 470.512, 540.932, 621.271, 710.918, 808.042, 914.168, 1033.913, 1163.119, 1306.401]"
B4_3A_45_8A_BC_30,885,"[-35, -34, -33, -32, -31, -30, -29, -28, -27, -26, -25, -24, -23, -22, -21, -20, -19, -18, -17, -16, -15, -14, -13, -12, -11, -10, -9, -8]","[9.232, 11.597, 14.801, 18.769, 23.88, 30.289, 38.605, 48.6, 61.532, 77.287, 96.361, 120.546, 148.089, 181.277, 219.501, 262.608, 310.674, 365.1865, 426.184, 493.324, 569.543, 658.0070000000001, 756.733, 865.9110000000001, 984.97, 1115.129, 1257.534, 1414.969]"
B4_3A_45_8A_BC_30,895,"[-35, -34, -33, -32, -31, -30, -29, -28, -27, -26, -25, -24, -23, -22, -21, -20, -19, -18, -17, -16, -15, -14, -13, -12, -11, -10, -9, -8]","[8.621, 10.91, 13.886, 17.624, 22.278, 28.305, 35.859, 45.319, 57.145, 71.641, 90.639, 113.909, 141.146, 173.877, 211.452, 254.826, 304.6845, 360.418, 424.125, 495.537, 575.494, 667.201, 773.098, 890.669, 1019.379, 1162.165, 1314.26, 1486.687]"
B4_3A_45_8A_BC_30,905,"[-35, -34, -33, -32, -31, -30, -29, -28, -27, -26, -25, -24, -23, -22, -21, -20, -19, -18, -17, -16, -15, -14, -13, -12, -11, -10, -9, -8]","[7.935, 10.071, 12.741, 16.098, 20.371, 25.94, 32.578, 41.161, 51.766000000000005, 64.7365, 82.856, 104.257, 129.625, 159.724, 195.163, 236.744, 284.428, 339.017, 402.075, 473.182, 550.5075, 646.296, 754.94, 876.707, 1010.758, 1158.236, 1320.287, 1502.098]"
B4_3A_45_8A_BC_30,915,"[-35, -34, -33, -32, -31, -30, -29, -28, -27, -26, -25, -24, -23, -22, -21, -20, -19, -18, -17, -16, -15, -14, -13, -12, -11, -10, -9, -8]","[7.324, 9.232, 11.597, 14.649, 18.616, 23.346, 29.374, 37.079, 46.464, 58.213, 74.006, 93.309, 116.197, 143.473, 175.479, 213.092, 257.343, 308.232, 366.522, 433.738, 509.4605, 604.334, 708.591, 828.717, 960.25, 1110.628, 1275.044, 1457.771]"
B4_3A_45_8A_BC_30,925,"[-35, -34, -33, -32, -31, -30, -29, -28, -27, -26, -25, -24, -23, -22, -21, -20, -19, -18, -17, -16, -15, -14, -13, -12, -11, -10, -9, -8]","[6.714, 8.392, 10.758, 13.504, 16.938, 21.363, 26.856, 33.684, 42.115, 52.567, 66.644, 83.543, 103.761, 128.252, 157.015, 190.661, 230.793, 276.646, 330.205, 392.157, 464.065, 553.063, 651.217, 765.545, 892.042, 1035.782, 1197.91, 1376.135]"
B4_3A_45_8A_BC_30,935,"[-35, -34, -33, -32, -31, -30, -29, -28, -27, -26, -25, -24, -23, -22, -21, -20, -19, -18, -17, -16, -15, -14, -13, -12, -11, -10, -9, -8]","[6.332, 7.935, 10.071, 12.512, 15.869, 19.875, 24.949, 31.205, 38.911, 48.524, 60.426, 75.761, 94.148, 116.274, 141.451, 172.8465, 208.743, 250.095, 298.161, 354.772, 423.896, 505.913, 596.933, 701.839, 822.309, 958.114, 1112.497, 1283.131]"
B4_3A_45_8A_BC_30,945,"[-35, -34, -33, -32, -31, -30, -29, -28, -27, -26, -25, -24, -23, -22, -21, -20, -19, -18, -17, -16, -15, -14, -13, -12, -11, -10, -9, -8]","[5.951, 7.553, 9.461, 11.902, 14.954, 18.769, 23.499, 29.297, 36.507000000000005, 45.319, 55.009, 69.276, 85.985, 105.974, 129.778, 157.626, 189.975, 228.122, 272.297, 323.11, 388.037, 463.569, 547.494, 644.541, 756.39, 883.04, 1027.848, 1188.907]"
B4_3A_45_8A_BC_30,955,"[-35, -34, -33, -32, -31, -30, -29, -28, -27, -26, -25, -24, -23, -22, -21, -20, -19, -18, -17, -16, -15, -14, -13, -12, -11, -10, -9, -8]","[5.646, 7.172, 9.003, 11.215, 14.115, 17.777, 22.126, 27.695, 34.409, 42.649, 51.041, 63.859, 79.347, 97.734, 119.364, 145.075, 175.097, 209.277, 250.20999999999998, 297.475, 357.214, 425.193, 504.234, 593.957, 697.604, 815.366, 948.653, 1101.396]"
B4_3A_45_8A_BC_30,965,"[-35, -34, -33, -32, -31, -30, -29, -28, -27, -26, -25, -24, -23, -22, -21, -20, -19, -18, -17, -16, -15, -14, -13, -12, -11, -10, -9, -8]","[5.341, 6.79, 8.469, 10.681, 13.428, 16.785, 20.905, 26.093, 32.502, 40.284, 47.456, 59.358, 73.396, 90.639, 110.475, 134.356, 162.356, 194.324, 232.0515, 275.807, 330.739, 393.568, 465.171, 549.859, 644.541, 752.422, 878.309, 1019.4935]"
B4_3A_45_8A_BC_30,975,"[-35, -34, -33, -32, -31, -30, -29, -28, -27, -26, -25, -24, -23, -22, -21, -20, -19, -18, -17, -16, -15, -14, -13, -12, -11, -10, -9, -8]","[5.188, 6.409, 8.087, 10.071, 12.741, 15.793, 19.837, 24.72, 30.747, 38.148, 44.556, 55.619, 68.742, 84.688, 103.685, 125.505, 151.598, 181.888, 216.831, 257.649, 308.08, 366.674, 433.509, 510.872, 600.633, 701.457, 819.104, 951.5145]"
B4_3A_45_8A_BC_30,985,"[-35, -34, -33, -32, -31, -30, -29, -28, -27, -26, -25, -24, -23, -22, -21, -20, -19, -18, -17, -16, -15, -14, -13, -12, -11, -10, -9, -8]","[4.883, 6.104, 7.63, 9.537, 12.055, 14.954, 18.769, 23.423, 28.992, 36.164, 42.191, 52.567, 65.309, 80.415, 98.116, 119.249, 143.816, 172.503, 205.615, 244.297, 288.09, 342.832, 406.882, 479.629, 562.371, 658.503, 767.872, 892.424]"
B4_3A_45_8A_BC_30,995,"[-35, -34, -33, -32, -31, -30, -29, -28, -27, -26, -25, -24, -23, -22, -21, -20, -19, -18, -17, -16, -15, -14, -13, -12, -11, -10, -9, -8]","[4.578, 5.798, 7.248, 9.003, 11.292, 14.115, 17.7, 21.973, 27.314, 33.837, 40.131, 50.05, 61.875, 76.02799999999999, 93.538, 113.298, 136.721, 164.034, 195.544, 232.09, 272.221, 323.949, 383.001, 450.37, 531.243, 620.928, 724.269, 841.84]"
98_A3_16_8F_58_E8,705,"[-35, -34, -33, -32, -31, -30, -29, -28, -27, -26, -25, -24, -23, -22, -21, -20, -19, -18, -17, -16, -15, -14, -13, -12, -11, -10, -9, -8]","[1.373, 1.755, 2.2510000000000003, 2.747, 3.51, 4.349, 5.417, 6.752000000000001, 8.392, 10.376, 13.199, 16.48, 20.371, 25.254, 30.9, 37.842, 45.93, 55.39, 66.606, 79.5, 95.979, 113.603, 134.432, 157.321, 183.60399999999998, 212.634, 246.738, 284.08500000000004]"
98_A3_16_8F_58_E8,715,"[-35, -34, -33, -32, -31, -30, -29, -28, -27, -26, -25, -24, -23, -22, -21, -20, -19, -18, -17, -16, -15, -14, -13, -12, -11, -10, -9, -8]","[1.678, 2.0220000000000002, 2.518, 3.204, 4.044, 5.0735, 6.256, 7.782, 9.689, 11.978, 15.03, 18.692, 23.117, 28.458, 34.943, 42.5345, 51.385000000000005, 62.028, 74.159, 88.35, 105.974, 124.666, 146.9825, 172.198, 200.275, 231.937, 267.872, 307.65999999999997]"
98_A3_16_8F_58_E8,725,"[-35, -34, -33, -32, -31, -30, -29, -28, -27, -26, -25, -24, -23, -22, -21, -20, -19, -18, -17, -16, -15, -14, -13, -12, -11, -10, -9, -8]","[1.907, 2.365, 2.976, 3.738, 4.73, 5.875, 7.324, 9.079, 11.215, 13.886, 17.014, 20.981, 26.017, 31.968, 39.139, 47.608, 57.527, 68.971, 82.246, 97.658, 116.197, 137.102, 160.22, 187.61, 217.06, 251.469, 289.693, 332.6085]"
98_A3_16_8F_58_E8,735,"[-35, -34, -33, -32, -31, -30, -29, -28, -27, -26, -25, -24, -23, -22, -21, -20, -19, -18, -17, -16, -15, -14, -13, -12, -11, -10, -9, -8]","[2.213, 2.747, 3.4715, 4.349, 5.455, 6.714, 8.392, 10.452, 12.97, 16.06, 19.226, 23.651, 29.221, 36.011, 43.87, 53.254, 64.088, 76.6385, 91.249, 107.614, 126.993, 149.538, 174.3725, 203.021, 235.218, 271.763, 312.428, 356.909]"
98_A3_16_8F_58_E8,745,"[-35, -34, -33, -32, -31, -30, -29, -28, -27, -26, -25, -24, -23, -22, -21, -20, -19, -18, -17, -16, -15, -14, -13, -12, -11, -10, -9, -8]","[2.594, 3.204, 3.9290000000000003, 4.959, 6.256, 7.782, 9.651, 11.902, 14.878, 18.425, 21.592, 26.856, 33.112, 40.436, 49.134, 59.434, 71.26, 85.222, 101.015, 118.791, 138.705, 162.31799999999998, 190.127, 220.798, 255.207, 294.194, 337.072, 384.985]"
98_A3_16_8F_58_E8,755,"[-35, -34, -33, -32, -31, -30, -29, -28, -27, -26, -25, -24, -23, -22, -21, -20, -19, -18, -17, -16, -15, -14, -13, -12, -11, -10, -9, -8]","[2.899, 3.586, 4.501, 5.722, 7.095, 8.8885, 10.986, 13.733, 16.938, 20.829, 24.414, 30.213, 37.156, 45.396, 55.161, 66.3, 79.5, 94.606, 111.73400000000001, 130.999, 152.743, 178.225, 208.057, 240.558, 278.019, 319.295, 364.996, 417.029]"
98_A3_16_8F_58_E8,765,"[-35, -34, -33, -32, -31, -30, -29, -28, -27, -26, -25, -24, -23, -22, -21, -20, -19, -18, -17, -16, -15, -14, -13, -12, -11, -10, -9, -8]","[3.281, 4.044, 5.15, 6.409, 8.087, 9.995, 12.512, 15.526, 19.226, 23.651, 27.619, 34.104, 42.0005, 50.965, 61.760999999999996, 74.083, 88.808, 104.982, 123.598, 144.732, 168.231, 196.613, 228.275, 263.981, 303.731, 347.3335, 397.421, 453.117]"
98_A3_16_8F_58_E8,775,"[-35, -34, -33, -32, -31, -30, -29, -28, -27, -26, -25, -24, -23, -22, -21, -20, -19, -18, -17, -16, -15, -14, -13, -12, -11, -10, -9, -8]","[3.662, 4.654, 5.798, 7.324, 9.155, 11.368, 14.115, 17.548, 21.668, 26.627, 31.434, 38.605, 47.417500000000004, 57.45, 69.429, 83.429, 99.031, 117.037, 137.293, 160.22, 187.076, 217.288, 251.698, 290.455, 333.3715, 381.17, 434.501, 493.858]"
98_A3_16_8F_58_E8,785,"[-35, -34, -33, -32, -31, -30, -29, -28, -27, -26, -25, -24, -23, -22, -21, -20, -19, -18, -17, -16, -15, -14, -13, -12, -11, -10, -9, -8]","[4.196, 5.341, 6.638, 8.24, 10.376, 12.932, 16.098, 19.913, 24.567, 30.175, 35.706, 44.137, 54.17, 65.537, 78.889, 94.377, 111.849, 131.456, 153.62, 178.836, 208.667, 241.855, 279.164, 321.39300000000003, 367.895, 419.776, 477.455, 542.458]"
98_A3_16_8F_58_E8,795,"[-35, -34, -33, -32, -31, -30, -29, -28, -27, -26, -25, -24, -23, -22, -21, -20, -19, -18, -17, -16, -15, -14, -13, -12, -11, -10, -9, -8]","[4.807, 6.027, 7.477, 9.384, 11.749, 14.725, 18.235, 22.583, 27.848, 34.18, 41.352, 50.66, 61.952, 74.922, 89.876, 107.042, 126.192, 148.013, 172.58, 200.046, 233.234, 270.314, 310.254, 356.146, 406.958, 463.188, 526.589, 596.1320000000001]"
98_A3_16_8F_58_E8,805,"[-35, -34, -33, -32, -31, -30, -29, -28, -27, -26, -25, -24, -23, -22, -21, -20, -19, -18, -17, -16, -15, -14, -13, -12, -11, -10, -9, -8]","[5.417, 6.8285, 8.545, 10.681, 13.352, 16.632, 20.752, 25.673000000000002, 31.662, 38.834, 47.456, 58.366, 70.726, 85.451, 102.312, 121.309, 142.824, 167.01, 193.866, 224.231, 261.006, 300.603, 345.159, 395.209, 450.37, 511.635, 580.529, 655.909]"
98_A3_16_8F_58_E8,815,"[-35, -34, -33, -32, -31, -30, -29, -28, -27, -26, -25, -24, -23, -22, -21, -20, -19, -18, -17, -16, -15, -14, -13, -12, -11, -10, -9, -8]","[6.104, 7.706, 9.613, 12.131, 15.183, 18.921, 23.575, 29.221, 36.088, 44.251, 54.322, 66.758, 80.873, 97.581, 116.4645, 137.484, 161.212, 188.144, 217.975, 251.545, 290.761, 335.241, 383.993, 438.697, 498.8555, 565.652, 639.506, 722.4765]"
98_A3_16_8F_58_E8,825,"[-35, -34, -33, -32, -31, -30, -29, -28, -27, -26, -25, -24, -23, -22, -21, -20, -19, -18, -17, -16, -15, -14, -13, -12, -11, -10, -9, -8]","[6.981, 8.698, 10.986, 13.733, 17.281, 21.592, 26.932, 33.341, 41.123, 50.431, 62.562, 76.371, 93.08, 111.162, 132.677, 156.252, 182.956, 212.787, 245.975, 282.826, 325.322, 374.075, 427.634, 486.229, 551.995, 625.925, 706.378, 795.453]"
98_A3_16_8F_58_E8,835,"[-35, -34, -33, -32, -31, -30, -29, -28, -27, -26, -25, -24, -23, -22, -21, -20, -19, -18, -17, -16, -15, -14, -13, -12, -11, -10, -9, -8]","[7.782, 9.766, 12.36, 15.564, 19.532, 24.491, 30.442, 38.071, 46.998, 57.603, 71.489, 87.282, 106.05, 127.184, 151.026, 177.462, 207.141, 240.635, 277.21799999999996, 318.074, 364.157, 417.945, 476.692, 542.2675, 614.328, 693.866, 783.0550000000001, 881.437]"
98_A3_16_8F_58_E8,845,"[-35, -34, -33, -32, -31, -30, -29, -28, -27, -26, -25, -24, -23, -22, -21, -20, -19, -18, -17, -16, -15, -14, -13, -12, -11, -10, -9, -8]","[8.621, 10.91, 13.733, 17.433500000000002, 21.782, 27.543, 34.409, 42.802, 53.063, 65.309, 81.331, 99.641, 120.394, 143.893, 170.672, 200.656, 234.302, 271.153, 312.428, 357.7095, 409.171, 468.452, 533.455, 605.669, 685.13, 771.229, 870.069, 977.874]"
98_A3_16_8F_58_E8,855,"[-35, -34, -33, -32, -31, -30, -29, -28, -27, -26, -25, -24, -23, -22, -21, -20, -19, -18, -17, -16, -15, -14, -13, -12, -11, -10, -9, -8]","[9.308, 11.826, 14.954, 18.921, 23.957, 30.0985, 37.919, 47.532, 59.052, 73.014, 90.41, 111.0475, 134.203, 161.059, 190.509, 224.689, 261.88300000000004, 303.426, 349.05, 400.168, 457.16, 523.003, 595.254, 675.135, 764.553, 861.219, 968.872, 1086.099]"
98_A3_16_8F_58_E8,865,"[-35, -34, -33, -32, -31, -30, -29, -28, -27, -26, -25, -24, -23, -22, -21, -20, -19, -18, -17, -16, -15, -14, -13, -12, -11, -10, -9, -8]","[9.766, 12.36, 15.64, 19.875, 25.177, 31.891, 40.436, 50.851, 63.554, 78.889, 96.895, 119.02, 145.8, 175.097, 208.286, 245.823, 287.099, 333.486, 384.909, 441.367, 505.837, 579.423, 661.402, 750.6295, 848.02, 956.893, 1076.143, 1208.896]"
98_A3_16_8F_58_E8,875,"[-35, -34, -33, -32, -31, -30, -29, -28, -27, -26, -25, -24, -23, -22, -21, -20, -19, -18, -17, -16, -15, -14, -13, -12, -11, -10, -9, -8]","[9.766, 12.436, 15.793, 20.066, 25.444499999999998, 32.425, 40.894, 51.728, 65.08, 81.178, 99.565, 123.598, 151.751, 182.765, 220.111, 260.395, 306.325, 357.443, 413.748, 476.844, 548.409, 630.274, 721.523, 820.478, 928.664, 1051.118, 1183.337, 1329.709]"
98_A3_16_8F_58_E8,885,"[-35, -34, -33, -32, -31, -30, -29, -28, -27, -26, -25, -24, -23, -22, -21, -20, -19, -18, -17, -16, -15, -14, -13, -12, -11, -10, -9, -8]","[9.384, 11.902, 15.183, 19.226, 24.414, 31.052, 39.445, 49.668, 62.867, 78.737, 97.887, 122.225, 149.844, 183.108, 221.561, 264.82, 313.191, 367.895, 429.389, 497.177, 574.273, 663.8055, 763.79, 874.8, 995.7655, 1128.252, 1273.289, 1433.89]"
98_A3_16_8F_58_E8,895,"[-35, -34, -33, -32, -31, -30, -29, -28, -27, -26, -25, -24, -23, -22, -21, -20, -19, -18, -17, -16, -15, -14, -13, -12, -11, -10, -9, -8]","[8.774, 11.139, 14.115, 17.929, 22.736, 28.84, 36.545, 46.159, 58.137, 72.709, 91.859, 115.129, 142.519, 175.059, 212.558, 255.894, 305.638, 361.334, 425.193, 496.681, 576.791, 669.032, 775.578, 894.179, 1024.186, 1168.765, 1322.881, 1497.978]"
98_A3_16_8F_58_E8,905,"[-35, -34, -33, -32, -31, -30, -29, -28, -27, -26, -25, -24, -23, -22, -21, -20, -19, -18, -17, -16, -15, -14, -13, -12, -11, -10, -9, -8]","[8.087, 10.224, 12.97, 16.403, 20.752, 26.322, 33.188, 41.81, 52.491, 65.614, 83.772, 105.211, 130.541, 160.449, 195.773, 237.125, 284.504, 338.674, 401.427, 472.038, 548.943, 644.465, 752.88, 874.8, 1009.003, 1157.168, 1320.211, 1503.548]"
98_A3_16_8F_58_E8,915,"[-35, -34, -33, -32, -31, -30, -29, -28, -27, -26, -25, -24, -23, -22, -21, -20, -19, -18, -17, -16, -15, -14, -13, -12, -11, -10, -9, -8]","[7.439, 9.384, 11.826, 14.839500000000001, 18.921, 23.651, 29.908, 37.575, 47.15, 58.9, 74.846, 94.148, 117.113, 144.274, 176.013, 213.35899999999998, 257.191, 307.5075, 365.225, 431.716, 506.676, 600.595, 704.013, 823.301, 953.994, 1103.914, 1268.101, 1450.904]"
98_A3_16_8F_58_E8,925,"[-35, -34, -33, -32, -31, -30, -29, -28, -27, -26, -25, -24, -23, -22, -21, -20, -19, -18, -17, -16, -15, -14, -13, -12, -11, -10, -9, -8]","[6.79, 8.545, 10.834, 13.657, 17.243, 21.668, 27.237, 34.18, 42.649, 53.178, 67.369, 84.382, 104.524, 128.939, 157.473, 190.89, 230.716, 276.036, 329.061, 390.249, 461.433, 549.248, 646.22, 759.365, 884.565, 1026.703, 1187.762, 1364.767]"
98_A3_16_8F_58_E8,935,"[-35, -34, -33, -32, -31, -30, -29, -28, -27, -26, -25, -24, -23, -22, -21, -20, -19, -18, -17, -16, -15, -14, -13, -12, -11, -10, -9, -8]","[6.409, 8.087, 10.224, 12.741, 16.098, 20.142, 25.33, 31.662, 39.483000000000004, 49.058, 61.112, 76.524, 94.835, 116.96, 142.061, 173.266, 208.82, 249.752, 297.4365, 353.323, 421.683, 502.7465, 592.584, 696.0785, 815.061, 949.111, 1101.7395000000001, 1270.657]"
98_A3_16_8F_58_E8,945,"[-35, -34, -33, -32, -31, -30, -29, -28, -27, -26, -25, -24, -23, -22, -21, -20, -19, -18, -17, -16, -15, -14, -13, -12, -11, -10, -9, -8]","[6.027, 7.63, 9.537, 12.055, 15.259, 18.997, 23.804, 29.679, 37.041, 45.853, 55.695, 69.963, 86.748, 106.699, 130.4265, 158.16, 190.433, 228.1605, 272.03, 322.423, 386.74, 461.433, 544.3275, 640.154, 750.6295, 875.715, 1018.692, 1177.691]"
98_A3_16_8F_58_E8,955,"[-35, -34, -33, -32, -31, -30, -29, -28, -27, -26, -25, -24, -23, -22, -21, -20, -19, -18, -17, -16, -15, -14, -13, -12, -11, -10, -9, -8]","[5.722, 7.172, 9.079, 11.368, 14.343, 18.006, 22.431, 28.0385, 34.867, 43.183, 51.652, 64.546, 80.148, 98.573, 120.165, 145.8, 175.631, 209.735, 250.477, 297.398, 356.603, 423.819, 502.098, 590.753, 693.217, 809.644, 941.405, 1092.165]"
98_A3_16_8F_58_E8,965,"[-35, -34, -33, -32, -31, -30, -29, -28, -27, -26, -25, -24, -23, -22, -21, -20, -19, -18, -17, -16, -15, -14, -13, -12, -11, -10, -9, -8]","[5.417, 6.867, 8.621, 10.758, 13.581, 17.014, 21.134, 26.398, 32.959, 40.818, 48.028000000000006, 60.006, 74.159, 91.402, 111.391, 135.195, 163.043, 194.934, 232.395, 275.959, 330.434, 392.729, 463.798, 547.723, 641.413, 748.15, 872.549, 1012.131]"
98_A3_16_8F_58_E8,975,"[-35, -34, -33, -32, -31, -30, -29, -28, -27, -26, -25, -24, -23, -22, -21, -20, -19, -18, -17, -16, -15, -14, -13, -12, -11, -10, -9, -8]","[5.188, 6.485, 8.164, 10.224, 12.818, 16.098, 20.066, 25.101, 31.128, 38.682, 45.09, 56.229, 69.467, 85.451, 104.448, 126.38300000000001, 152.514, 182.65, 217.517, 258.1445, 308.385, 366.369, 432.70799999999997, 509.499, 598.535, 698.2909999999999, 814.755, 945.754]"
98_A3_16_8F_58_E8,985,"[-35, -34, -33, -32, -31, -30, -29, -28, -27, -26, -25, -24, -23, -22, -21, -20, -19, -18, -17, -16, -15, -14, -13, -12, -11, -10, -9, -8]","[4.883, 6.1419999999999995, 7.782, 9.689, 12.169, 15.183, 19.074, 23.728, 29.374, 36.545, 42.649, 53.101, 65.919, 81.178, 98.9165, 120.0505, 144.6175, 173.19, 206.33999999999997, 244.984, 288.396, 342.794, 406.5, 478.676, 560.922, 656.138, 764.553, 887.846]"
98_A3_16_8F_58_E8,995,"[-35, -34, -33, -32, -31, -30, -29, -28, -27, -26, -25, -24, -23, -22, -21, -20, -19, -18, -17, -16, -15, -14, -13, -12, -11, -10, -9, -8]","[4.578, 5.798, 7.286, 9.079, 11.406, 14.343, 17.853, 22.278, 27.657, 34.18, 40.513, 50.584, 62.409, 76.6, 94.224, 114.061, 137.407, 164.721, 196.231, 232.624, 272.602, 324.025, 382.696, 449.76, 530.022, 618.944, 721.523, 838.026]"
58_E6_C5_00_F6_64,705,"[-35, -34, -33, -32, -31, -30, -29, -28, -27, -26, -25, -24, -23, -22, -21, -20, -19, -18, -17, -16, -15, -14, -13, -12, -11, -10, -9, -8]","[1.221, 1.602, 2.098, 2.67, 3.433, 4.273, 5.493, 6.867, 8.545, 10.681, 13.581, 17.09, 21.21, 26.246, 32.12, 39.292, 47.608, 57.45, 68.894, 82.094, 98.955, 116.96, 138.247, 161.593, 188.411, 218.0895, 252.842, 290.99]"
58_E6_C5_00_F6_64,715,"[-35, -34, -33, -32, -31, -30, -29, -28, -27, -26, -25, -24, -23, -22, -21, -20, -19, -18, -17, -16, -15, -14, -13, -12, -11, -10, -9, -8]","[1.526, 1.984, 2.441, 3.204, 4.044, 5.112, 6.409, 8.087, 10.071, 12.512, 15.717, 19.532, 24.262, 29.793, 36.622, 44.48, 53.712, 64.698, 77.1725, 91.707, 109.941, 128.939, 152.056, 177.768, 206.531, 239.033, 275.807, 316.5865]"
58_E6_C5_00_F6_64,725,"[-35, -34, -33, -32, -31, -30, -29, -28, -27, -26, -25, -24, -23, -22, -21, -20, -19, -18, -17, -16, -15, -14, -13, -12, -11, -10, -9, -8]","[1.831, 2.327, 2.976, 3.815, 4.807, 6.104, 7.63, 9.537, 11.826, 14.725, 17.929, 22.278, 27.543, 33.875, 41.314, 50.202, 60.502, 72.404, 86.137, 102.007, 121.157, 142.748, 166.552, 194.705, 225.147, 260.395, 299.763, 343.862]"
58_E6_C5_00_F6_64,735,"[-35, -34, -33, -32, -31, -30, -29, -28, -27, -26, -25, -24, -23, -22, -21, -20, -19, -18, -17, -16, -15, -14, -13, -12, -11, -10, -9, -8]","[2.213, 2.747, 3.51, 4.425, 5.646, 7.095, 8.927, 11.139, 13.809, 17.166, 20.6, 25.33, 31.281, 38.453, 46.769, 56.611, 67.979, 81.025, 96.132, 113.298, 133.44, 156.786, 182.345, 212.062, 245.289, 282.979, 325.093, 371.023]"
58_E6_C5_00_F6_64,745,"[-35, -34, -33, -32, -31, -30, -29, -28, -27, -26, -25, -24, -23, -22, -21, -20, -19, -18, -17, -16, -15, -14, -13, -12, -11, -10, -9, -8]","[2.594, 3.281, 4.12, 5.264, 6.561, 8.316, 10.414, 12.932, 16.098, 19.913, 23.499, 29.068, 35.782, 43.717, 52.911, 63.783, 76.295, 90.82900000000001, 107.271, 125.887, 146.639, 171.283, 200.122, 232.09, 267.796, 308.156, 352.712, 402.533]"
58_E6_C5_00_F6_64,755,"[-35, -34, -33, -32, -31, -30, -29, -28, -27, -26, -25, -24, -23, -22, -21, -20, -19, -18, -17, -16, -15, -14, -13, -12, -11, -10, -9, -8]","[3.052, 3.815, 4.807, 6.1419999999999995, 7.706, 9.689, 12.055, 14.992, 18.616, 22.965, 26.856, 33.188, 40.665, 49.516, 59.93000000000001, 71.794, 85.756, 101.701, 119.631, 139.887, 162.661, 189.364, 220.569, 254.444, 293.584, 336.538, 384.298, 438.506]"
58_E6_C5_00_F6_64,765,"[-35, -34, -33, -32, -31, -30, -29, -28, -27, -26, -25, -24, -23, -22, -21, -20, -19, -18, -17, -16, -15, -14, -13, -12, -11, -10, -9, -8]","[3.51, 4.425, 5.646, 7.095, 8.927, 11.215, 13.962, 17.319, 21.439, 26.398, 30.747, 37.919, 46.54, 56.229, 67.903, 81.025, 96.666, 113.832, 133.516, 155.795, 180.591, 210.498, 243.839, 281.224, 322.957, 368.582, 421.149, 479.515]"
58_E6_C5_00_F6_64,775,"[-35, -34, -33, -32, -31, -30, -29, -28, -27, -26, -25, -24, -23, -22, -21, -20, -19, -18, -17, -16, -15, -14, -13, -12, -11, -10, -9, -8]","[4.044, 5.188, 6.485, 8.24, 10.3, 12.894, 16.022, 19.913, 24.643, 30.213, 35.554, 43.412, 53.178, 64.088, 77.058, 92.164, 108.873, 127.985, 149.538, 173.953, 202.487, 234.455, 270.771, 311.589, 356.909, 407.416, 463.569, 526.055]"
58_E6_C5_00_F6_64,785,"[-35, -34, -33, -32, -31, -30, -29, -28, -27, -26, -25, -24, -23, -22, -21, -20, -19, -18, -17, -16, -15, -14, -13, -12, -11, -10, -9, -8]","[4.73, 6.027, 7.553, 9.461, 11.978, 14.954, 18.616, 23.041, 28.382, 34.714, 40.97, 50.431, 61.418, 74.006, 88.579, 105.287, 124.056, 145.19, 168.917, 195.85, 227.741, 262.989, 302.739, 347.448, 397.04, 452.049, 513.161, 582.055]"
58_E6_C5_00_F6_64,795,"[-35, -34, -33, -32, -31, -30, -29, -28, -27, -26, -25, -24, -23, -22, -21, -20, -19, -18, -17, -16, -15, -14, -13, -12, -11, -10, -9, -8]","[5.493, 6.943, 8.774, 11.100999999999999, 13.809, 17.395, 21.515, 26.627, 32.731, 40.055, 48.142, 58.747, 71.336, 85.756, 102.083, 120.623, 141.527, 165.103, 191.577, 221.18, 256.886, 296.483, 339.361, 388.342, 442.512, 502.708, 570.382, 644.617]"
58_E6_C5_00_F6_64,805,"[-35, -34, -33, -32, -31, -30, -29, -28, -27, -26, -25, -24, -23, -22, -21, -20, -19, -18, -17, -16, -15, -14, -13, -12, -11, -10, -9, -8]","[6.447, 8.164, 10.262, 12.894, 16.098, 20.142, 25.025, 30.9, 37.919, 46.235, 56.153, 68.589, 82.551, 98.878, 117.494, 138.247, 161.822, 188.067, 217.25, 250.248, 289.845, 332.57, 380.636, 434.615, 494.011, 559.93, 633.86, 714.885]"
58_E6_C5_00_F6_64,815,"[-35, -34, -33, -32, -31, -30, -29, -28, -27, -26, -25, -24, -23, -22, -21, -20, -19, -18, -17, -16, -15, -14, -13, -12, -11, -10, -9, -8]","[7.477, 9.461, 11.902, 14.954, 18.692, 23.346, 29.1065, 35.782, 44.022, 53.559, 65.309, 79.576, 95.483, 114.214, 135.195, 158.541, 184.51999999999998, 214.084, 246.853, 283.284, 325.971, 374.304, 427.405, 486.61, 551.919, 624.17, 704.128, 793.774]"
58_E6_C5_00_F6_64,825,"[-35, -34, -33, -32, -31, -30, -29, -28, -27, -26, -25, -24, -23, -22, -21, -20, -19, -18, -17, -16, -15, -14, -13, -12, -11, -10, -9, -8]","[8.698, 10.948, 13.809, 17.319, 21.82, 27.161, 33.722, 41.581, 51.041, 61.989999999999995, 76.219, 92.241, 111.009, 131.38, 155.489, 181.735, 211.261, 244.373, 280.804, 321.355, 367.895, 421.454, 479.973, 544.06, 615.93, 696.574, 784.39, 881.514]"
58_E6_C5_00_F6_64,835,"[-35, -34, -33, -32, -31, -30, -29, -28, -27, -26, -25, -24, -23, -22, -21, -20, -19, -18, -17, -16, -15, -14, -13, -12, -11, -10, -9, -8]","[9.918, 12.512, 15.869, 19.951, 25.025, 31.281, 38.758, 48.066, 58.9, 71.641, 87.663, 105.898, 127.26, 151.293, 178.073, 207.599, 240.787, 277.905, 318.608, 363.851, 414.8545, 474.327, 539.178, 611.505, 690.852, 778.515, 876.478, 984.512]"
58_E6_C5_00_F6_64,845,"[-35, -34, -33, -32, -31, -30, -29, -28, -27, -26, -25, -24, -23, -22, -21, -20, -19, -18, -17, -16, -15, -14, -13, -12, -11, -10, -9, -8]","[10.91, 13.962, 17.624, 22.278, 28.0, 35.172, 43.793, 54.17, 66.529, 81.407, 99.565, 120.699, 144.35, 171.054, 201.114, 234.989, 272.755, 313.802, 359.96, 410.697, 468.147, 534.218, 606.699, 686.809, 775.158, 870.604, 980.163, 1099.718]"
58_E6_C5_00_F6_64,855,"[-35, -34, -33, -32, -31, -30, -29, -28, -27, -26, -25, -24, -23, -22, -21, -20, -19, -18, -17, -16, -15, -14, -13, -12, -11, -10, -9, -8]","[11.597, 14.801, 18.845, 23.957, 30.251, 37.919, 47.608, 59.205, 73.014, 89.57, 108.873, 132.372, 158.846, 189.212, 222.324, 260.815, 302.434, 349.126, 400.32, 457.618, 521.8969999999999, 596.017, 676.89, 766.4225, 866.407, 974.289, 1094.4915, 1225.223]"
58_E6_C5_00_F6_64,865,"[-35, -34, -33, -32, -31, -30, -29, -28, -27, -26, -25, -24, -23, -22, -21, -20, -19, -18, -17, -16, -15, -14, -13, -12, -11, -10, -9, -8]","[11.787500000000001, 15.03, 19.074, 24.186, 30.594, 38.72, 48.676, 60.96, 75.685, 93.08, 112.80199999999999, 137.484, 167.315, 199.741, 236.744, 278.43899999999996, 324.483, 376.287, 433.967, 497.177, 570.23, 652.934, 745.289, 845.35, 954.8715, 1076.906, 1210.574, 1359.121]"
58_E6_C5_00_F6_64,875,"[-35, -34, -33, -32, -31, -30, -29, -28, -27, -26, -25, -24, -23, -22, -21, -20, -19, -18, -17, -16, -15, -14, -13, -12, -11, -10, -9, -8]","[11.215, 14.343, 18.235, 23.194, 29.259, 37.079, 46.616, 58.442, 73.014, 90.41, 110.094, 135.729, 165.789, 198.978, 239.261, 282.826, 332.876, 388.876, 450.828, 520.485, 600.366, 691.31, 793.317, 904.021, 1025.177, 1162.127, 1310.14, 1473.64]"
58_E6_C5_00_F6_64,885,"[-35, -34, -33, -32, -31, -30, -29, -28, -27, -26, -25, -24, -23, -22, -21, -20, -19, -18, -17, -16, -15, -14, -13, -12, -11, -10, -9, -8]","[10.224, 12.97, 16.48, 20.905, 26.551, 33.57, 42.267, 52.8345, 66.224, 82.246, 102.083, 126.497, 154.421, 188.067, 227.283, 271.763, 321.965, 379.416, 444.419, 516.823, 598.459, 695.506, 804.761, 926.223, 1059.51, 1205.692, 1365.873, 1543.374]"
58_E6_C5_00_F6_64,895,"[-35, -34, -33, -32, -31, -30, -29, -28, -27, -26, -25, -24, -23, -22, -21, -20, -19, -18, -17, -16, -15, -14, -13, -12, -11, -10, -9, -8]","[9.003, 11.482500000000002, 14.649, 18.54, 23.423, 29.603, 37.156, 46.578, 58.137, 72.099, 91.02, 113.1075, 139.01, 170.062, 205.997, 247.807, 296.406, 351.186, 414.74, 487.068, 566.796, 661.707, 772.641, 897.192, 1034.981, 1189.365, 1354.696, 1543.183]"
58_E6_C5_00_F6_64,905,"[-35, -34, -33, -32, -31, -30, -29, -28, -27, -26, -25, -24, -23, -22, -21, -20, -19, -18, -17, -16, -15, -14, -13, -12, -11, -10, -9, -8]","[8.011, 10.147, 12.818, 16.251, 20.523, 25.94, 32.502, 40.665, 50.622, 62.638, 79.805, 99.413, 122.454, 149.615, 181.735, 219.501, 263.142, 313.344, 372.015, 439.002, 511.788, 603.799, 710.002, 830.625, 965.4765, 1115.74, 1282.75, 1472.114]"
58_E6_C5_00_F6_64,915,"[-35, -34, -33, -32, -31, -30, -29, -28, -27, -26, -25, -24, -23, -22, -21, -20, -19, -18, -17, -16, -15, -14, -13, -12, -11, -10, -9, -8]","[7.019, 8.927, 11.368, 14.267, 18.082, 22.698, 28.534, 35.63, 44.327, 54.932, 69.657, 86.824, 107.118, 131.151, 159.152, 192.187, 230.945, 275.769, 327.459, 387.274, 455.558, 541.619, 637.446, 749.371, 873.426, 1017.395, 1176.776, 1356.756]"
58_E6_C5_00_F6_64,925,"[-35, -34, -33, -32, -31, -30, -29, -28, -27, -26, -25, -24, -23, -22, -21, -20, -19, -18, -17, -16, -15, -14, -13, -12, -11, -10, -9, -8]","[6.332, 8.011, 10.224, 12.894, 16.251, 20.447, 25.559, 31.891, 39.521, 48.981, 61.799, 76.677, 94.377, 115.74, 140.612, 169.68, 204.166, 243.763, 289.921, 343.404, 407.034, 484.8935, 571.603, 673.457, 787.404, 918.212, 1067.8645000000001, 1234.302]"
58_E6_C5_00_F6_64,935,"[-35, -34, -33, -32, -31, -30, -29, -28, -27, -26, -25, -24, -23, -22, -21, -20, -19, -18, -17, -16, -15, -14, -13, -12, -11, -10, -9, -8]","[5.875, 7.477, 9.461, 11.826, 14.954, 18.692, 23.423, 29.221, 36.316, 44.862, 55.581, 69.047, 85.069, 104.3335, 126.116, 152.972, 183.795, 219.005, 260.319, 308.614, 368.696, 439.536, 518.196, 609.522, 715.038, 834.897, 972.534, 1126.421]"
58_E6_C5_00_F6_64,945,"[-35, -34, -33, -32, -31, -30, -29, -28, -27, -26, -25, -24, -23, -22, -21, -20, -19, -18, -17, -16, -15, -14, -13, -12, -11, -10, -9, -8]","[5.417, 6.943, 8.774, 11.063, 13.962, 17.472, 21.973, 27.314, 33.799, 41.733, 50.355, 62.943, 77.592, 94.911, 115.587, 139.467, 167.391, 199.93099999999998, 237.736, 281.147, 337.53, 402.152, 474.174, 557.717, 654.459, 764.706, 891.47, 1033.57]"
58_E6_C5_00_F6_64,955,"[-35, -34, -33, -32, -31, -30, -29, -28, -27, -26, -25, -24, -23, -22, -21, -20, -19, -18, -17, -16, -15, -14, -13, -12, -11, -10, -9, -8]","[5.188, 6.561, 8.24, 10.452, 13.123, 16.48, 20.6, 25.635, 31.815, 39.139, 46.616, 57.984, 71.565, 87.663, 106.508, 128.71, 154.574, 184.13799999999998, 219.15800000000002, 259.823, 311.284, 369.421, 437.324, 514.229, 603.647, 705.501, 821.088, 954.376]"
58_E6_C5_00_F6_64,965,"[-35, -34, -33, -32, -31, -30, -29, -28, -27, -26, -25, -24, -23, -22, -21, -20, -19, -18, -17, -16, -15, -14, -13, -12, -11, -10, -9, -8]","[4.883, 6.1419999999999995, 7.782, 9.842, 12.36, 15.564, 19.379, 24.109, 29.984, 37.079, 43.259, 53.941, 66.3, 81.483, 98.802, 119.631, 143.8545, 171.588, 204.089, 241.817, 289.082, 343.023, 404.746, 477.607, 559.167, 652.171, 761.12, 883.803]"
58_E6_C5_00_F6_64,975,"[-35, -34, -33, -32, -31, -30, -29, -28, -27, -26, -25, -24, -23, -22, -21, -20, -19, -18, -17, -16, -15, -14, -13, -12, -11, -10, -9, -8]","[4.578, 5.875, 7.401, 9.232, 11.749, 14.649, 18.311, 22.889, 28.382, 35.096, 40.665, 50.507, 62.257, 76.219, 92.927, 112.078, 134.928, 161.212, 191.653, 226.902, 270.542, 320.974, 378.576, 445.487, 522.927, 610.132, 711.986, 826.886]"
58_E6_C5_00_F6_64,985,"[-35, -34, -33, -32, -31, -30, -29, -28, -27, -26, -25, -24, -23, -22, -21, -20, -19, -18, -17, -16, -15, -14, -13, -12, -11, -10, -9, -8]","[4.349, 5.493, 7.019, 8.774, 11.063, 13.886, 17.319, 21.668, 26.78, 33.188, 38.491, 47.837, 59.205, 72.557, 88.273, 106.813, 128.328, 153.353, 182.345, 215.991, 253.91, 301.289, 356.68, 419.81399999999996, 491.569, 574.96, 669.871, 778.0195]"
58_E6_C5_00_F6_64,995,"[-35, -34, -33, -32, -31, -30, -29, -28, -27, -26, -25, -24, -23, -22, -21, -20, -19, -18, -17, -16, -15, -14, -13, -12, -11, -10, -9, -8]","[4.044, 5.188, 6.485, 8.202, 10.3, 13.046, 16.251, 20.294, 25.177, 31.09, 36.698, 45.586, 56.153, 68.742, 84.154, 101.701, 122.301, 146.258, 173.953, 205.844, 240.635, 285.649, 336.995, 395.743, 466.011, 543.908, 633.86, 736.4385]"
98_A3_16_8F_18_38,705,"[-35, -34, -33, -32, -31, -30, -29, -28, -27, -26, -25, -24, -23, -22, -21, -20, -19, -18, -17, -16, -15, -14, -13, -12, -11, -10, -9, -8]","[1.297, 1.678, 2.136, 2.67, 3.433, 4.273, 5.379, 6.752000000000001, 8.469, 10.567, 13.352, 16.785, 20.829, 25.711, 31.548000000000002, 38.605, 46.845, 56.458, 67.75, 80.797, 97.429, 115.206, 136.263, 159.304, 185.779, 215.076, 249.332, 287.022]"
98_A3_16_8F_18_38,715,"[-35, -34, -33, -32, -31, -30, -29, -28, -27, -26, -25, -24, -23, -22, -21, -20, -19, -18, -17, -16, -15, -14, -13, -12, -11, -10, -9, -8]","[1.526, 1.984, 2.441, 3.204, 3.967, 5.035, 6.332, 7.858, 9.842, 12.207, 15.259, 19.074, 23.651, 28.992, 35.706, 43.412, 52.491, 63.172, 75.456, 89.647, 107.576, 126.345, 149.004, 174.182, 202.487, 234.379, 270.542, 310.597]"
98_A3_16_8F_18_38,725,"[-35, -34, -33, -32, -31, -30, -29, -28, -27, -26, -25, -24, -23, -22, -21, -20, -19, -18, -17, -16, -15, -14, -13, -12, -11, -10, -9, -8]","[1.831, 2.289, 2.899, 3.662, 4.654, 5.875, 7.401, 9.1935, 11.444, 14.267, 17.319, 21.515, 26.627, 32.731, 39.979, 48.6, 58.671, 70.268, 83.619, 99.184, 117.8, 138.933, 162.203, 189.746, 219.501, 253.986, 292.439, 335.584]"
98_A3_16_8F_18_38,735,"[-35, -34, -33, -32, -31, -30, -29, -28, -27, -26, -25, -24, -23, -22, -21, -20, -19, -18, -17, -16, -15, -14, -13, -12, -11, -10, -9, -8]","[2.136, 2.67, 3.433, 4.273, 5.417, 6.79, 8.545, 10.681, 13.275, 16.365000000000002, 19.684, 24.262, 29.908, 36.851, 44.862, 54.322, 65.385, 78.05, 92.699, 109.331, 128.824, 151.598, 176.471, 205.348, 237.659, 274.3955, 315.328, 360.037]"
98_A3_16_8F_18_38,745,"[-35, -34, -33, -32, -31, -30, -29, -28, -27, -26, -25, -24, -23, -22, -21, -20, -19, -18, -17, -16, -15, -14, -13, -12, -11, -10, -9, -8]","[2.441, 3.128, 3.967, 5.035, 6.256, 7.935, 9.918, 12.284, 15.259, 18.845, 22.278, 27.619, 33.951, 41.505, 50.355, 60.807, 72.786, 86.824, 102.693, 120.699, 140.688, 164.5305, 192.34, 223.316, 257.877, 297.017, 340.047, 388.266]"
98_A3_16_8F_18_38,755,"[-35, -34, -33, -32, -31, -30, -29, -28, -27, -26, -25, -24, -23, -22, -21, -20, -19, -18, -17, -16, -15, -14, -13, -12, -11, -10, -9, -8]","[2.899, 3.586, 4.501, 5.722, 7.248, 9.079, 11.292, 14.038, 17.472, 21.515, 25.177, 31.128, 38.224, 46.616, 56.4965, 67.826, 81.254, 96.437, 113.68, 133.135, 154.955, 180.667, 210.651, 243.267, 280.995, 322.271, 368.276, 420.539]"
98_A3_16_8F_18_38,765,"[-35, -34, -33, -32, -31, -30, -29, -28, -27, -26, -25, -24, -23, -22, -21, -20, -19, -18, -17, -16, -15, -14, -13, -12, -11, -10, -9, -8]","[3.281, 4.12, 5.226, 6.561, 8.24, 10.376, 12.894, 16.022, 19.837, 24.491, 28.534, 35.172, 43.336, 52.415, 63.478, 75.914, 90.715, 107.118, 125.887, 147.173, 170.825, 199.359, 231.212, 267.033, 307.012, 350.729, 401.007, 456.931]"
98_A3_16_8F_18_38,775,"[-35, -34, -33, -32, -31, -30, -29, -28, -27, -26, -25, -24, -23, -22, -21, -20, -19, -18, -17, -16, -15, -14, -13, -12, -11, -10, -9, -8]","[3.7, 4.73, 5.951, 7.477, 9.384, 11.749, 14.649, 18.158, 22.583, 27.695, 32.578, 39.979, 49.058, 59.281, 71.412, 85.527, 101.396, 119.478, 139.925, 163.043, 190.051, 220.493, 254.978, 293.812, 336.995, 384.985, 438.544, 498.054]"
98_A3_16_8F_18_38,785,"[-35, -34, -33, -32, -31, -30, -29, -28, -27, -26, -25, -24, -23, -22, -21, -20, -19, -18, -17, -16, -15, -14, -13, -12, -11, -10, -9, -8]","[4.349, 5.417, 6.867, 8.545, 10.834, 13.428, 16.785, 20.829, 25.711, 31.51, 37.232, 45.93, 56.153, 67.75, 81.331, 96.971, 114.595, 134.432, 156.786, 182.116, 212.253, 245.518, 283.055, 325.322, 372.091, 424.201, 482.033, 547.189]"
98_A3_16_8F_18_38,795,"[-35, -34, -33, -32, -31, -30, -29, -28, -27, -26, -25, -24, -23, -22, -21, -20, -19, -18, -17, -16, -15, -14, -13, -12, -11, -10, -9, -8]","[4.883, 6.18, 7.782, 9.842, 12.322, 15.412, 19.226, 23.804, 29.145, 35.897000000000006, 43.259, 52.949, 64.469, 77.745, 92.851, 110.17, 129.625, 151.675, 176.318, 204.013, 237.507, 274.739, 314.87, 360.876, 411.841, 468.299, 531.93, 601.74]"
98_A3_16_8F_18_38,805,"[-35, -34, -33, -32, -31, -30, -29, -28, -27, -26, -25, -24, -23, -22, -21, -20, -19, -18, -17, -16, -15, -14, -13, -12, -11, -10, -9, -8]","[5.646, 7.172, 9.003, 11.292, 14.191, 17.7, 22.049, 27.237, 33.494, 40.97, 49.973, 61.265, 74.006, 88.96, 106.126, 125.277, 147.097, 171.435, 198.444, 229.114, 265.965, 305.867, 350.576, 400.854, 456.321, 517.739, 586.9, 662.5085]"
98_A3_16_8F_18_38,815,"[-35, -34, -33, -32, -31, -30, -29, -28, -27, -26, -25, -24, -23, -22, -21, -20, -19, -18, -17, -16, -15, -14, -13, -12, -11, -10, -9, -8]","[6.561, 8.24, 10.3, 13.046, 16.327, 20.371, 25.33, 31.281, 38.605, 47.074, 57.603, 70.497, 84.916, 102.007, 121.233, 142.596, 166.476, 193.637, 223.774, 257.534, 297.017, 341.65, 390.784, 445.563, 506.065, 573.053, 647.211, 730.373]"
98_A3_16_8F_18_38,825,"[-35, -34, -33, -32, -31, -30, -29, -28, -27, -26, -25, -24, -23, -22, -21, -20, -19, -18, -17, -16, -15, -14, -13, -12, -11, -10, -9, -8]","[7.553, 9.499, 11.978, 14.954, 18.845, 23.537, 29.221, 36.088, 44.404, 54.17, 66.987, 81.331, 98.344, 116.846, 138.743, 162.585, 189.517, 219.73, 253.147, 290.303, 333.181, 382.238, 436.027, 494.926, 560.998, 635.233, 715.953, 805.447]"
98_A3_16_8F_18_38,835,"[-35, -34, -33, -32, -31, -30, -29, -28, -27, -26, -25, -24, -23, -22, -21, -20, -19, -18, -17, -16, -15, -14, -13, -12, -11, -10, -9, -8]","[8.545, 10.834, 13.733, 17.243, 21.744, 27.085, 33.57, 41.733, 51.347, 62.562, 77.058, 93.462, 112.764, 134.432, 158.77, 185.55, 215.61, 249.332, 286.336, 327.611, 373.999, 428.168, 487.259, 553.292, 625.772, 705.806, 795.3, 894.179]"
98_A3_16_8F_18_38,845,"[-35, -34, -33, -32, -31, -30, -29, -28, -27, -26, -25, -24, -23, -22, -21, -20, -19, -18, -17, -16, -15, -14, -13, -12, -11, -10, -9, -8]","[9.613, 12.2455, 15.45, 19.608, 24.567, 30.823, 38.453, 47.608, 58.595, 71.717, 88.502, 107.576, 128.939, 153.048, 180.362, 210.88, 245.06, 282.292, 324.025, 369.879, 421.7975, 481.651, 547.112, 619.821, 699.855, 786.45, 885.939, 994.43]"
98_A3_16_8F_18_38,855,"[-35, -34, -33, -32, -31, -30, -29, -28, -27, -26, -25, -24, -23, -22, -21, -20, -19, -18, -17, -16, -15, -14, -13, -12, -11, -10, -9, -8]","[10.529, 13.352, 17.014, 21.668, 27.314, 34.257, 42.954, 53.483, 65.995, 80.987, 99.184, 120.699, 144.808, 172.427, 202.64, 237.507, 275.349, 317.5785, 363.851, 415.656, 473.144, 539.788, 612.726, 693.446, 783.551, 881.132, 989.586, 1107.729]"
98_A3_16_8F_18_38,865,"[-35, -34, -33, -32, -31, -30, -29, -28, -27, -26, -25, -24, -23, -22, -21, -20, -19, -18, -17, -16, -15, -14, -13, -12, -11, -10, -9, -8]","[11.139, 14.191, 18.006, 22.889, 28.916, 36.545, 46.044, 57.755, 71.641, 88.121, 107.195, 130.312, 158.312, 188.525, 222.782, 261.234, 303.426, 350.729, 403.1815, 460.517, 525.978, 600.595, 683.757, 774.014, 872.663, 982.681, 1103.151, 1237.202]"
98_A3_16_8F_18_38,875,"[-35, -34, -33, -32, -31, -30, -29, -28, -27, -26, -25, -24, -23, -22, -21, -20, -19, -18, -17, -16, -15, -14, -13, -12, -11, -10, -9, -8]","[11.139, 14.191, 18.158, 23.041, 29.221, 37.079, 46.693, 58.747, 73.396, 90.791, 110.246, 135.729, 165.331, 197.528, 236.286, 277.943, 325.17, 377.585, 435.187, 499.58, 572.824, 656.138, 749.065, 849.622, 959.716, 1083.772, 1218.051, 1366.445]"
98_A3_16_8F_18_38,885,"[-35, -34, -33, -32, -31, -30, -29, -28, -27, -26, -25, -24, -23, -22, -21, -20, -19, -18, -17, -16, -15, -14, -13, -12, -11, -10, -9, -8]","[10.605, 13.504, 17.243, 21.897, 27.848, 35.248, 44.633, 55.924, 70.268, 87.51, 107.958, 133.822, 162.89, 197.681, 237.736, 282.521, 332.647, 389.181, 452.354, 522.164, 601.587, 693.217, 795.682, 909.056, 1032.731, 1167.849, 1315.633, 1479.362]"
98_A3_16_8F_18_38,895,"[-35, -34, -33, -32, -31, -30, -29, -28, -27, -26, -25, -24, -23, -22, -21, -20, -19, -18, -17, -16, -15, -14, -13, -12, -11, -10, -9, -8]","[9.766, 12.36, 15.793, 20.142, 25.483, 32.235, 40.665, 51.27, 64.24, 79.957, 100.366, 124.895, 153.582, 187.61, 226.749, 271.763, 323.415, 381.094, 446.975, 521.019, 603.571, 698.711, 808.499, 930.495, 1064.088, 1212.558, 1370.565, 1549.821]"
98_A3_16_8F_18_38,905,"[-35, -34, -33, -32, -31, -30, -29, -28, -27, -26, -25, -24, -23, -22, -21, -20, -19, -18, -17, -16, -15, -14, -13, -12, -11, -10, -9, -8]","[8.774, 11.215, 14.191, 18.006, 22.889, 28.916, 36.393, 45.701, 57.221, 71.107, 90.41, 112.84, 139.239, 170.291, 206.912, 249.638, 298.619, 354.62, 419.471, 492.561, 571.908, 670.634, 782.6735, 908.37, 1047.074, 1199.741, 1367.819, 1556.344]"
98_A3_16_8F_18_38,915,"[-35, -34, -33, -32, -31, -30, -29, -28, -27, -26, -25, -24, -23, -22, -21, -20, -19, -18, -17, -16, -15, -14, -13, -12, -11, -10, -9, -8]","[7.935, 10.071, 12.818, 16.098, 20.447, 25.711, 32.311, 40.589, 50.66, 63.02, 79.805, 99.718, 123.369, 151.293, 183.871, 222.286, 267.338, 318.99, 378.347, 446.746, 523.995, 620.737, 727.398, 850.538, 985.428, 1140.2685000000001, 1309.606, 1498.283]"
98_A3_16_8F_18_38,925,"[-35, -34, -33, -32, -31, -30, -29, -28, -27, -26, -25, -24, -23, -22, -21, -20, -19, -18, -17, -16, -15, -14, -13, -12, -11, -10, -9, -8]","[7.172, 9.079, 11.597, 14.649, 18.387, 23.27, 29.068, 36.393, 45.319, 56.306, 71.031, 88.464, 109.102, 134.051, 163.15699999999998, 197.147, 237.736, 283.818, 337.835, 400.435, 473.259, 563.439, 662.852, 779.049, 907.759, 1054.322, 1220.1495, 1402.609]"
98_A3_16_8F_18_38,935,"[-35, -34, -33, -32, -31, -30, -29, -28, -27, -26, -25, -24, -23, -22, -21, -20, -19, -18, -17, -16, -15, -14, -13, -12, -11, -10, -9, -8]","[6.638, 8.469, 10.681, 13.428, 17.014, 21.363, 26.78, 33.341, 41.581, 51.499, 63.859, 79.576, 98.192, 120.623, 146.029, 177.539, 213.55, 254.826, 303.12, 359.808, 429.541, 511.94, 603.494, 709.239, 830.8155, 968.185, 1124.59, 1298.161]"
98_A3_16_8F_18_38,945,"[-35, -34, -33, -32, -31, -30, -29, -28, -27, -26, -25, -24, -23, -22, -21, -20, -19, -18, -17, -16, -15, -14, -13, -12, -11, -10, -9, -8]","[6.256, 7.858, 9.956499999999998, 12.589, 15.869, 19.913, 25.025, 31.052, 38.682, 47.761, 57.755, 72.251, 89.189, 109.331, 133.288, 161.135, 193.5225, 231.479, 275.578, 326.314, 391.5085, 467.002, 550.927, 648.127, 760.433, 887.846, 1033.646, 1196.231]"
98_A3_16_8F_18_38,955,"[-35, -34, -33, -32, -31, -30, -29, -28, -27, -26, -25, -24, -23, -22, -21, -20, -19, -18, -17, -16, -15, -14, -13, -12, -11, -10, -9, -8]","[5.8365, 7.401, 9.384, 11.826, 14.878, 18.692, 23.423, 29.068, 36.164, 44.633, 53.178, 66.3, 81.941, 100.404, 122.148, 147.784, 177.691, 211.795, 252.461, 299.611, 358.968, 426.566, 505.303, 594.873, 698.482, 816.281, 949.874, 1103.151]"
98_A3_16_8F_18_38,965,"[-35, -34, -33, -32, -31, -30, -29, -28, -27, -26, -25, -24, -23, -22, -21, -20, -19, -18, -17, -16, -15, -14, -13, -12, -11, -10, -9, -8]","[5.493, 6.943, 8.774, 11.139, 14.038, 17.548, 21.973, 27.314, 33.951, 42.039, 49.134, 61.341, 75.456, 92.737, 112.612, 136.416, 164.263, 196.002, 233.387, 276.875, 331.159, 393.53, 464.714, 548.867, 643.015, 750.515, 875.944, 1017.166]"
98_A3_16_8F_18_38,975,"[-35, -34, -33, -32, -31, -30, -29, -28, -27, -26, -25, -24, -23, -22, -21, -20, -19, -18, -17, -16, -15, -14, -13, -12, -11, -10, -9, -8]","[5.188, 6.561, 8.316, 10.376, 13.199, 16.441499999999998, 20.676, 25.711, 31.968, 39.597, 45.93, 57.069, 70.42, 86.328, 105.287, 127.108, 153.048, 183.032, 217.67, 258.03, 307.622, 365.454, 431.678, 508.354, 597.3525, 697.337, 814.298, 945.983]"
98_A3_16_8F_18_38,985,"[-35, -34, -33, -32, -31, -30, -29, -28, -27, -26, -25, -24, -23, -22, -21, -20, -19, -18, -17, -16, -15, -14, -13, -12, -11, -10, -9, -8]","[4.883, 6.18, 7.782, 9.804, 12.36, 15.488, 19.493499999999997, 24.224, 29.908, 37.156, 43.259, 53.788, 66.606, 81.636, 99.26, 120.203, 144.579, 172.885, 205.615, 243.839, 286.717, 340.658, 403.906, 475.7, 557.488, 652.628, 760.815, 884.26]"
98_A3_16_8F_18_38,995,"[-35, -34, -33, -32, -31, -30, -29, -28, -27, -26, -25, -24, -23, -22, -21, -20, -19, -18, -17, -16, -15, -14, -13, -12, -11, -10, -9, -8]","[4.578, 5.798, 7.324, 9.155, 11.444, 14.496, 18.082, 22.583, 28.0, 34.562, 40.894, 50.889, 62.753, 76.753, 94.072, 113.68, 136.873, 163.729, 194.858, 230.793, 269.932, 320.668, 378.729, 445.106, 524.758, 612.9929999999999, 714.9995, 831.159]"
B4_3A_45_80_89_AC,705,"[-35, -34, -33, -32, -31, -30, -29, -28, -27, -26, -25, -24, -23, -22, -21, -20, -19, -18, -17, -16, -15, -14, -13, -12, -11, -10, -9, -8]","[1.602, 1.984, 2.4795, 3.128, 3.891, 4.883, 6.027, 7.477, 9.308, 11.521, 14.496, 18.082, 22.354, 27.619, 33.722, 41.123, 49.744, 59.815, 71.641, 85.298, 102.617, 121.042, 142.977, 166.934, 194.4, 224.765, 260.395, 299.306]"
B4_3A_45_80_89_AC,715,"[-35, -34, -33, -32, -31, -30, -29, -28, -27, -26, -25, -24, -23, -22, -21, -20, -19, -18, -17, -16, -15, -14, -13, -12, -11, -10, -9, -8]","[1.907, 2.365, 2.899, 3.662, 4.578, 5.646, 7.057, 8.774, 10.834, 13.352, 16.709, 20.676, 25.483, 31.281, 38.376, 46.464, 56.001, 67.292, 80.186, 95.064, 113.794, 133.364, 157.015, 183.337, 212.863, 246.052, 283.589, 325.399]"
B4_3A_45_80_89_AC,725,"[-35, -34, -33, -32, -31, -30, -29, -28, -27, -26, -25, -24, -23, -22, -21, -20, -19, -18, -17, -16, -15, -14, -13, -12, -11, -10, -9, -8]","[2.1745, 2.747, 3.433, 4.273, 5.3025, 6.638, 8.24, 10.224, 12.665, 15.64, 18.959, 23.461, 28.916, 35.477, 43.183, 52.262, 63.02, 75.227, 89.342, 105.669, 125.2, 147.326, 171.817, 200.504, 231.67000000000002, 267.72, 307.927, 352.941]"
B4_3A_45_80_89_AC,735,"[-35, -34, -33, -32, -31, -30, -29, -28, -27, -26, -25, -24, -23, -22, -21, -20, -19, -18, -17, -16, -15, -14, -13, -12, -11, -10, -9, -8]","[2.594, 3.204, 3.967, 4.959, 6.18, 7.706, 9.613, 11.902, 14.725, 18.082, 21.668, 26.589, 32.654, 40.131, 48.676, 58.824, 70.573, 84.001, 99.565, 117.113, 137.636, 161.669, 187.8005, 218.128, 252.155, 290.608, 333.639, 380.484]"
B4_3A_45_80_89_AC,745,"[-35, -34, -33, -32, -31, -30, -29, -28, -27, -26, -25, -24, -23, -22, -21, -20, -19, -18, -17, -16, -15, -14, -13, -12, -11, -10, -9, -8]","[2.976, 3.738, 4.578, 5.798, 7.172, 9.003, 11.139, 13.733, 17.014, 20.981, 24.643, 30.442, 37.308, 45.472, 54.932, 66.148, 79.042, 93.919, 110.857, 129.931, 151.141, 176.318, 205.768, 238.499, 274.968, 316.243, 361.563, 412.375]"
B4_3A_45_80_89_AC,755,"[-35, -34, -33, -32, -31, -30, -29, -28, -27, -26, -25, -24, -23, -22, -21, -20, -19, -18, -17, -16, -15, -14, -13, -12, -11, -10, -9, -8]","[3.433, 4.273, 5.3025, 6.638, 8.24, 10.3, 12.818, 15.869, 19.57, 24.033, 28.077, 34.562, 42.267, 51.347, 62.104, 74.311, 88.731, 104.982, 123.445, 144.121, 167.4295, 194.705, 226.596, 261.234, 301.061, 344.93, 393.683, 448.806]"
B4_3A_45_80_89_AC,765,"[-35, -34, -33, -32, -31, -30, -29, -28, -27, -26, -25, -24, -23, -22, -21, -20, -19, -18, -17, -16, -15, -14, -13, -12, -11, -10, -9, -8]","[3.891, 4.883, 6.104, 7.553, 9.537, 11.826, 14.725, 18.235, 22.354, 27.543, 32.044, 39.368, 48.219, 58.289, 70.191, 83.696, 99.718, 117.342, 137.407, 160.372, 185.626, 216.144, 250.172, 288.319, 330.968, 377.432, 430.838, 490.349]"
B4_3A_45_80_89_AC,775,"[-35, -34, -33, -32, -31, -30, -29, -28, -27, -26, -25, -24, -23, -22, -21, -20, -19, -18, -17, -16, -15, -14, -13, -12, -11, -10, -9, -8]","[4.501, 5.57, 7.019, 8.736, 10.91, 13.581, 16.785, 20.752, 25.559, 31.357, 36.851, 45.014, 55.009, 66.224, 79.576, 94.987, 112.154, 131.685, 153.735, 178.683, 207.752, 240.482, 277.409, 319.142, 365.301, 416.762, 473.869, 537.423]"
B4_3A_45_80_89_AC,785,"[-35, -34, -33, -32, -31, -30, -29, -28, -27, -26, -25, -24, -23, -22, -21, -20, -19, -18, -17, -16, -15, -14, -13, -12, -11, -10, -9, -8]","[5.188, 6.485, 8.049, 9.995, 12.589, 15.64, 19.455, 23.88, 29.374, 35.859, 42.267, 52.033, 63.401, 76.219, 91.173, 108.263, 127.489, 149.081, 173.342, 200.7705, 233.387, 269.322, 309.758, 355.383, 405.814, 461.738, 523.919, 593.919]"
B4_3A_45_80_89_AC,795,"[-35, -34, -33, -32, -31, -30, -29, -28, -27, -26, -25, -24, -23, -22, -21, -20, -19, -18, -17, -16, -15, -14, -13, -12, -11, -10, -9, -8]","[5.951, 7.439, 9.232, 11.559000000000001, 14.42, 18.082, 22.278, 27.543, 33.646, 41.199, 49.516, 60.426, 73.32, 88.045, 104.753, 123.7125, 145.037, 169.299, 196.155, 226.291, 262.76, 303.044, 346.685, 396.658, 451.667, 512.779, 581.598, 656.825]"
B4_3A_45_80_89_AC,805,"[-35, -34, -33, -32, -31, -30, -29, -28, -27, -26, -25, -24, -23, -22, -21, -20, -19, -18, -17, -16, -15, -14, -13, -12, -11, -10, -9, -8]","[6.79, 8.545, 10.758, 13.352, 16.709, 20.752, 25.788, 31.662, 38.834, 47.303, 57.603, 70.344, 84.688, 101.244, 120.317, 141.527, 165.5985, 192.378, 222.019, 255.627, 295.949, 339.437, 388.342, 443.046, 503.471, 570.382, 645.4185, 727.626]"
B4_3A_45_80_89_AC,815,"[-35, -34, -33, -32, -31, -30, -29, -28, -27, -26, -25, -24, -23, -22, -21, -20, -19, -18, -17, -16, -15, -14, -13, -12, -11, -10, -9, -8]","[7.782, 9.842, 12.284, 15.488, 19.303, 23.88, 29.679, 36.545, 44.862, 54.627, 66.606, 81.178, 97.429, 116.579, 137.942, 161.746, 188.22, 218.357, 251.774, 288.701, 332.265, 381.247, 435.111, 495.308, 561.608, 634.852, 715.877, 806.745]"
B4_3A_45_80_89_AC,825,"[-35, -34, -33, -32, -31, -30, -29, -28, -27, -26, -25, -24, -23, -22, -21, -20, -19, -18, -17, -16, -15, -14, -13, -12, -11, -10, -9, -8]","[9.003, 11.215, 14.115, 17.662, 22.126, 27.619, 34.18, 42.115, 51.652, 62.867, 77.287, 93.538, 112.764, 133.516, 158.1215, 184.787, 214.847, 248.569, 285.496, 326.772, 373.999, 428.321, 487.678, 552.758, 625.544, 707.2175, 796.139, 894.408]"
B4_3A_45_80_89_AC,835,"[-35, -34, -33, -32, -31, -30, -29, -28, -27, -26, -25, -24, -23, -22, -21, -20, -19, -18, -17, -16, -15, -14, -13, -12, -11, -10, -9, -8]","[10.147, 12.665, 16.022, 20.066, 25.177, 31.357, 38.911, 48.219, 59.281, 72.099, 88.426, 106.889, 128.5955, 152.972, 180.285, 210.269, 243.992, 281.605, 323.034, 368.887, 420.768, 480.888, 546.54, 619.783, 700.16, 788.815, 887.922, 997.177]"
B4_3A_45_80_89_AC,845,"[-35, -34, -33, -32, -31, -30, -29, -28, -27, -26, -25, -24, -23, -22, -21, -20, -19, -18, -17, -16, -15, -14, -13, -12, -11, -10, -9, -8]","[11.0245, 13.962, 17.624, 22.202, 27.8095, 34.867, 43.488, 53.864, 66.377, 81.254, 99.565, 120.8895, 144.884, 171.969, 202.487, 236.78199999999998, 275.006, 316.777, 363.47, 414.893, 473.106, 539.94, 613.26, 694.209, 783.551, 879.988, 990.616, 1111.315]"
B4_3A_45_80_89_AC,855,"[-35, -34, -33, -32, -31, -30, -29, -28, -27, -26, -25, -24, -23, -22, -21, -20, -19, -18, -17, -16, -15, -14, -13, -12, -11, -10, -9, -8]","[11.521, 14.610499999999998, 18.578, 23.499, 29.679, 37.232, 46.693, 58.289, 71.946, 88.502, 107.958, 131.571, 158.236, 188.83, 222.324, 261.158, 303.273, 350.576, 402.342, 460.136, 525.444, 600.137, 681.849, 772.107, 873.045, 981.918, 1103.075, 1234.607]"
B4_3A_45_80_89_AC,865,"[-35, -34, -33, -32, -31, -30, -29, -28, -27, -26, -25, -24, -23, -22, -21, -20, -19, -18, -17, -16, -15, -14, -13, -12, -11, -10, -9, -8]","[11.673, 14.801, 18.692, 23.613, 29.793, 37.613, 47.379, 59.434, 73.93, 91.096, 110.89500000000001, 135.424, 165.408, 197.91, 235.142, 276.951, 323.415, 375.601, 433.623, 497.368, 570.9545, 654.307, 747.234, 848.02, 958.267, 1081.0635000000002, 1215.229, 1364.385]"
B4_3A_45_80_89_AC,875,"[-35, -34, -33, -32, -31, -30, -29, -28, -27, -26, -25, -24, -23, -22, -21, -20, -19, -18, -17, -16, -15, -14, -13, -12, -11, -10, -9, -8]","[11.063, 13.962, 17.777, 22.431, 28.382, 35.935, 45.09, 56.764, 70.878, 87.968, 107.5, 132.83, 162.814, 195.773, 235.904, 279.545, 329.671, 385.672, 447.852, 517.815, 597.5815, 689.021, 791.409, 902.495, 1024.071, 1161.135, 1309.148, 1472.496]"
B4_3A_45_80_89_AC,885,"[-35, -34, -33, -32, -31, -30, -29, -28, -27, -26, -25, -24, -23, -22, -21, -20, -19, -18, -17, -16, -15, -14, -13, -12, -11, -10, -9, -8]","[10.071, 12.741, 16.098, 20.371, 25.788, 32.425, 40.97, 51.194, 64.164, 79.881, 99.413, 123.522, 150.988, 184.36700000000002, 223.163, 267.338, 317.426, 374.609, 439.46, 511.788, 593.08, 689.937, 799.115, 920.272, 1053.407, 1199.054, 1358.511, 1534.7905]"
B4_3A_45_80_89_AC,895,"[-35, -34, -33, -32, -31, -30, -29, -28, -27, -26, -25, -24, -23, -22, -21, -20, -19, -18, -17, -16, -15, -14, -13, -12, -11, -10, -9, -8]","[9.003, 11.368, 14.42, 18.158, 22.812, 28.84, 36.164, 45.319, 56.535, 70.191, 88.655, 110.475, 136.034, 166.705, 202.258, 243.687, 291.753, 346.227, 409.3615, 481.193, 560.311, 654.765, 765.011, 888.914, 1025.94, 1179.065, 1343.023, 1529.564]"
B4_3A_45_80_89_AC,905,"[-35, -34, -33, -32, -31, -30, -29, -28, -27, -26, -25, -24, -23, -22, -21, -20, -19, -18, -17, -16, -15, -14, -13, -12, -11, -10, -9, -8]","[8.011, 10.147, 12.741, 16.022, 20.142, 25.483, 31.815, 39.673, 49.516, 61.341, 78.164, 97.429, 120.165, 147.021, 178.836, 216.144, 259.48, 309.148, 367.514, 433.89, 506.142, 597.62, 703.136, 822.843, 956.741, 1105.6305000000002, 1270.886, 1458.0]"
B4_3A_45_80_89_AC,915,"[-35, -34, -33, -32, -31, -30, -29, -28, -27, -26, -25, -24, -23, -22, -21, -20, -19, -18, -17, -16, -15, -14, -13, -12, -11, -10, -9, -8]","[7.172, 9.041, 11.368, 14.191, 18.006, 22.431, 28.153, 35.096, 43.641, 54.093, 68.475, 85.451, 105.516, 129.244, 157.05349999999999, 189.8605, 228.351, 272.831, 324.178, 383.612, 451.591, 537.194, 632.5245, 743.648, 866.712, 1009.613, 1167.544, 1345.617]"
B4_3A_45_80_89_AC,925,"[-35, -34, -33, -32, -31, -30, -29, -28, -27, -26, -25, -24, -23, -22, -21, -20, -19, -18, -17, -16, -15, -14, -13, -12, -11, -10, -9, -8]","[6.485, 8.164, 10.3, 12.894, 16.175, 20.294, 25.33, 31.586, 39.1775, 48.447, 61.036, 75.837, 93.385, 114.595, 139.239, 168.1925, 202.564, 241.855, 287.861, 341.268, 404.593, 482.261, 568.551, 669.9855, 783.398, 913.481, 1062.104, 1227.13]"
B4_3A_45_80_89_AC,935,"[-35, -34, -33, -32, -31, -30, -29, -28, -27, -26, -25, -24, -23, -22, -21, -20, -19, -18, -17, -16, -15, -14, -13, -12, -11, -10, -9, -8]","[6.104, 7.63, 9.537, 11.978, 15.03, 18.769, 23.423, 29.068, 36.088, 44.633, 55.085, 68.437, 84.459, 103.609, 125.277, 152.056, 182.879, 217.975, 259.174, 307.393, 367.59, 438.315, 516.823, 607.919, 713.207, 832.761, 969.94, 1123.064]"
B4_3A_45_80_89_AC,945,"[-35, -34, -33, -32, -31, -30, -29, -28, -27, -26, -25, -24, -23, -22, -21, -20, -19, -18, -17, -16, -15, -14, -13, -12, -11, -10, -9, -8]","[5.722, 7.095, 8.927, 11.215, 14.115, 17.624, 21.973, 27.314, 33.799, 41.581, 50.126, 62.638, 77.287, 94.606, 115.206, 139.086, 167.01, 199.512, 237.43, 280.842, 337.224, 401.923, 474.022, 557.565, 654.307, 764.324, 891.0125, 1032.807]"
B4_3A_45_80_89_AC,955,"[-35, -34, -33, -32, -31, -30, -29, -28, -27, -26, -25, -24, -23, -22, -21, -20, -19, -18, -17, -16, -15, -14, -13, -12, -11, -10, -9, -8]","[5.341, 6.79, 8.507, 10.643, 13.352, 16.632, 20.752, 25.711, 31.815, 39.1775, 46.578, 57.908, 71.489, 87.5485, 106.432, 128.634, 154.498, 184.176, 219.196, 260.014, 311.437, 369.802, 437.858, 514.992, 604.486, 706.493, 822.156, 955.52]"
B4_3A_45_80_89_AC,965,"[-35, -34, -33, -32, -31, -30, -29, -28, -27, -26, -25, -24, -23, -22, -21, -20, -19, -18, -17, -16, -15, -14, -13, -12, -11, -10, -9, -8]","[5.112, 6.409, 8.011, 10.147, 12.665, 15.754999999999999, 19.532, 24.262, 30.137, 37.156, 43.336, 53.941, 66.377, 81.407, 98.878, 119.707, 143.969, 171.893, 204.471, 242.313, 289.616, 343.862, 405.814, 478.828, 560.616, 653.925, 763.027, 886.015]"
B4_3A_45_80_89_AC,975,"[-35, -34, -33, -32, -31, -30, -29, -28, -27, -26, -25, -24, -23, -22, -21, -20, -19, -18, -17, -16, -15, -14, -13, -12, -11, -10, -9, -8]","[4.807, 6.104, 7.63, 9.537, 11.978, 14.878, 18.54, 23.041, 28.534, 35.248, 40.818, 50.66, 62.333, 76.371, 93.156, 112.383, 135.233, 161.669, 192.187, 227.665, 271.305, 322.0035, 379.797, 446.937, 524.758, 612.116, 714.427, 829.633]"
B4_3A_45_80_89_AC,985,"[-35, -34, -33, -32, -31, -30, -29, -28, -27, -26, -25, -24, -23, -22, -21, -20, -19, -18, -17, -16, -15, -14, -13, -12, -11, -10, -9, -8]","[4.578, 5.798, 7.172, 9.003, 11.292, 14.115, 17.548, 21.744, 26.856, 33.341, 38.682, 47.913, 59.3195, 72.709, 88.426, 107.042, 128.634, 153.735, 182.956, 216.754, 254.597, 302.205, 357.977, 421.378, 493.4, 577.096, 672.389, 780.88]"
B4_3A_45_80_89_AC,995,"[-35, -34, -33, -32, -31, -30, -29, -28, -27, -26, -25, -24, -23, -22, -21, -20, -19, -18, -17, -16, -15, -14, -13, -12, -11, -10, -9, -8]","[4.349, 5.417, 6.714, 8.430499999999999, 10.529, 13.199, 16.48, 20.371, 25.254, 31.128, 36.774, 45.701, 56.306, 68.818, 84.382, 101.892, 122.606, 146.563, 174.449, 206.531, 241.321, 286.412, 338.14, 397.116, 467.613, 545.891, 636.225, 739.147]"
58_E6_C5_01_AE_E0,705,"[-35, -34, -33, -32, -31, -30, -29, -28, -27, -26, -25, -24, -23, -22, -21, -20, -19, -18, -17, -16, -15, -14, -13, -12, -11, -10, -9, -8]","[1.297, 1.6400000000000001, 2.06, 2.67, 3.357, 4.196, 5.264, 6.561, 8.24, 10.224, 12.97, 16.251, 20.142, 24.949, 30.518, 37.461, 45.472, 54.856, 65.919, 78.66, 94.949, 112.383, 132.982, 155.642, 181.735, 210.422, 244.221, 281.3]"
58_E6_C5_01_AE_E0,715,"[-35, -34, -33, -32, -31, -30, -29, -28, -27, -26, -25, -24, -23, -22, -21, -20, -19, -18, -17, -16, -15, -14, -13, -12, -11, -10, -9, -8]","[1.526, 1.907, 2.441, 3.128, 3.891, 4.883, 6.104, 7.63, 9.575, 11.826, 14.801, 18.463, 22.889, 28.153, 34.638, 42.115, 50.965, 61.418, 73.472, 87.358, 104.906, 123.293, 145.53300000000002, 170.367, 198.215, 229.496, 265.126, 304.57]"
58_E6_C5_01_AE_E0,725,"[-35, -34, -33, -32, -31, -30, -29, -28, -27, -26, -25, -24, -23, -22, -21, -20, -19, -18, -17, -16, -15, -14, -13, -12, -11, -10, -9, -8]","[1.755, 2.289, 2.899, 3.662, 4.578, 5.722, 7.172, 8.927, 11.063, 13.733, 16.785, 20.829, 25.788, 31.739, 38.834, 47.227, 57.069, 68.36, 81.483, 96.742, 115.053, 135.729, 158.618, 185.626, 214.847, 248.875, 286.717, 329.213]"
58_E6_C5_01_AE_E0,735,"[-35, -34, -33, -32, -31, -30, -29, -28, -27, -26, -25, -24, -23, -22, -21, -20, -19, -18, -17, -16, -15, -14, -13, -12, -11, -10, -9, -8]","[2.06, 2.67, 3.281, 4.196, 5.264, 6.638, 8.24, 10.376, 12.818, 15.869, 19.074, 23.499, 28.992, 35.782, 43.5265, 52.8345, 63.554, 75.99, 90.333, 106.661, 125.887, 148.165, 172.656, 200.961, 232.776, 268.94, 309.224, 353.246]"
58_E6_C5_01_AE_E0,745,"[-35, -34, -33, -32, -31, -30, -29, -28, -27, -26, -25, -24, -23, -22, -21, -20, -19, -18, -17, -16, -15, -14, -13, -12, -11, -10, -9, -8]","[2.441, 3.052, 3.815, 4.883, 6.104, 7.63, 9.537, 11.902, 14.725, 18.311, 21.515, 26.703, 32.883, 40.208, 48.829, 59.052, 70.802, 84.535, 100.099, 117.7615, 137.407, 160.906, 188.22, 218.662, 252.689, 291.218, 333.639, 381.018]"
58_E6_C5_01_AE_E0,755,"[-35, -34, -33, -32, -31, -30, -29, -28, -27, -26, -25, -24, -23, -22, -21, -20, -19, -18, -17, -16, -15, -14, -13, -12, -11, -10, -9, -8]","[2.823, 3.51, 4.425, 5.646, 7.019, 8.85, 10.986, 13.657, 16.938, 20.829, 24.338, 30.137, 37.079, 45.243, 54.932, 65.919, 79.042, 93.9575, 110.857, 129.931, 151.369, 176.699, 206.149, 238.27, 275.31100000000004, 316.091, 361.334, 412.833]"
58_E6_C5_01_AE_E0,765,"[-35, -34, -33, -32, -31, -30, -29, -28, -27, -26, -25, -24, -23, -22, -21, -20, -19, -18, -17, -16, -15, -14, -13, -12, -11, -10, -9, -8]","[3.204, 4.044, 5.0735, 6.409, 8.049, 10.071, 12.512, 15.564, 19.226, 23.728, 27.619, 34.141999999999996, 41.962, 50.889, 61.608000000000004, 73.777, 88.35, 104.372, 122.759, 143.587, 166.934, 195.01, 226.291, 261.54, 300.832, 343.938, 393.454, 448.615]"
58_E6_C5_01_AE_E0,775,"[-35, -34, -33, -32, -31, -30, -29, -28, -27, -26, -25, -24, -23, -22, -21, -20, -19, -18, -17, -16, -15, -14, -13, -12, -11, -10, -9, -8]","[3.662, 4.578, 5.798, 7.324, 9.155, 11.368, 14.191, 17.624, 21.82, 26.78, 31.586, 38.682, 47.532, 57.45, 69.352, 83.2, 98.726, 116.4645, 136.416, 159.152, 185.702, 215.534, 249.561, 287.785, 330.282, 377.508, 430.304, 488.975]"
58_E6_C5_01_AE_E0,785,"[-35, -34, -33, -32, -31, -30, -29, -28, -27, -26, -25, -24, -23, -22, -21, -20, -19, -18, -17, -16, -15, -14, -13, -12, -11, -10, -9, -8]","[4.196, 5.341, 6.638, 8.316, 10.452, 13.046, 16.251, 20.142, 24.834, 30.442, 36.011, 44.442, 54.398, 65.69, 78.965, 94.224, 111.543, 130.922, 152.895, 177.768, 207.294, 240.024, 276.951, 318.608, 364.614, 415.961, 473.03, 537.194]"
58_E6_C5_01_AE_E0,795,"[-35, -34, -33, -32, -31, -30, -29, -28, -27, -26, -25, -24, -23, -22, -21, -20, -19, -18, -17, -16, -15, -14, -13, -12, -11, -10, -9, -8]","[4.807, 6.104, 7.553, 9.613, 11.902, 14.954, 18.54, 22.965, 28.229, 34.791, 41.81, 51.27, 62.4475, 75.303, 90.105, 107.042, 126.116, 147.631, 171.969, 199.13, 231.97500000000002, 268.559, 308.08, 353.399, 403.601, 459.2585, 521.859, 590.715]"
58_E6_C5_01_AE_E0,805,"[-35, -34, -33, -32, -31, -30, -29, -28, -27, -26, -25, -24, -23, -22, -21, -20, -19, -18, -17, -16, -15, -14, -13, -12, -11, -10, -9, -8]","[5.493, 7.019, 8.698, 10.986, 13.695, 17.128, 21.286, 26.322, 32.425, 39.597, 48.219, 59.205, 71.565, 86.213, 102.922, 121.691, 142.977, 166.857, 193.408, 223.468, 259.785, 298.848, 342.947, 392.424, 447.013, 507.515, 575.723, 650.34]"
58_E6_C5_01_AE_E0,815,"[-35, -34, -33, -32, -31, -30, -29, -28, -27, -26, -25, -24, -23, -22, -21, -20, -19, -18, -17, -16, -15, -14, -13, -12, -11, -10, -9, -8]","[6.256, 8.011, 9.995, 12.589, 15.793, 19.608, 24.414, 30.137, 37.232, 45.396, 55.619, 68.055, 82.094, 98.726, 117.456, 138.323, 161.746, 188.373, 217.975, 251.011, 289.921, 333.791, 381.933, 436.027, 495.613, 561.532, 634.546, 716.564]"
58_E6_C5_01_AE_E0,825,"[-35, -34, -33, -32, -31, -30, -29, -28, -27, -26, -25, -24, -23, -22, -21, -20, -19, -18, -17, -16, -15, -14, -13, -12, -11, -10, -9, -8]","[7.324, 9.155, 11.444, 14.42, 18.158, 22.66, 28.153, 34.791, 42.725, 52.11, 64.469, 78.431, 94.911, 112.917, 134.279, 157.626, 183.986, 213.55, 246.204, 282.75, 324.788, 372.93, 425.956, 483.864, 548.867, 621.9195, 701.4955, 789.769]"
58_E6_C5_01_AE_E0,835,"[-35, -34, -33, -32, -31, -30, -29, -28, -27, -26, -25, -24, -23, -22, -21, -20, -19, -18, -17, -16, -15, -14, -13, -12, -11, -10, -9, -8]","[8.316, 10.452, 13.199, 16.556, 20.829, 25.9785, 32.235, 40.055, 49.287, 60.044, 74.083, 89.952, 108.721, 129.702, 153.353, 179.522, 208.896, 241.97, 278.248, 318.608, 364.04200000000003, 417.334, 475.395, 540.246, 611.582, 690.242, 778.439, 875.83]"
58_E6_C5_01_AE_E0,845,"[-35, -34, -33, -32, -31, -30, -29, -28, -27, -26, -25, -24, -23, -22, -21, -20, -19, -18, -17, -16, -15, -14, -13, -12, -11, -10, -9, -8]","[9.308, 11.749, 14.878, 18.769, 23.499, 29.526, 36.774, 45.548, 56.153, 68.742, 84.916, 103.304, 123.98, 147.402, 173.953, 203.708, 237.049, 273.365, 314.26, 359.121, 410.01, 468.681, 532.921, 604.334, 682.918, 768.139, 865.949, 972.763]"
58_E6_C5_01_AE_E0,855,"[-35, -34, -33, -32, -31, -30, -29, -28, -27, -26, -25, -24, -23, -22, -21, -20, -19, -18, -17, -16, -15, -14, -13, -12, -11, -10, -9, -8]","[10.147, 12.894, 16.365000000000002, 20.752, 26.169, 32.807, 41.047, 51.118, 63.096, 77.44, 94.987, 115.74, 139.01, 165.789, 195.087, 228.962, 265.774, 306.935, 352.026, 402.686, 458.839, 524.147, 595.598, 674.754, 763.256, 858.778, 965.4765, 1081.636]"
58_E6_C5_01_AE_E0,865,"[-35, -34, -33, -32, -31, -30, -29, -28, -27, -26, -25, -24, -23, -22, -21, -20, -19, -18, -17, -16, -15, -14, -13, -12, -11, -10, -9, -8]","[10.758, 13.733, 17.395, 21.973, 27.771, 35.096, 44.099, 55.238, 68.513, 84.23, 102.541, 124.819, 151.675, 180.896, 214.008, 251.316, 292.2485, 338.216, 389.105, 445.106, 508.736, 581.75, 662.9665, 751.278, 847.753, 955.673, 1073.777, 1205.348]"
58_E6_C5_01_AE_E0,875,"[-35, -34, -33, -32, -31, -30, -29, -28, -27, -26, -25, -24, -23, -22, -21, -20, -19, -18, -17, -16, -15, -14, -13, -12, -11, -10, -9, -8]","[10.834, 13.809, 17.509999999999998, 22.240000000000002, 28.153, 35.706, 44.785, 56.306, 70.268, 86.9, 105.669, 130.007, 158.389, 189.441, 226.6345, 266.804, 312.505, 363.165, 419.089, 481.613, 552.605, 633.707, 724.193, 822.309, 929.732, 1051.041, 1182.116, 1327.535]"
58_E6_C5_01_AE_E0,885,"[-35, -34, -33, -32, -31, -30, -29, -28, -27, -26, -25, -24, -23, -22, -21, -20, -19, -18, -17, -16, -15, -14, -13, -12, -11, -10, -9, -8]","[10.3, 13.123, 16.709, 21.21, 26.932, 34.028, 43.107, 53.864, 67.63550000000001, 84.154, 103.838, 128.557, 156.481, 189.8605, 228.275, 271.382, 319.6, 373.999, 435.149, 502.48, 578.9655, 667.887, 767.376, 877.394, 997.635, 1129.282, 1273.442, 1433.089]"
58_E6_C5_01_AE_E0,895,"[-35, -34, -33, -32, -31, -30, -29, -28, -27, -26, -25, -24, -23, -22, -21, -20, -19, -18, -17, -16, -15, -14, -13, -12, -11, -10, -9, -8]","[9.537, 12.055, 15.412, 19.532, 24.72, 31.357, 39.445, 49.668, 62.181, 77.249, 96.895, 120.546, 148.089, 180.896, 218.433, 261.692, 311.36, 366.751, 430.152, 501.411, 580.911, 672.77, 778.744, 896.773, 1026.169, 1170.062, 1323.568, 1497.864]"
58_E6_C5_01_AE_E0,905,"[-35, -34, -33, -32, -31, -30, -29, -28, -27, -26, -25, -24, -23, -22, -21, -20, -19, -18, -17, -16, -15, -14, -13, -12, -11, -10, -9, -8]","[8.698, 10.986, 13.962, 17.662, 22.354, 28.229, 35.477, 44.48, 55.695, 69.123, 87.7775, 109.483, 134.966, 164.988, 200.198, 241.474, 288.6625, 342.489, 404.93600000000004, 475.242, 551.843, 646.677, 754.635, 875.944, 1009.689, 1157.359, 1320.058, 1502.708]"
58_E6_C5_01_AE_E0,915,"[-35, -34, -33, -32, -31, -30, -29, -28, -27, -26, -25, -24, -23, -22, -21, -20, -19, -18, -17, -16, -15, -14, -13, -12, -11, -10, -9, -8]","[7.858, 9.918, 12.589, 15.793, 19.989, 25.101, 31.586, 39.597, 49.439, 61.532, 77.897, 97.276, 120.165, 147.326, 178.912, 216.068, 259.632, 309.606, 366.865, 432.822, 507.248, 600.748, 703.441, 822.08, 952.2775, 1101.701, 1265.278, 1447.623]"
58_E6_C5_01_AE_E0,925,"[-35, -34, -33, -32, -31, -30, -29, -28, -27, -26, -25, -24, -23, -22, -21, -20, -19, -18, -17, -16, -15, -14, -13, -12, -11, -10, -9, -8]","[7.019, 8.927, 11.368, 14.343, 18.12, 22.774, 28.572499999999998, 35.706, 44.404, 55.085, 69.581, 86.557, 106.737, 130.999, 159.38, 192.416, 231.785, 276.646, 329.061, 389.563, 460.0215, 547.1505, 643.397, 755.55, 879.835, 1021.363, 1181.468, 1357.977]"
58_E6_C5_01_AE_E0,935,"[-35, -34, -33, -32, -31, -30, -29, -28, -27, -26, -25, -24, -23, -22, -21, -20, -19, -18, -17, -16, -15, -14, -13, -12, -11, -10, -9, -8]","[6.5995, 8.392, 10.529, 13.199, 16.785, 20.981, 26.322, 32.807, 40.742, 50.545500000000004, 62.638, 78.012, 96.24600000000001, 118.143, 143.053, 173.8, 208.972, 249.18, 296.178, 351.339, 418.898, 498.894, 587.778, 690.166, 807.965, 940.871, 1092.317, 1260.395]"
58_E6_C5_01_AE_E0,945,"[-35, -34, -33, -32, -31, -30, -29, -28, -27, -26, -25, -24, -23, -22, -21, -20, -19, -18, -17, -16, -15, -14, -13, -12, -11, -10, -9, -8]","[6.18, 7.82, 9.842, 12.436, 15.64, 19.608, 24.491, 30.594, 37.995, 46.882999999999996, 56.764, 70.954, 87.587, 107.424, 130.77, 158.083, 189.822, 226.902, 269.932, 319.524, 383.001, 456.397, 538.109, 632.563, 741.703, 865.339, 1006.79, 1164.492]"
58_E6_C5_01_AE_E0,955,"[-35, -34, -33, -32, -31, -30, -29, -28, -27, -26, -25, -24, -23, -22, -21, -20, -19, -18, -17, -16, -15, -14, -13, -12, -11, -10, -9, -8]","[5.798, 7.3625, 9.308, 11.673, 14.725, 18.463, 23.041, 28.687, 35.63, 43.946, 52.338, 65.232, 80.568, 98.802, 120.012, 145.19, 174.563, 207.98, 247.807, 293.889, 351.949, 417.945, 494.85, 582.055, 682.994, 797.742, 927.672, 1076.753]"
58_E6_C5_01_AE_E0,965,"[-35, -34, -33, -32, -31, -30, -29, -28, -27, -26, -25, -24, -23, -22, -21, -20, -19, -18, -17, -16, -15, -14, -13, -12, -11, -10, -9, -8]","[5.493, 6.943, 8.774, 10.986, 13.886, 17.395, 21.592, 26.856, 33.494, 41.352, 48.447, 60.349, 74.311, 91.325, 110.857, 134.279, 161.593, 192.798, 229.496, 272.068, 325.399, 386.282, 456.016, 538.2239999999999, 630.274, 735.18, 857.481, 995.117]"
58_E6_C5_01_AE_E0,975,"[-35, -34, -33, -32, -31, -30, -29, -28, -27, -26, -25, -24, -23, -22, -21, -20, -19, -18, -17, -16, -15, -14, -13, -12, -11, -10, -9, -8]","[5.188, 6.485, 8.24, 10.376, 13.046, 16.327, 20.371, 25.406, 31.586, 38.987, 45.396, 56.382, 69.429, 85.145, 103.761, 125.2, 150.759, 180.209, 214.237, 253.986, 302.892, 359.541, 424.43, 499.58, 586.671, 684.52, 798.886, 927.596]"
58_E6_C5_01_AE_E0,985,"[-35, -34, -33, -32, -31, -30, -29, -28, -27, -26, -25, -24, -23, -22, -21, -20, -19, -18, -17, -16, -15, -14, -13, -12, -11, -10, -9, -8]","[4.883, 6.18, 7.782, 9.766, 12.322, 15.412, 19.226, 23.957, 29.603, 36.774, 42.725, 53.178, 65.766, 80.644, 98.039, 118.639, 142.596, 170.52, 202.792, 240.406, 282.75, 335.698, 397.803, 468.223, 548.638, 641.794, 747.921, 868.696]"
58_E6_C5_01_AE_E0,995,"[-35, -34, -33, -32, -31, -30, -29, -28, -27, -26, -25, -24, -23, -22, -21, -20, -19, -18, -17, -16, -15, -14, -13, -12, -11, -10, -9, -8]","[4.578, 5.798, 7.248, 9.155, 11.444, 14.343, 18.006, 22.3925, 27.771, 34.257, 40.513, 50.355, 62.104, 75.99, 93.08, 112.459, 135.195, 161.746, 192.416, 227.817, 266.499, 316.548, 373.617, 438.926, 517.205, 603.952, 704.051, 818.112]"
58_E6_C5_01_10_FC,705,"[-35, -34, -33, -32, -31, -30, -29, -28, -27, -26, -25, -24, -23, -22, -21, -20, -19, -18, -17, -16, -15, -14, -13, -12, -11, -10, -9, -8]","[1.373, 1.678, 2.136, 2.7085, 3.433, 4.273, 5.341, 6.714, 8.392, 10.376, 13.199, 16.48, 20.447, 25.33, 30.976, 37.919, 45.93, 55.467, 66.529, 79.423, 95.7885, 113.298, 134.089, 156.863, 183.108, 212.024, 246.052, 283.36]"
58_E6_C5_01_10_FC,715,"[-35, -34, -33, -32, -31, -30, -29, -28, -27, -26, -25, -24, -23, -22, -21, -20, -19, -18, -17, -16, -15, -14, -13, -12, -11, -10, -9, -8]","[1.602, 2.06, 2.594, 3.204, 4.0055, 5.035, 6.256, 7.782, 9.766, 12.055, 15.106, 18.845, 23.346, 28.687, 35.248, 42.802, 51.652, 62.257, 74.388, 88.502, 106.279, 124.819, 147.173, 172.351, 200.427, 232.013, 268.025, 307.851]"
58_E6_C5_01_10_FC,725,"[-35, -34, -33, -32, -31, -30, -29, -28, -27, -26, -25, -24, -23, -22, -21, -20, -19, -18, -17, -16, -15, -14, -13, -12, -11, -10, -9, -8]","[1.907, 2.403, 2.976, 3.738, 4.73, 5.875, 7.401, 9.155, 11.368, 14.115, 17.243, 21.3245, 26.398, 32.425, 39.597, 48.219, 58.137, 69.657, 82.933, 98.344, 116.884, 137.865, 161.059, 188.449, 218.051, 252.461, 290.837, 333.867]"
58_E6_C5_01_10_FC,735,"[-35, -34, -33, -32, -31, -30, -29, -28, -27, -26, -25, -24, -23, -22, -21, -20, -19, -18, -17, -16, -15, -14, -13, -12, -11, -10, -9, -8]","[2.213, 2.747, 3.51, 4.349, 5.493, 6.867, 8.621, 10.681, 13.199, 16.403, 19.684, 24.186, 29.831, 36.774, 44.709, 54.093, 65.08, 77.745, 92.317, 108.873, 128.405, 151.064, 175.937, 204.852, 237.125, 273.823, 314.794, 359.61699999999996]"
58_E6_C5_01_10_FC,745,"[-35, -34, -33, -32, -31, -30, -29, -28, -27, -26, -25, -24, -23, -22, -21, -20, -19, -18, -17, -16, -15, -14, -13, -12, -11, -10, -9, -8]","[2.594, 3.204, 3.967, 5.112, 6.332, 8.011, 9.995, 12.36, 15.335, 18.921, 22.316, 27.695, 34.028, 41.581, 50.431, 60.807, 72.862, 86.824, 102.77, 120.775, 140.841, 164.721, 192.645, 223.697, 258.335, 297.627, 340.887, 389.334]"
58_E6_C5_01_10_FC,755,"[-35, -34, -33, -32, -31, -30, -29, -28, -27, -26, -25, -24, -23, -22, -21, -20, -19, -18, -17, -16, -15, -14, -13, -12, -11, -10, -9, -8]","[2.976, 3.738, 4.73, 5.951, 7.401, 9.155, 11.444, 14.267, 17.7, 21.706, 25.406, 31.357, 38.529, 46.998, 56.916, 68.284, 81.712, 97.009, 114.29, 133.822, 155.718, 181.659, 211.872, 244.678, 282.597, 324.2925, 370.642, 423.3235]"
58_E6_C5_01_10_FC,765,"[-35, -34, -33, -32, -31, -30, -29, -28, -27, -26, -25, -24, -23, -22, -21, -20, -19, -18, -17, -16, -15, -14, -13, -12, -11, -10, -9, -8]","[3.433, 4.273, 5.417, 6.79, 8.469, 10.605, 13.199, 16.327, 20.218, 24.9105, 28.916, 35.706, 43.87, 53.178, 64.24, 76.753, 91.745, 108.263, 127.108, 148.623, 172.58, 201.343, 233.539, 269.703, 310.063, 354.3525, 405.203, 461.814]"
58_E6_C5_01_10_FC,775,"[-35, -34, -33, -32, -31, -30, -29, -28, -27, -26, -25, -24, -23, -22, -21, -20, -19, -18, -17, -16, -15, -14, -13, -12, -11, -10, -9, -8]","[3.967, 4.959, 6.18, 7.782, 9.766, 12.131, 15.106, 18.692, 23.041, 28.382, 33.265, 40.818, 49.973, 60.273, 72.709, 86.976, 103.075, 121.386, 142.061, 165.484, 192.874, 223.697, 258.6785, 298.085, 341.878, 390.707, 444.953, 505.455]"
58_E6_C5_01_10_FC,785,"[-35, -34, -33, -32, -31, -30, -29, -28, -27, -26, -25, -24, -23, -22, -21, -20, -19, -18, -17, -16, -15, -14, -13, -12, -11, -10, -9, -8]","[4.578, 5.722, 7.172, 8.927, 11.215, 13.962, 17.395, 21.515, 26.551, 32.425, 38.224, 47.15, 57.527, 69.352, 83.162, 99.107, 117.037, 137.255, 159.915, 185.779, 216.297, 250.248, 288.396, 331.502, 379.263, 432.288, 491.341, 557.87]"
58_E6_C5_01_10_FC,795,"[-35, -34, -33, -32, -31, -30, -29, -28, -27, -26, -25, -24, -23, -22, -21, -20, -19, -18, -17, -16, -15, -14, -13, -12, -11, -10, -9, -8]","[5.188, 6.561, 8.24, 10.376, 12.894, 16.175, 19.989, 24.72, 30.365, 37.232, 44.709, 54.704, 66.453, 80.034, 95.598, 113.222, 133.135, 155.642, 180.896, 209.201, 243.381, 281.376, 322.423, 369.574, 421.683, 479.591, 544.747, 616.236]"
58_E6_C5_01_10_FC,805,"[-35, -34, -33, -32, -31, -30, -29, -28, -27, -26, -25, -24, -23, -22, -21, -20, -19, -18, -17, -16, -15, -14, -13, -12, -11, -10, -9, -8]","[6.0655, 7.63, 9.537, 11.978, 14.954, 18.616, 23.1555, 28.534, 35.019, 42.7635, 52.033, 63.706, 76.791, 92.164, 109.712, 129.396, 151.751, 176.776, 204.58499999999998, 236.057, 273.899, 314.794, 360.8, 412.528, 469.52, 532.692, 603.876, 681.773]"
58_E6_C5_01_10_FC,815,"[-35, -34, -33, -32, -31, -30, -29, -28, -27, -26, -25, -24, -23, -22, -21, -20, -19, -18, -17, -16, -15, -14, -13, -12, -11, -10, -9, -8]","[7.019, 8.85, 11.0245, 13.886, 17.319, 21.515, 26.703, 32.959, 40.513, 49.363, 60.273, 73.625, 88.579, 106.203, 125.963, 148.013, 172.732, 200.732, 231.861, 266.575, 307.317, 353.475, 404.135, 460.822, 523.308, 592.47, 669.184, 755.245]"
58_E6_C5_01_10_FC,825,"[-35, -34, -33, -32, -31, -30, -29, -28, -27, -26, -25, -24, -23, -22, -21, -20, -19, -18, -17, -16, -15, -14, -13, -12, -11, -10, -9, -8]","[8.087, 10.147, 12.741, 16.022, 20.066, 24.949, 30.976, 38.224, 46.921, 57.069, 70.382, 85.222, 102.922, 122.072, 144.808, 169.566, 197.452, 228.809, 263.371, 301.9, 346.227, 397.192, 452.964, 514.153, 582.818, 659.8, 743.801, 836.652]"
58_E6_C5_01_10_FC,835,"[-35, -34, -33, -32, -31, -30, -29, -28, -27, -26, -25, -24, -23, -22, -21, -20, -19, -18, -17, -16, -15, -14, -13, -12, -11, -10, -9, -8]","[9.308, 11.597, 14.725, 18.463, 23.117, 28.84, 35.706, 44.251, 54.322, 66.072, 81.178, 98.22999999999999, 118.334, 140.917, 166.094, 193.942, 225.299, 260.395, 298.924, 341.878, 390.173, 446.632, 508.278, 577.172, 652.857, 736.324, 829.671, 932.937]"
58_E6_C5_01_10_FC,845,"[-35, -34, -33, -32, -31, -30, -29, -28, -27, -26, -25, -24, -23, -22, -21, -20, -19, -18, -17, -16, -15, -14, -13, -12, -11, -10, -9, -8]","[10.338000000000001, 13.123, 16.556, 20.829, 26.131, 32.731, 40.78, 50.431, 61.952, 75.761, 93.08, 112.917, 135.271, 160.372, 188.754, 220.645, 256.352, 295.109, 338.827, 386.74, 441.062, 503.777, 572.442, 648.508, 732.433, 823.148, 927.367, 1041.276]"
58_E6_C5_01_10_FC,855,"[-35, -34, -33, -32, -31, -30, -29, -28, -27, -26, -25, -24, -23, -22, -21, -20, -19, -18, -17, -16, -15, -14, -13, -12, -11, -10, -9, -8]","[11.177, 14.191, 18.082, 22.889, 28.84, 36.088, 45.243, 56.229, 69.276, 84.993, 103.685, 125.963, 151.141, 179.904, 211.337, 247.73, 287.175, 331.35, 379.721, 434.043, 494.545, 564.66, 641.337, 726.101, 820.859, 923.4, 1037.537, 1161.822]"
58_E6_C5_01_10_FC,865,"[-35, -34, -33, -32, -31, -30, -29, -28, -27, -26, -25, -24, -23, -22, -21, -20, -19, -18, -17, -16, -15, -14, -13, -12, -11, -10, -9, -8]","[11.749, 14.878, 18.845, 23.804, 30.06, 37.995, 47.761, 59.739, 74.083, 90.944, 110.399, 134.279, 163.043, 194.247, 229.801, 269.703, 313.725, 363.012, 417.868, 477.913, 546.731, 625.2765, 712.749, 807.698, 911.574, 1027.466, 1154.269, 1295.491]"
58_E6_C5_01_10_FC,875,"[-35, -34, -33, -32, -31, -30, -29, -28, -27, -26, -25, -24, -23, -22, -21, -20, -19, -18, -17, -16, -15, -14, -13, -12, -11, -10, -9, -8]","[11.521, 14.649, 18.54, 23.537, 29.755, 37.766, 47.303, 59.358, 74.083, 91.63, 111.315, 136.873, 166.857, 199.588, 239.185, 281.872, 330.51, 384.604, 444.381, 511.368, 587.854, 674.83, 772.107, 877.775, 993.21, 1123.598, 1264.591, 1420.31]"
58_E6_C5_01_10_FC,885,"[-35, -34, -33, -32, -31, -30, -29, -28, -27, -26, -25, -24, -23, -22, -21, -20, -19, -18, -17, -16, -15, -14, -13, -12, -11, -10, -9, -8]","[10.681, 13.657, 17.243, 21.897, 27.771, 35.019, 44.251, 55.314, 69.314, 86.213, 106.432, 131.762, 160.525, 194.934, 234.836, 279.622, 330.053, 387.274, 451.514, 522.85, 603.571, 698.062, 803.998, 921.569, 1050.05, 1190.661, 1344.549, 1514.763]"
58_E6_C5_01_10_FC,895,"[-35, -34, -33, -32, -31, -30, -29, -28, -27, -26, -25, -24, -23, -22, -21, -20, -19, -18, -17, -16, -15, -14, -13, -12, -11, -10, -9, -8]","[9.689, 12.284, 15.564, 19.76, 24.949, 31.51, 39.673, 49.744, 62.181, 77.134, 96.971, 120.47, 148.013, 180.819, 218.585, 262.303, 312.734, 369.268, 434.272, 507.82, 588.998, 684.52, 795.224, 918.822, 1054.742, 1206.226, 1367.7804999999998, 1551.308]"
58_E6_C5_01_10_FC,905,"[-35, -34, -33, -32, -31, -30, -29, -28, -27, -26, -25, -24, -23, -22, -21, -20, -19, -18, -17, -16, -15, -14, -13, -12, -11, -10, -9, -8]","[8.698, 10.986, 13.886, 17.548, 22.126, 28.0, 35.019, 43.87, 54.704, 67.75, 86.213, 107.347, 132.296, 161.517, 196.002, 236.439, 282.979, 336.1945, 398.184, 468.299, 544.442, 640.192, 749.523, 872.816, 1009.689, 1161.25, 1328.679, 1517.281]"
58_E6_C5_01_10_FC,915,"[-35, -34, -33, -32, -31, -30, -29, -28, -27, -26, -25, -24, -23, -22, -21, -20, -19, -18, -17, -16, -15, -14, -13, -12, -11, -10, -9, -8]","[7.782, 9.766, 12.398, 15.488, 19.684, 24.643, 30.9, 38.605, 48.142, 59.70099999999999, 75.532, 94.2625, 116.312, 142.367, 172.732, 208.4765, 250.477, 298.619, 354.162, 418.25, 490.692, 582.055, 683.146, 800.488, 929.732, 1078.737, 1242.542, 1426.261]"
58_E6_C5_01_10_FC,925,"[-35, -34, -33, -32, -31, -30, -29, -28, -27, -26, -25, -24, -23, -22, -21, -20, -19, -18, -17, -16, -15, -14, -13, -12, -11, -10, -9, -8]","[6.943, 8.774, 11.139, 14.038, 17.7, 22.202, 27.771, 34.638, 42.954, 53.254, 67.14, 83.35249999999999, 102.617, 125.811, 152.743, 184.329, 221.79, 264.515, 314.488, 372.244, 440.299, 523.842, 616.388, 724.956, 845.426, 983.291, 1140.002, 1313.268]"
58_E6_C5_01_10_FC,935,"[-35, -34, -33, -32, -31, -30, -29, -28, -27, -26, -25, -24, -23, -22, -21, -20, -19, -18, -17, -16, -15, -14, -13, -12, -11, -10, -9, -8]","[6.561, 8.164, 10.3, 12.894, 16.327, 20.294, 25.444499999999998, 31.739, 39.368, 48.676, 60.273, 74.922, 92.279, 113.146, 136.721, 165.942, 199.283, 237.43, 282.063, 334.325, 398.871, 474.937, 559.548, 657.206, 769.818, 897.307, 1042.954, 1205.005]"
58_E6_C5_01_10_FC,945,"[-35, -34, -33, -32, -31, -30, -29, -28, -27, -26, -25, -24, -23, -22, -21, -20, -19, -18, -17, -16, -15, -14, -13, -12, -11, -10, -9, -8]","[6.027, 7.63, 9.613, 12.131, 15.183, 19.074, 23.804, 29.526, 36.622, 45.167, 54.513000000000005, 68.132, 83.925, 102.693, 125.048, 150.835, 180.972, 216.068, 256.886, 303.655, 364.08, 433.661, 511.025, 600.595, 704.1659999999999, 821.622, 956.4735, 1106.966]"
58_E6_C5_01_10_FC,955,"[-35, -34, -33, -32, -31, -30, -29, -28, -27, -26, -25, -24, -23, -22, -21, -20, -19, -18, -17, -16, -15, -14, -13, -12, -11, -10, -9, -8]","[5.722, 7.172, 9.079, 11.368, 14.267, 17.929, 22.278, 27.695, 34.333, 42.3055, 50.355, 62.638, 77.211, 94.606, 114.824, 138.743, 166.552, 198.291, 235.981, 279.698, 334.821, 397.345, 470.01599999999996, 552.605, 648.051, 756.695, 879.911, 1021.363]"
58_E6_C5_01_10_FC,965,"[-35, -34, -33, -32, -31, -30, -29, -28, -27, -26, -25, -24, -23, -22, -21, -20, -19, -18, -17, -16, -15, -14, -13, -12, -11, -10, -9, -8]","[5.341, 6.79, 8.545, 10.758, 13.428, 16.861, 20.905, 26.017, 32.349, 39.902, 46.616, 58.061, 71.412, 87.587, 106.203, 128.481, 154.498, 184.176, 218.967, 259.403, 309.987, 367.742, 433.738, 511.482, 598.535, 697.871, 813.687, 944.076]"
58_E6_C5_01_10_FC,975,"[-35, -34, -33, -32, -31, -30, -29, -28, -27, -26, -25, -24, -23, -22, -21, -20, -19, -18, -17, -16, -15, -14, -13, -12, -11, -10, -9, -8]","[5.112, 6.409, 8.087, 10.071, 12.741, 15.869, 19.837, 24.643, 30.518, 37.69, 43.717, 54.322, 66.758, 81.788, 99.641, 120.089, 144.427, 172.54149999999998, 205.005, 242.695, 289.158, 342.947, 404.44, 475.776, 558.328, 650.912, 759.06, 880.903]"
58_E6_C5_01_10_FC,985,"[-35, -34, -33, -32, -31, -30, -29, -28, -27, -26, -25, -24, -23, -22, -21, -20, -19, -18, -17, -16, -15, -14, -13, -12, -11, -10, -9, -8]","[4.807, 6.027, 7.63, 9.537, 11.978, 14.954, 18.692, 23.27, 28.687, 35.554, 41.199, 51.194, 63.325, 77.592, 94.224, 113.985, 136.873, 163.5, 194.36200000000002, 230.182, 270.466, 320.897, 379.797, 446.708, 522.927, 611.276, 711.91, 826.3905]"
58_E6_C5_01_10_FC,995,"[-35, -34, -33, -32, -31, -30, -29, -28, -27, -26, -25, -24, -23, -22, -21, -20, -19, -18, -17, -16, -15, -14, -13, -12, -11, -10, -9, -8]","[4.463, 5.646, 7.095, 8.927, 11.139, 13.962, 17.472, 21.744, 26.932, 33.188, 39.139, 48.638000000000005, 59.892, 73.167, 89.647, 108.186, 130.083, 155.45100000000002, 184.787, 218.662, 255.512, 303.197, 357.595, 419.852, 494.24, 576.562, 671.626, 779.8505]"
58_E6_C5_00_FC_50,705,"[-35, -34, -33, -32, -31, -30, -29, -28, -27, -26, -25, -24, -23, -22, -21, -20, -19, -18, -17, -16, -15, -14, -13, -12, -11, -10, -9, -8]","[1.602, 1.907, 2.441, 2.976, 3.738, 4.654, 5.875, 7.248, 9.003, 11.215, 14.191, 17.7, 21.897, 27.085, 33.112, 40.436, 48.905, 58.976, 70.649, 84.154, 101.244, 119.631, 141.299, 165.103, 192.34, 222.324, 257.649, 296.178]"
58_E6_C5_00_FC_50,715,"[-35, -34, -33, -32, -31, -30, -29, -28, -27, -26, -25, -24, -23, -22, -21, -20, -19, -18, -17, -16, -15, -14, -13, -12, -11, -10, -9, -8]","[1.831, 2.213, 2.823, 3.51, 4.349, 5.493, 6.867, 8.469, 10.605, 13.123, 16.327, 20.218, 25.101, 30.747, 37.766, 45.853, 55.314, 66.529, 79.347, 94.148, 112.688, 132.143, 155.566, 181.735, 211.032, 243.915, 281.224, 322.576]"
58_E6_C5_00_FC_50,725,"[-35, -34, -33, -32, -31, -30, -29, -28, -27, -26, -25, -24, -23, -22, -21, -20, -19, -18, -17, -16, -15, -14, -13, -12, -11, -10, -9, -8]","[2.136, 2.67, 3.357, 4.12, 5.15, 6.485, 8.087, 9.995, 12.436, 15.412, 18.654, 23.117, 28.534, 34.943, 42.649, 51.804, 62.333, 74.54, 88.655, 104.906, 124.361, 146.372, 170.672, 199.283, 230.2205, 266.041, 305.905, 350.652]"
58_E6_C5_00_FC_50,735,"[-35, -34, -33, -32, -31, -30, -29, -28, -27, -26, -25, -24, -23, -22, -21, -20, -19, -18, -17, -16, -15, -14, -13, -12, -11, -10, -9, -8]","[2.518, 3.128, 3.815, 4.807, 6.027, 7.553, 9.384, 11.673, 14.42, 17.853, 21.439, 26.284, 32.349, 39.788, 48.371, 58.366, 70.077, 83.505, 98.955, 116.503, 137.026, 160.906, 186.999, 217.212, 251.011, 289.311, 332.113, 378.6145]"
58_E6_C5_00_FC_50,745,"[-35, -34, -33, -32, -31, -30, -29, -28, -27, -26, -25, -24, -23, -22, -21, -20, -19, -18, -17, -16, -15, -14, -13, -12, -11, -10, -9, -8]","[2.899, 3.586, 4.501, 5.646, 7.019, 8.774, 10.986, 13.5425, 16.785, 20.676, 24.414, 30.213, 37.079, 45.243, 54.704, 65.843, 78.813, 93.69, 110.552, 129.549, 150.835, 176.013, 205.386, 237.964, 274.281, 315.404, 360.571, 411.078]"
58_E6_C5_00_FC_50,755,"[-35, -34, -33, -32, -31, -30, -29, -28, -27, -26, -25, -24, -23, -22, -21, -20, -19, -18, -17, -16, -15, -14, -13, -12, -11, -10, -9, -8]","[3.357, 4.196, 5.226, 6.561, 8.164, 10.224, 12.665, 15.717, 19.379, 23.88, 27.924, 34.409, 42.191, 51.347, 62.028, 74.235, 88.655, 104.982, 123.445, 144.121, 167.391, 194.781, 226.596, 261.196, 300.984, 344.701, 393.301, 448.234]"
58_E6_C5_00_FC_50,765,"[-35, -34, -33, -32, -31, -30, -29, -28, -27, -26, -25, -24, -23, -22, -21, -20, -19, -18, -17, -16, -15, -14, -13, -12, -11, -10, -9, -8]","[3.8529999999999998, 4.807, 6.027, 7.553, 9.384, 11.787500000000001, 14.649, 18.158, 22.278, 27.466, 31.968, 39.368, 48.295, 58.289, 70.344, 83.925, 99.947, 117.647, 137.865, 160.754, 186.084, 216.678, 250.706, 288.853, 331.426, 377.89, 431.296, 490.654]"
58_E6_C5_00_FC_50,775,"[-35, -34, -33, -32, -31, -30, -29, -28, -27, -26, -25, -24, -23, -22, -21, -20, -19, -18, -17, -16, -15, -14, -13, -12, -11, -10, -9, -8]","[4.425, 5.57, 6.943, 8.698, 10.91, 13.581, 16.785, 20.752, 25.635, 31.434, 36.927, 45.167, 55.238, 66.529, 79.957, 95.521, 112.84, 132.448, 154.65, 179.675, 208.82, 241.627, 278.706, 320.516, 366.674, 418.173, 475.242, 538.796]"
58_E6_C5_00_FC_50,785,"[-35, -34, -33, -32, -31, -30, -29, -28, -27, -26, -25, -24, -23, -22, -21, -20, -19, -18, -17, -16, -15, -14, -13, -12, -11, -10, -9, -8]","[5.188, 6.447, 8.011, 9.995, 12.589, 15.64, 19.379, 23.957, 29.526, 36.088, 42.649, 52.415, 63.859, 76.829, 91.936, 109.2165, 128.634, 150.416, 174.792, 202.487, 235.294, 271.305, 311.894, 357.595, 408.179, 464.256, 526.513, 596.551]"
58_E6_C5_00_FC_50,795,"[-35, -34, -33, -32, -31, -30, -29, -28, -27, -26, -25, -24, -23, -22, -21, -20, -19, -18, -17, -16, -15, -14, -13, -12, -11, -10, -9, -8]","[5.875, 7.401, 9.232, 11.673, 14.42, 18.082, 22.431, 27.695, 33.951, 41.657, 50.05, 61.036, 74.083, 89.036, 105.936, 125.2, 146.792, 171.206, 198.367, 228.84699999999998, 265.431, 306.096, 349.966, 400.092, 455.406, 516.747, 585.794, 661.25]"
58_E6_C5_00_FC_50,805,"[-35, -34, -33, -32, -31, -30, -29, -28, -27, -26, -25, -24, -23, -22, -21, -20, -19, -18, -17, -16, -15, -14, -13, -12, -11, -10, -9, -8]","[6.79, 8.621, 10.758, 13.428, 16.785, 20.905, 25.94, 32.044, 39.292, 47.99, 58.289, 71.26, 85.756, 102.655, 121.996, 143.511, 167.926, 195.087, 225.147, 259.098, 299.763, 343.633, 392.92, 448.081, 508.736, 576.028, 651.408, 733.959]"
58_E6_C5_00_FC_50,815,"[-35, -34, -33, -32, -31, -30, -29, -28, -27, -26, -25, -24, -23, -22, -21, -20, -19, -18, -17, -16, -15, -14, -13, -12, -11, -10, -9, -8]","[7.858, 9.842, 12.36, 15.488, 19.379, 24.033, 29.984, 37.003, 45.472, 55.467, 67.597, 82.475, 98.993, 118.44800000000001, 140.23, 164.492, 191.348, 221.942, 255.7795, 293.278, 337.224, 386.892, 441.215, 501.946, 568.78, 642.557, 724.193, 815.518]"
58_E6_C5_00_FC_50,825,"[-35, -34, -33, -32, -31, -30, -29, -28, -27, -26, -25, -24, -23, -22, -21, -20, -19, -18, -17, -16, -15, -14, -13, -12, -11, -10, -9, -8]","[8.927, 11.215, 14.115, 17.777, 22.202, 27.771, 34.485, 42.649, 52.415, 63.783, 78.508, 95.178, 114.748, 135.958, 161.059, 188.144, 218.814, 253.071, 290.608, 332.418, 380.331, 435.416, 495.537, 561.303, 634.852, 717.327, 806.973, 906.004]"
58_E6_C5_00_FC_50,835,"[-35, -34, -33, -32, -31, -30, -29, -28, -27, -26, -25, -24, -23, -22, -21, -20, -19, -18, -17, -16, -15, -14, -13, -12, -11, -10, -9, -8]","[9.995, 12.589, 15.946, 19.989, 25.177, 31.51, 39.101, 48.676, 59.892, 73.014, 89.57, 108.415, 130.694, 155.642, 183.413, 214.084, 248.569, 286.87, 328.984, 375.677, 428.473, 489.433, 556.115, 630.427, 711.757, 801.328, 901.35, 1011.749]"
58_E6_C5_00_FC_50,845,"[-35, -34, -33, -32, -31, -30, -29, -28, -27, -26, -25, -24, -23, -22, -21, -20, -19, -18, -17, -16, -15, -14, -13, -12, -11, -10, -9, -8]","[10.758, 13.657, 17.319, 21.897, 27.543, 34.638, 43.412, 53.864, 66.529, 81.712, 100.28999999999999, 122.072, 146.639, 174.258, 205.539, 240.558, 279.698, 322.271, 369.955, 422.37, 481.651, 549.859, 624.247, 706.569, 797.055, 894.789, 1006.752, 1128.786]"
58_E6_C5_00_FC_50,855,"[-35, -34, -33, -32, -31, -30, -29, -28, -27, -26, -25, -24, -23, -22, -21, -20, -19, -18, -17, -16, -15, -14, -13, -12, -11, -10, -9, -8]","[11.139, 14.191, 18.082, 22.889, 28.992, 36.545, 45.93, 57.45, 71.26, 87.968, 107.576, 131.609, 158.694, 189.937, 224.231, 263.905, 306.935, 355.23, 408.103, 467.231, 533.684, 609.903, 693.141, 785.077, 887.617, 998.093, 1121.004, 1254.635]"
58_E6_C5_00_FC_50,865,"[-35, -34, -33, -32, -31, -30, -29, -28, -27, -26, -25, -24, -23, -22, -21, -20, -19, -18, -17, -16, -15, -14, -13, -12, -11, -10, -9, -8]","[11.063, 14.038, 17.815, 22.583, 28.611, 36.24, 45.815, 57.603, 71.87, 88.96, 108.873, 133.516, 163.653, 196.536, 234.379, 276.951, 324.254, 377.508, 436.713, 501.755, 576.867, 661.936, 756.695, 859.388, 971.618, 1096.59, 1233.005, 1384.604]"
58_E6_C5_00_FC_50,875,"[-35, -34, -33, -32, -31, -30, -29, -28, -27, -26, -25, -24, -23, -22, -21, -20, -19, -18, -17, -16, -15, -14, -13, -12, -11, -10, -9, -8]","[10.414, 13.237, 16.785, 21.21, 26.856, 34.104, 42.954, 54.017, 67.75, 84.382, 103.685, 128.786, 158.465, 191.348, 231.556, 275.425, 326.009, 382.696, 445.792, 516.899, 597.772, 691.005, 795.224, 908.37, 1032.273, 1171.893, 1322.728, 1489.052]"
58_E6_C5_00_FC_50,885,"[-35, -34, -33, -32, -31, -30, -29, -28, -27, -26, -25, -24, -23, -22, -21, -20, -19, -18, -17, -16, -15, -14, -13, -12, -11, -10, -9, -8]","[9.384, 11.902, 15.106, 19.074, 24.1475, 30.518, 38.529, 48.257000000000005, 60.540000000000006, 75.532, 94.606, 117.876, 144.732, 177.234, 215.534, 259.098, 308.766, 365.911, 430.762, 503.471, 585.26, 682.918, 793.393, 916.381, 1051.499, 1199.588, 1361.868, 1541.5045]"
58_E6_C5_00_FC_50,895,"[-35, -34, -33, -32, -31, -30, -29, -28, -27, -26, -25, -24, -23, -22, -21, -20, -19, -18, -17, -16, -15, -14, -13, -12, -11, -10, -9, -8]","[8.392, 10.529, 13.352, 16.938, 21.286, 26.932, 33.799, 42.344, 52.949, 65.843, 83.505, 104.295, 128.786, 158.312, 192.645, 232.853, 279.927, 333.257, 395.323, 466.392, 544.48, 638.743, 749.065, 873.426, 1011.215, 1165.789, 1331.807, 1521.096]"
58_E6_C5_00_FC_50,905,"[-35, -34, -33, -32, -31, -30, -29, -28, -27, -26, -25, -24, -23, -22, -21, -20, -19, -18, -17, -16, -15, -14, -13, -12, -11, -10, -9, -8]","[7.477, 9.308, 11.826, 14.878, 18.845, 23.651, 29.603, 37.079, 46.235, 57.374, 73.243, 91.554, 113.146, 138.705, 169.146, 205.005, 246.586, 294.652, 351.11, 415.8465, 486.305, 576.181, 680.133, 798.657, 931.563, 1080.186, 1245.594, 1433.814]"
58_E6_C5_00_FC_50,915,"[-35, -34, -33, -32, -31, -30, -29, -28, -27, -26, -25, -24, -23, -22, -21, -20, -19, -18, -17, -16, -15, -14, -13, -12, -11, -10, -9, -8]","[6.638, 8.392, 10.529, 13.199, 16.6705, 20.829, 26.169, 32.654, 40.665, 50.507, 64.012, 80.034, 99.031, 121.614, 148.013, 179.217, 215.915, 258.564, 307.774, 365.072, 431.067, 514.076, 606.699, 715.572, 836.347, 977.111, 1133.516, 1310.3305]"
58_E6_C5_00_FC_50,925,"[-35, -34, -33, -32, -31, -30, -29, -28, -27, -26, -25, -24, -23, -22, -21, -20, -19, -18, -17, -16, -15, -14, -13, -12, -11, -10, -9, -8]","[5.951, 7.553, 9.537, 11.978, 15.03, 18.921, 23.575, 29.374, 36.469, 45.243, 56.992, 70.954, 87.51, 107.538, 130.999, 158.465, 191.1575, 228.618, 272.602, 323.72, 384.756, 459.678, 543.069, 641.489, 751.736, 878.843, 1024.414, 1186.847]"
58_E6_C5_00_FC_50,935,"[-35, -34, -33, -32, -31, -30, -29, -28, -27, -26, -25, -24, -23, -22, -21, -20, -19, -18, -17, -16, -15, -14, -13, -12, -11, -10, -9, -8]","[5.6080000000000005, 7.057, 8.85, 11.063, 13.962, 17.395, 21.744, 27.085, 33.646, 41.657, 51.537000000000006, 64.088, 79.118, 97.276, 117.8, 143.282, 172.503, 205.921, 245.212, 291.371, 349.203, 417.029, 492.638, 580.529, 682.4215, 798.428, 931.792, 1081.2925]"
58_E6_C5_00_FC_50,945,"[-35, -34, -33, -32, -31, -30, -29, -28, -27, -26, -25, -24, -23, -22, -21, -20, -19, -18, -17, -16, -15, -14, -13, -12, -11, -10, -9, -8]","[5.264, 6.638, 8.316, 10.452, 13.084499999999998, 16.403, 20.447, 25.406, 31.51, 38.911, 46.921, 58.595, 72.404, 88.808, 108.339, 131.075, 157.549, 188.525, 224.537, 266.117, 320.134, 382.086, 451.286, 531.624, 625.086, 731.518, 854.124, 991.836]"
58_E6_C5_00_FC_50,955,"[-35, -34, -33, -32, -31, -30, -29, -28, -27, -26, -25, -24, -23, -22, -21, -20, -19, -18, -17, -16, -15, -14, -13, -12, -11, -10, -9, -8]","[4.959, 6.256, 7.858, 9.842, 12.36, 15.488, 19.303, 24.033, 29.755, 36.698, 43.565, 54.246, 67.025, 82.246, 100.175, 121.309, 145.876, 174.105, 207.523, 246.51, 295.72, 351.568, 416.8, 490.883, 577.02, 675.288, 787.213, 916.304]"
58_E6_C5_00_FC_50,965,"[-35, -34, -33, -32, -31, -30, -29, -28, -27, -26, -25, -24, -23, -22, -21, -20, -19, -18, -17, -16, -15, -14, -13, -12, -11, -10, -9, -8]","[4.692, 5.875, 7.439, 9.384, 11.749, 14.649, 18.235, 22.66, 28.229, 34.791, 40.589, 50.584, 62.257, 76.6, 93.156, 112.993, 136.034, 162.585, 193.713, 229.801, 275.12, 326.925, 386.206, 456.397, 534.905, 624.857, 730.221, 849.012]"
58_E6_C5_00_FC_50,975,"[-35, -34, -33, -32, -31, -30, -29, -28, -27, -26, -25, -24, -23, -22, -21, -20, -19, -18, -17, -16, -15, -14, -13, -12, -11, -10, -9, -8]","[4.501, 5.646, 7.095, 8.774, 11.139, 13.886, 17.319, 21.515, 26.703, 33.036, 38.262, 47.532, 58.595, 71.87, 87.816, 106.05, 127.871, 153.048, 182.231, 216.068, 257.725, 306.249, 361.639, 426.184, 500.877, 585.031, 683.528, 794.842]"
58_E6_C5_00_FC_50,985,"[-35, -34, -33, -32, -31, -30, -29, -28, -27, -26, -25, -24, -23, -22, -21, -20, -19, -18, -17, -16, -15, -14, -13, -12, -11, -10, -9, -8]","[4.273, 5.341, 6.714, 8.392, 10.529, 13.123, 16.403, 20.409, 25.254, 31.205, 36.24, 45.09, 55.848, 68.513, 83.467, 101.167, 121.843, 145.762, 173.571, 205.844, 242.161, 287.709, 341.192, 401.923, 471.122, 551.652, 643.473, 748.226]"
58_E6_C5_00_FC_50,995,"[-35, -34, -33, -32, -31, -30, -29, -28, -27, -26, -25, -24, -23, -22, -21, -20, -19, -18, -17, -16, -15, -14, -13, -12, -11, -10, -9, -8]","[4.044, 5.035, 6.256, 7.858, 9.842, 12.36, 15.412, 19.15, 23.689500000000002, 29.297, 34.562, 42.954, 53.025, 64.927, 79.728, 96.437, 116.197, 139.086, 165.713, 196.384, 229.572, 272.984, 322.423, 378.958, 446.86, 522.087, 609.102, 708.4]"
