Tag MAC,Frequency,Power (dBm),Voltage (mV)
58_E6_C5_01_08_CC,705,"[-35, -34, -33, -32, -31, -30, -29, -28, -27, -26, -25, -24, -23, -22, -21, -20, -19, -18, -17, -16, -15, -14]","[1.297, 1.678, 2.06, 2.6319999999999997, 3.281, 4.12, 5.188, 6.485, 8.087, 9.995, 12.741, 15.869, 19.76, 24.414, 30.0985, 36.774, 44.709, 53.941, 64.698, 77.363, 93.462, 111.086]"
58_E6_C5_01_08_CC,715,"[-35, -34, -33, -32, -31, -30, -29, -28, -27, -26, -25, -24, -23, -22, -21, -20, -19, -18, -17, -16, -15, -14]","[1.526, 1.907, 2.403, 3.052, 3.815, 4.883, 6.104, 7.63, 9.384, 11.673, 14.496, 18.158, 22.507, 27.695, 33.951, 41.39, 50.278, 60.349, 72.251, 86.023, 103.38, 122.072]"
58_E6_C5_01_08_CC,725,"[-35, -34, -33, -32, -31, -30, -29, -28, -27, -26, -25, -24, -23, -22, -21, -20, -19, -18, -17, -16, -15, -14]","[1.831, 2.213, 2.823, 3.586, 4.501, 5.646, 7.095, 8.774, 10.986, 13.581, 16.556, 20.6, 25.483, 31.319, 38.224, 46.464, 56.153, 67.407, 80.339, 95.369, 113.451, 133.516]"
58_E6_C5_01_08_CC,735,"[-35, -34, -33, -32, -31, -30, -29, -28, -27, -26, -25, -24, -23, -22, -21, -20, -19, -18, -17, -16, -15, -14]","[2.098, 2.67, 3.281, 4.12, 5.264, 6.561, 8.164, 10.224, 12.665, 15.717, 18.769, 23.346, 28.763, 35.325, 43.03, 52.033, 62.562, 74.998, 89.189, 105.287, 124.285, 145.8]"
58_E6_C5_01_08_CC,745,"[-35, -34, -33, -32, -31, -30, -29, -28, -27, -26, -25, -24, -23, -22, -21, -20, -19, -18, -17, -16, -15, -14]","[2.441, 3.052, 3.815, 4.807, 6.104, 7.63, 9.461, 11.826, 14.649, 18.082, 21.286, 26.398, 32.425, 39.75, 48.371, 58.3275, 69.963, 83.429, 98.878, 116.426, 135.882, 159.6475]"
58_E6_C5_01_08_CC,755,"[-35, -34, -33, -32, -31, -30, -29, -28, -27, -26, -25, -24, -23, -22, -21, -20, -19, -18, -17, -16, -15, -14]","[2.823, 3.51, 4.425, 5.57, 7.019, 8.774, 10.834, 13.5425, 16.785, 20.676, 24.186, 29.755, 36.622, 44.862, 54.322, 65.461, 78.279, 92.851, 109.636, 128.481, 149.615, 175.402]"
58_E6_C5_01_08_CC,765,"[-35, -34, -33, -32, -31, -30, -29, -28, -27, -26, -25, -24, -23, -22, -21, -20, -19, -18, -17, -16, -15, -14]","[3.204, 4.044, 5.112, 6.409, 8.011, 9.995, 12.436, 15.488, 19.15, 23.575, 27.466, 33.722, 41.352, 50.507, 60.998000000000005, 73.243, 87.32, 103.227, 121.538, 142.214, 165.255, 193.103]"
58_E6_C5_01_08_CC,775,"[-35, -34, -33, -32, -31, -30, -29, -28, -27, -26, -25, -24, -23, -22, -21, -20, -19, -18, -17, -16, -15, -14]","[3.7, 4.578, 5.875, 7.324, 9.155, 11.444, 14.191, 17.624, 21.744, 26.741500000000002, 31.205, 38.376, 46.921, 57.145, 68.894, 82.551, 97.887, 115.129, 135.042, 157.778, 183.185, 213.55]"
58_E6_C5_01_08_CC,785,"[-35, -34, -33, -32, -31, -30, -29, -28, -27, -26, -25, -24, -23, -22, -21, -20, -19, -18, -17, -16, -15, -14]","[4.2345, 5.341, 6.714, 8.430499999999999, 10.452, 13.123, 16.289, 20.142, 24.796, 30.518, 36.088, 44.327, 53.941, 65.423, 78.355, 93.614, 110.552, 129.854, 151.827, 176.471, 205.539, 237.964]"
58_E6_C5_01_08_CC,795,"[-35, -34, -33, -32, -31, -30, -29, -28, -27, -26, -25, -24, -23, -22, -21, -20, -19, -18, -17, -16, -15, -14]","[4.845000000000001, 6.1419999999999995, 7.706, 9.613, 12.131, 15.03, 18.692, 23.117, 28.534, 34.791, 41.81, 51.194, 62.333, 74.922, 89.418, 106.508, 125.429, 146.4485, 170.825, 197.833, 230.182, 265.812]"
58_E6_C5_01_08_CC,805,"[-35, -34, -33, -32, -31, -30, -29, -28, -27, -26, -25, -24, -23, -22, -21, -20, -19, -18, -17, -16, -15, -14]","[5.57, 7.095, 8.85, 11.139, 13.886, 17.319, 21.515, 26.474, 32.578, 39.826, 48.447, 59.052, 71.641, 86.213, 102.541, 121.233, 142.214, 165.942, 192.34, 222.019, 257.115, 297.017]"
58_E6_C5_01_08_CC,815,"[-35, -34, -33, -32, -31, -30, -29, -28, -27, -26, -25, -24, -23, -22, -21, -20, -19, -18, -17, -16, -15, -14]","[6.485, 8.164, 10.147, 12.894, 15.946, 19.989, 24.796, 30.594, 37.613, 45.853, 56.077, 68.475, 82.78, 99.031, 117.342, 137.789, 161.822, 187.686, 217.136, 249.79, 288.396, 332.265]"
58_E6_C5_01_08_CC,825,"[-35, -34, -33, -32, -31, -30, -29, -28, -27, -26, -25, -24, -23, -22, -21, -20, -19, -18, -17, -16, -15, -14]","[7.553, 9.384, 11.864, 14.878, 18.616, 23.117, 28.687, 35.401, 43.412, 53.025, 65.156, 79.194, 95.369, 113.756, 134.585, 157.855, 184.176, 213.321, 245.594, 281.91, 323.911, 370.871]"
58_E6_C5_01_08_CC,835,"[-35, -34, -33, -32, -31, -30, -29, -28, -27, -26, -25, -24, -23, -22, -21, -20, -19, -18, -17, -16, -15, -14]","[8.621, 10.872, 13.657, 17.243, 21.515, 26.703, 33.303, 41.047, 50.431, 61.341, 75.456, 91.783, 109.789, 130.846, 154.345, 180.514, 209.506, 242.39, 278.63, 318.914, 364.004, 417.182]"
58_E6_C5_01_08_CC,845,"[-35, -34, -33, -32, -31, -30, -29, -28, -27, -26, -25, -24, -23, -22, -21, -20, -19, -18, -17, -16, -15, -14]","[9.842, 12.398, 15.64, 19.684, 24.6815, 30.823, 38.376, 47.303, 58.137, 70.726, 87.205, 105.364, 126.65, 149.615, 176.699, 205.921, 238.918, 275.731, 316.091, 360.914, 409.819, 468.528]"
58_E6_C5_01_08_CC,855,"[-35, -34, -33, -32, -31, -30, -29, -28, -27, -26, -25, -24, -23, -22, -21, -20, -19, -18, -17, -16, -15, -14]","[10.91, 13.809, 17.472, 21.973, 27.733, 34.714, 43.412, 53.712, 66.072, 80.797, 98.154, 119.173, 143.282, 169.299, 199.664, 232.7, 269.703, 310.979, 356.146, 406.806, 462.577, 527.962]"
58_E6_C5_01_08_CC,865,"[-35, -34, -33, -32, -31, -30, -29, -28, -27, -26, -25, -24, -23, -22, -21, -20, -19, -18, -17, -16, -15, -14]","[11.597, 14.725, 18.769, 23.804, 29.984, 37.842, 47.303, 58.9, 72.786, 89.189, 107.881, 131.304, 157.168, 187.304, 220.951, 258.564, 299.954, 345.235, 396.963, 453.193, 516.747, 590.066]"
58_E6_C5_01_08_CC,875,"[-35, -34, -33, -32, -31, -30, -29, -28, -27, -26, -25, -24, -23, -22, -21, -20, -19, -18, -17, -16, -15, -14]","[11.826, 15.106, 19.074, 24.262, 30.671, 38.834, 48.676, 61.074, 75.914, 93.538, 112.84, 138.17, 166.934, 200.046, 237.201, 278.172, 323.644, 375.067, 432.364, 494.392, 567.025, 649.004]"
58_E6_C5_01_08_CC,885,"[-35, -34, -33, -32, -31, -30, -29, -28, -27, -26, -25, -24, -23, -22, -21, -20, -19, -18, -17, -16, -15, -14]","[11.368, 14.496, 18.311, 23.27, 29.374, 37.385, 47.15, 59.205, 73.777, 91.402, 112.116, 138.247, 168.231, 202.564, 242.008, 286.641, 335.851, 391.928, 453.88, 522.774, 601.816, 692.302]"
58_E6_C5_01_08_CC,895,"[-35, -34, -33, -32, -31, -30, -29, -28, -27, -26, -25, -24, -23, -22, -21, -20, -19, -18, -17, -16, -15, -14]","[10.452, 13.352, 17.014, 21.363, 27.314, 34.295, 43.336, 54.4365, 67.826, 84.611, 105.135, 130.388, 159.915, 193.942, 233.539, 279.164, 330.663, 389.258, 454.643, 527.886, 608.453, 708.095]"
58_E6_C5_01_08_CC,905,"[-35, -34, -33, -32, -31, -30, -29, -28, -27, -26, -25, -24, -23, -22, -21, -20, -19, -18, -17, -16, -15, -14]","[9.461, 12.055, 15.183, 19.226, 24.262, 30.747, 38.758, 48.524, 60.426, 75.3415, 94.682, 117.8, 145.19, 177.157, 214.847, 258.03, 308.08, 365.682, 430.304, 504.158, 584.802, 684.367]"
58_E6_C5_01_08_CC,915,"[-35, -34, -33, -32, -31, -30, -29, -28, -27, -26, -25, -24, -23, -22, -21, -20, -19, -18, -17, -16, -15, -14]","[8.469, 10.758, 13.657, 17.243, 21.668, 27.39, 34.333, 42.954, 53.483, 66.3, 84.077, 103.914, 128.862, 157.244, 191.501, 231.098, 276.799, 330.0145, 390.86, 460.822, 538.491, 635.157]"
58_E6_C5_01_08_CC,925,"[-35, -34, -33, -32, -31, -30, -29, -28, -27, -26, -25, -24, -23, -22, -21, -20, -19, -18, -17, -16, -15, -14]","[7.706, 9.766, 12.284, 15.488, 19.532, 24.567, 30.747, 38.3, 47.608, 58.824, 74.235, 92.4315, 114.29, 139.62, 169.833, 205.386, 246.128, 293.126, 349.355, 413.062, 487.678, 577.554]"
58_E6_C5_01_08_CC,935,"[-35, -34, -33, -32, -31, -30, -29, -28, -27, -26, -25, -24, -23, -22, -21, -20, -19, -18, -17, -16, -15, -14]","[7.095, 8.927, 11.292, 14.267, 17.929, 22.431, 28.153, 35.019, 43.412, 53.673500000000004, 66.148, 82.704, 102.388, 125.277, 151.904, 183.871, 220.645, 263.676, 313.42, 371.1375, 441.978, 524.376]"
58_E6_C5_01_08_CC,945,"[-35, -34, -33, -32, -31, -30, -29, -28, -27, -26, -25, -24, -23, -22, -21, -20, -19, -18, -17, -16, -15, -14]","[6.561, 8.316, 10.452, 13.275, 16.556, 20.829, 26.017, 32.425, 40.131, 49.592, 60.502, 74.922, 92.47, 113.069, 137.713, 165.942, 199.741, 238.346, 283.589, 335.698, 402.342, 477.531]"
58_E6_C5_01_08_CC,955,"[-35, -34, -33, -32, -31, -30, -29, -28, -27, -26, -25, -24, -23, -22, -21, -20, -19, -18, -17, -16, -15, -14]","[6.18, 7.782, 9.842, 12.398, 15.488, 19.455, 24.338, 30.289, 37.461, 46.387, 55.314, 68.437, 84.535, 103.609, 125.887, 151.751, 181.964, 217.823, 259.098, 306.859, 368.2, 437.324]"
58_E6_C5_01_08_CC,965,"[-35, -34, -33, -32, -31, -30, -29, -28, -27, -26, -25, -24, -23, -22, -21, -20, -19, -18, -17, -16, -15, -14]","[5.798, 7.324, 9.27, 11.673, 14.572, 18.387, 22.812, 28.458, 35.209999999999994, 43.488, 50.965, 63.172, 78.126, 95.521, 116.197, 140.23, 168.307, 200.427, 239.033, 283.055, 337.835, 402.9525]"
58_E6_C5_01_08_CC,975,"[-35, -34, -33, -32, -31, -30, -29, -28, -27, -26, -25, -24, -23, -22, -21, -20, -19, -18, -17, -16, -15, -14]","[5.493, 6.943, 8.774, 10.986, 13.771, 17.243, 21.515, 26.78, 33.188, 40.97, 47.379, 58.747, 72.48, 88.808, 108.11, 130.388, 156.405, 187.228, 222.629, 263.523, 313.802, 372.549]"
58_E6_C5_01_08_CC,985,"[-35, -34, -33, -32, -31, -30, -29, -28, -27, -26, -25, -24, -23, -22, -21, -20, -19, -18, -17, -16, -15, -14]","[5.188, 6.523, 8.24, 10.376, 13.046, 16.327, 20.294, 25.254, 31.205, 38.529, 44.785, 55.619, 68.513, 84.001, 102.083, 123.522, 148.013, 176.928, 210.498, 249.18, 293.736, 348.821]"
58_E6_C5_01_08_CC,995,"[-35, -34, -33, -32, -31, -30, -29, -28, -27, -26, -25, -24, -23, -22, -21, -20, -19, -18, -17, -16, -15, -14]","[4.845000000000001, 6.1419999999999995, 7.706, 9.689, 12.169, 15.183, 18.997, 23.575, 29.221, 36.088, 42.496, 52.796, 65.118, 79.5, 96.742, 117.113, 140.536, 168.002, 199.512, 236.591, 276.837, 328.756]"
58_E6_C5_00_F6_64,705,"[-35, -34, -33, -32, -31, -30, -29, -28, -27, -26, -25, -24, -23, -22, -21, -20, -19, -18, -17, -16, -15, -14]","[1.221, 1.602, 2.136, 2.67, 3.357, 4.349, 5.417, 6.867, 8.545, 10.681, 13.504, 16.8995, 21.057, 26.017, 31.968, 39.063, 47.379, 57.145, 68.513, 81.712, 98.459, 116.96]"
58_E6_C5_00_F6_64,715,"[-35, -34, -33, -32, -31, -30, -29, -28, -27, -26, -25, -24, -23, -22, -21, -20, -19, -18, -17, -16, -15, -14]","[1.526, 1.907, 2.518, 3.1660000000000004, 4.0055, 5.0735, 6.409, 8.011, 10.071, 12.512, 15.488, 19.455, 24.109, 29.603, 36.316, 44.251, 53.559, 64.24, 76.753, 91.211, 109.407, 128.939]"
58_E6_C5_00_F6_64,725,"[-35, -34, -33, -32, -31, -30, -29, -28, -27, -26, -25, -24, -23, -22, -21, -20, -19, -18, -17, -16, -15, -14]","[1.831, 2.289, 2.976, 3.738, 4.7685, 6.027, 7.553, 9.461, 11.826, 14.649, 17.777, 22.240000000000002, 27.428, 33.722, 41.047, 49.821, 60.197, 72.023, 85.756, 101.472, 120.546, 141.604]"
58_E6_C5_00_F6_64,735,"[-35, -34, -33, -32, -31, -30, -29, -28, -27, -26, -25, -24, -23, -22, -21, -20, -19, -18, -17, -16, -15, -14]","[2.136, 2.747, 3.51, 4.425, 5.646, 7.095, 8.85, 11.063, 13.733, 17.09, 20.371, 25.33, 31.205, 38.3, 46.578, 56.229, 67.369, 80.644, 95.521, 112.612, 132.677, 155.337]"
58_E6_C5_00_F6_64,745,"[-35, -34, -33, -32, -31, -30, -29, -28, -27, -26, -25, -24, -23, -22, -21, -20, -19, -18, -17, -16, -15, -14]","[2.594, 3.204, 4.12, 5.264, 6.561, 8.24, 10.376, 12.894, 16.022, 19.76, 23.346, 28.763, 35.477, 43.259, 52.72, 63.325, 75.837, 90.105, 106.54599999999999, 125.124, 145.724, 170.901]"
58_E6_C5_00_F6_64,755,"[-35, -34, -33, -32, -31, -30, -29, -28, -27, -26, -25, -24, -23, -22, -21, -20, -19, -18, -17, -16, -15, -14]","[2.976, 3.815, 4.883, 6.104, 7.668, 9.613, 11.978, 14.954, 18.54, 22.812, 26.703, 32.807, 40.284, 49.21, 59.434, 71.4505, 85.222, 100.862, 118.791, 139.01, 161.517, 188.83]"
58_E6_C5_00_F6_64,765,"[-35, -34, -33, -32, -31, -30, -29, -28, -27, -26, -25, -24, -23, -22, -21, -20, -19, -18, -17, -16, -15, -14]","[3.51, 4.425, 5.57, 7.019, 8.85, 11.139, 13.886, 17.243, 21.363, 26.246, 30.518, 37.461, 45.853, 55.924, 67.292, 80.644, 95.75, 112.917, 132.525, 154.65, 179.332, 209.125]"
58_E6_C5_00_F6_64,775,"[-35, -34, -33, -32, -31, -30, -29, -28, -27, -26, -25, -24, -23, -22, -21, -20, -19, -18, -17, -16, -15, -14]","[4.044, 5.112, 6.485, 8.164, 10.224, 12.818, 16.022, 19.837, 24.4525, 29.984, 35.172, 43.03, 52.491, 63.706, 76.6385, 91.402, 108.11, 126.726, 148.241, 172.732, 200.084, 232.776]"
58_E6_C5_00_F6_64,785,"[-35, -34, -33, -32, -31, -30, -29, -28, -27, -26, -25, -24, -23, -22, -21, -20, -19, -18, -17, -16, -15, -14]","[4.73, 5.951, 7.553, 9.537, 11.978, 14.878, 18.54, 22.965, 28.229, 34.638, 40.97, 50.202, 60.883, 73.625, 87.892, 104.448, 122.988, 143.969, 167.849, 194.476, 225.986, 261.158]"
58_E6_C5_00_F6_64,795,"[-35, -34, -33, -32, -31, -30, -29, -28, -27, -26, -25, -24, -23, -22, -21, -20, -19, -18, -17, -16, -15, -14]","[5.493, 6.943, 8.85, 11.063, 13.886, 17.319, 21.515, 26.627, 32.654, 39.902, 47.913, 58.442, 70.954, 84.993, 100.938, 119.745, 140.536, 163.5, 190.051, 219.577, 254.902, 293.507]"
58_E6_C5_00_F6_64,805,"[-35, -34, -33, -32, -31, -30, -29, -28, -27, -26, -25, -24, -23, -22, -21, -20, -19, -18, -17, -16, -15, -14]","[6.409, 8.164, 10.224, 12.97, 16.136499999999998, 20.142, 25.063, 30.747, 37.766, 46.082, 56.001, 68.055, 82.246, 98.421, 116.655, 137.331, 160.449, 186.542, 215.686, 248.188, 286.641, 330.282]"
58_E6_C5_00_F6_64,815,"[-35, -34, -33, -32, -31, -30, -29, -28, -27, -26, -25, -24, -23, -22, -21, -20, -19, -18, -17, -16, -15, -14]","[7.477, 9.461, 11.902, 15.03, 18.769, 23.423, 29.145, 35.859, 43.946, 53.483, 65.232, 79.423, 95.483, 113.756, 134.279, 157.168, 183.642, 212.406, 245.098, 281.033, 323.644, 371.786]"
58_E6_C5_00_F6_64,825,"[-35, -34, -33, -32, -31, -30, -29, -28, -27, -26, -25, -24, -23, -22, -21, -20, -19, -18, -17, -16, -15, -14]","[8.774, 11.063, 13.962, 17.548, 21.973, 27.39, 33.951, 41.81, 51.194, 62.257, 76.219, 92.164, 110.475, 131.151, 154.65, 180.781, 210.117, 242.771, 278.706, 318.99, 365.377, 417.525]"
58_E6_C5_00_F6_64,835,"[-35, -34, -33, -32, -31, -30, -29, -28, -27, -26, -25, -24, -23, -22, -21, -20, -19, -18, -17, -16, -15, -14]","[10.071, 12.703, 16.098, 20.294, 25.33, 31.51, 39.292, 48.447, 59.358, 72.023, 88.121, 106.584, 127.031, 150.912, 177.577, 206.912, 239.567, 276.493, 317.006, 362.02, 412.528, 471.733]"
58_E6_C5_00_F6_64,845,"[-35, -34, -33, -32, -31, -30, -29, -28, -27, -26, -25, -24, -23, -22, -21, -20, -19, -18, -17, -16, -15, -14]","[11.215, 14.343, 18.158, 22.812, 28.687, 35.859, 44.633, 55.161, 67.674, 82.17, 100.481, 121.08, 145.19, 171.2445, 201.801, 234.913, 272.068, 313.497, 358.892, 409.476, 464.599, 530.633]"
58_E6_C5_00_F6_64,855,"[-35, -34, -33, -32, -31, -30, -29, -28, -27, -26, -25, -24, -23, -22, -21, -20, -19, -18, -17, -16, -15, -14]","[12.131, 15.335, 19.57, 24.72, 31.205, 39.063, 48.981, 60.578, 74.617, 91.249, 110.17, 133.745, 160.754, 189.899, 224.155, 261.349, 302.968, 349.508, 400.626, 457.771, 521.324, 595.331]"
58_E6_C5_00_F6_64,865,"[-35, -34, -33, -32, -31, -30, -29, -28, -27, -26, -25, -24, -23, -22, -21, -20, -19, -18, -17, -16, -15, -14]","[12.207, 15.64, 19.913, 25.292, 31.968, 40.397999999999996, 50.584, 63.02, 78.088, 95.827, 115.587, 141.146, 169.375, 202.64, 239.872, 281.529, 327.84, 378.347, 436.561, 499.733, 572.29, 654.994]"
58_E6_C5_00_F6_64,875,"[-35, -34, -33, -32, -31, -30, -29, -28, -27, -26, -25, -24, -23, -22, -21, -20, -19, -18, -17, -16, -15, -14]","[11.826, 15.03, 19.074, 24.262, 30.594, 38.834, 48.753, 61.112, 75.99, 93.881, 113.87049999999999, 140.002, 169.909, 204.852, 244.297, 288.281, 337.606, 393.835, 456.779, 525.444, 606.546, 697.948]"
58_E6_C5_00_F6_64,885,"[-35, -34, -33, -32, -31, -30, -29, -28, -27, -26, -25, -24, -23, -22, -21, -20, -19, -18, -17, -16, -15, -14]","[10.758, 13.657, 17.319, 21.973, 27.771, 35.172, 44.251, 55.467, 69.2, 85.679, 106.126, 131.228, 160.372, 194.247, 233.539, 278.897, 329.366, 387.655, 452.964, 526.36, 609.369, 707.485]"
58_E6_C5_00_F6_64,895,"[-35, -34, -33, -32, -31, -30, -29, -28, -27, -26, -25, -24, -23, -22, -21, -20, -19, -18, -17, -16, -15, -14]","[9.499, 12.055, 15.3735, 19.379, 24.605, 30.976, 38.987, 48.829, 60.655, 75.456, 94.606, 117.494, 144.35, 175.708, 212.558, 255.589, 304.799, 361.486, 425.956, 498.97, 578.317, 679.789]"
58_E6_C5_00_F6_64,905,"[-35, -34, -33, -32, -31, -30, -29, -28, -27, -26, -25, -24, -23, -22, -21, -20, -19, -18, -17, -16, -15, -14]","[8.392, 10.605, 13.428, 17.014, 21.439, 27.008, 33.951, 42.496, 52.72, 65.461, 82.628, 102.77, 126.612, 154.574, 187.762, 226.139, 271.077, 323.262, 382.391, 451.057, 525.826, 620.584]"
58_E6_C5_00_F6_64,915,"[-35, -34, -33, -32, -31, -30, -29, -28, -27, -26, -25, -24, -23, -22, -21, -20, -19, -18, -17, -16, -15, -14]","[7.324, 9.308, 11.826, 15.03, 18.845, 23.804, 29.679, 37.156, 46.082, 57.069, 72.328, 89.265, 110.628, 134.89, 164.187, 198.291, 237.812, 283.894, 337.11, 398.718, 468.376, 555.047]"
58_E6_C5_00_F6_64,925,"[-35, -34, -33, -32, -31, -30, -29, -28, -27, -26, -25, -24, -23, -22, -21, -20, -19, -18, -17, -16, -15, -14]","[6.5995, 8.392, 10.605, 13.428, 16.8995, 21.286, 26.551, 33.036, 40.97, 50.584, 63.63, 79.042, 97.734, 119.249, 144.846, 175.097, 209.735, 249.943, 297.932, 352.56, 418.173, 496.3]"
58_E6_C5_00_F6_64,935,"[-35, -34, -33, -32, -31, -30, -29, -28, -27, -26, -25, -24, -23, -22, -21, -20, -19, -18, -17, -16, -15, -14]","[6.027, 7.706, 9.766, 12.284, 15.488, 19.455, 24.338, 30.289, 37.537, 46.311, 56.84, 71.031, 87.739, 107.271, 130.007, 157.168, 188.449, 225.071, 267.491, 316.701, 378.347, 449.149]"
58_E6_C5_00_F6_64,945,"[-35, -34, -33, -32, -31, -30, -29, -28, -27, -26, -25, -24, -23, -22, -21, -20, -19, -18, -17, -16, -15, -14]","[5.6080000000000005, 7.172, 9.079, 11.444, 14.42, 18.082, 22.583, 28.153, 34.867, 43.03, 52.186, 64.546, 79.576, 97.353, 118.486, 142.672, 171.664, 204.623, 243.4195, 287.976, 345.541, 410.239]"
58_E6_C5_00_F6_64,955,"[-35, -34, -33, -32, -31, -30, -29, -28, -27, -26, -25, -24, -23, -22, -21, -20, -19, -18, -17, -16, -15, -14]","[5.264, 6.714, 8.469, 10.758, 13.504, 17.014, 21.286, 26.474, 32.654, 40.436, 47.913, 59.358, 73.243, 89.723, 109.026, 131.456, 157.51100000000002, 188.449, 224.002, 265.202, 318.227, 377.661]"
58_E6_C5_00_F6_64,965,"[-35, -34, -33, -32, -31, -30, -29, -28, -27, -26, -25, -24, -23, -22, -21, -20, -19, -18, -17, -16, -15, -14]","[4.959, 6.256, 8.011, 10.147, 12.741, 16.022, 19.989, 24.872, 30.823, 38.071, 44.404, 55.085, 68.055, 83.238, 101.32, 122.301, 146.639, 174.678, 208.209, 246.433, 293.812, 350.195]"
58_E6_C5_00_F6_64,975,"[-35, -34, -33, -32, -31, -30, -29, -28, -27, -26, -25, -24, -23, -22, -21, -20, -19, -18, -17, -16, -15, -14]","[4.73, 5.951, 7.63, 9.613, 12.0165, 15.106, 18.845, 23.499, 29.068, 35.935, 41.505, 51.499, 63.478, 77.821, 94.835, 114.4045, 137.179, 164.263, 195.239, 230.945, 274.51, 325.856]"
58_E6_C5_00_F6_64,985,"[-35, -34, -33, -32, -31, -30, -29, -28, -27, -26, -25, -24, -23, -22, -21, -20, -19, -18, -17, -16, -15, -14]","[4.425, 5.6080000000000005, 7.095, 9.003, 11.368, 14.267, 17.777, 22.202, 27.466, 33.951, 39.368, 48.905, 60.273, 73.93, 89.876, 108.873, 130.541, 155.947, 185.5115, 219.577, 258.335, 306.706]"
58_E6_C5_00_F6_64,995,"[-35, -34, -33, -32, -31, -30, -29, -28, -27, -26, -25, -24, -23, -22, -21, -20, -19, -18, -17, -16, -15, -14]","[4.196, 5.264, 6.714, 8.469, 10.605, 13.352, 16.709, 20.752, 25.788, 31.739, 37.537, 46.578, 57.45, 70.268, 85.451, 103.532, 124.285, 148.623, 176.547, 209.43, 244.755, 290.379]"
98_A3_16_8F_18_38,705,"[-35, -34, -33, -32, -31, -30, -29, -28, -27, -26, -25, -24, -23, -22, -21, -20, -19, -18, -17, -16, -15, -14]","[1.259, 1.602, 2.136, 2.594, 3.357, 4.273, 5.341, 6.714, 8.354, 10.376, 13.199, 16.48, 20.6, 25.406, 31.205, 38.148, 46.311, 55.924, 67.063, 80.072, 96.513, 114.672]"
98_A3_16_8F_18_38,715,"[-35, -34, -33, -32, -31, -30, -29, -28, -27, -26, -25, -24, -23, -22, -21, -20, -19, -18, -17, -16, -15, -14]","[1.526, 1.984, 2.441, 3.128, 3.967, 5.035, 6.256, 7.782, 9.689, 12.131, 14.954, 18.769, 23.346, 28.687, 35.248, 42.954, 52.033, 62.4475, 74.693, 88.884, 106.661, 125.811]"
98_A3_16_8F_18_38,725,"[-35, -34, -33, -32, -31, -30, -29, -28, -27, -26, -25, -24, -23, -22, -21, -20, -19, -18, -17, -16, -15, -14]","[1.755, 2.289, 2.899, 3.662, 4.578, 5.798, 7.248, 9.079, 11.33, 14.038, 17.09, 21.286, 26.284, 32.387, 39.521, 48.066, 57.984, 69.619, 82.933, 98.268, 116.808, 137.293]"
98_A3_16_8F_18_38,735,"[-35, -34, -33, -32, -31, -30, -29, -28, -27, -26, -25, -24, -23, -22, -21, -20, -19, -18, -17, -16, -15, -14]","[2.06, 2.67, 3.357, 4.196, 5.341, 6.714, 8.392, 10.529, 13.046, 16.175, 19.303, 24.033, 29.679, 36.469, 44.48, 53.712, 64.546, 77.287, 91.783, 108.339, 127.718, 149.767]"
98_A3_16_8F_18_38,745,"[-35, -34, -33, -32, -31, -30, -29, -28, -27, -26, -25, -24, -23, -22, -21, -20, -19, -18, -17, -16, -15, -14]","[2.365, 3.052, 3.891, 4.883, 6.18, 7.782, 9.766, 12.131, 15.106, 18.616, 21.973, 27.161, 33.417, 40.932, 49.897, 60.121, 72.099, 85.832, 101.701, 119.554, 139.391, 163.7675]"
98_A3_16_8F_18_38,755,"[-35, -34, -33, -32, -31, -30, -29, -28, -27, -26, -25, -24, -23, -22, -21, -20, -19, -18, -17, -16, -15, -14]","[2.747, 3.586, 4.463, 5.646, 7.172, 8.927, 11.139, 13.886, 17.243, 21.286, 24.872, 30.671, 37.69, 46.159, 55.885999999999996, 67.292, 80.415, 95.369, 112.535, 131.914, 153.506, 179.751]"
98_A3_16_8F_18_38,765,"[-35, -34, -33, -32, -31, -30, -29, -28, -27, -26, -25, -24, -23, -22, -21, -20, -19, -18, -17, -16, -15, -14]","[3.204, 4.12, 5.188, 6.485, 8.164, 10.224, 12.818, 15.869, 19.608, 24.186, 28.153, 34.638, 42.573, 51.957, 62.715, 75.303, 89.647, 105.974, 124.666, 145.8, 169.26100000000002, 197.757]"
98_A3_16_8F_18_38,775,"[-35, -34, -33, -32, -31, -30, -29, -28, -27, -26, -25, -24, -23, -22, -21, -20, -19, -18, -17, -16, -15, -14]","[3.662, 4.654, 5.875, 7.401, 9.308, 11.673, 14.496, 18.006, 22.278, 27.39, 32.044, 39.445, 48.142, 58.747, 70.84, 84.688, 100.481, 118.029, 138.399, 161.631, 187.533, 218.585]"
98_A3_16_8F_18_38,785,"[-35, -34, -33, -32, -31, -30, -29, -28, -27, -26, -25, -24, -23, -22, -21, -20, -19, -18, -17, -16, -15, -14]","[4.273, 5.341, 6.79, 8.545, 10.681, 13.352, 16.594, 20.6, 25.406, 31.243, 37.003, 45.548, 55.467, 67.216, 80.491, 96.056, 113.375, 133.135, 155.566, 180.667, 210.422, 243.534]"
98_A3_16_8F_18_38,795,"[-35, -34, -33, -32, -31, -30, -29, -28, -27, -26, -25, -24, -23, -22, -21, -20, -19, -18, -17, -16, -15, -14]","[4.883, 6.18, 7.782, 9.766, 12.284, 15.335, 19.074, 23.651, 29.145, 35.63, 42.878, 52.567, 63.935, 76.905, 91.707, 109.178, 128.557, 149.996, 174.868, 202.487, 235.523, 271.763]"
98_A3_16_8F_18_38,805,"[-35, -34, -33, -32, -31, -30, -29, -28, -27, -26, -25, -24, -23, -22, -21, -20, -19, -18, -17, -16, -15, -14]","[5.646, 7.172, 8.927, 11.292, 14.115, 17.624, 21.897, 27.008, 33.303, 40.818, 49.668, 60.655, 73.548, 88.35, 105.135, 124.285, 145.6855, 169.909, 196.918, 227.207, 262.989, 303.731]"
98_A3_16_8F_18_38,815,"[-35, -34, -33, -32, -31, -30, -29, -28, -27, -26, -25, -24, -23, -22, -21, -20, -19, -18, -17, -16, -15, -14]","[6.485, 8.164, 10.3, 13.046, 16.175, 20.294, 25.292, 31.281, 38.376, 46.921, 57.374, 70.191, 84.764, 101.472, 120.241, 141.146, 165.637, 192.111, 222.171, 255.36, 294.881, 339.437]"
98_A3_16_8F_18_38,825,"[-35, -34, -33, -32, -31, -30, -29, -28, -27, -26, -25, -24, -23, -22, -21, -20, -19, -18, -17, -16, -15, -14]","[7.553, 9.461, 11.978, 15.106, 18.845, 23.499, 29.221, 36.088, 44.251, 54.093, 66.682, 80.949, 97.505, 116.35, 137.713, 161.517, 188.296, 218.128, 251.087, 288.014, 330.7775, 378.576]"
98_A3_16_8F_18_38,835,"[-35, -34, -33, -32, -31, -30, -29, -28, -27, -26, -25, -24, -23, -22, -21, -20, -19, -18, -17, -16, -15, -14]","[8.621, 10.91, 13.733, 17.395, 21.744, 27.085, 33.799, 41.733, 51.27, 62.562, 76.982, 93.69, 112.078, 133.593, 157.778, 184.405, 213.931, 247.578, 284.504, 325.551, 371.405, 425.498]"
98_A3_16_8F_18_38,845,"[-35, -34, -33, -32, -31, -30, -29, -28, -27, -26, -25, -24, -23, -22, -21, -20, -19, -18, -17, -16, -15, -14]","[9.766, 12.36, 15.6785, 19.684, 24.796, 31.052, 38.72, 47.913, 58.976, 71.87, 88.655, 107.195, 128.939, 152.438, 180.056, 209.964, 243.61, 281.1855, 322.271, 368.0095, 417.754, 477.684]"
98_A3_16_8F_18_38,855,"[-35, -34, -33, -32, -31, -30, -29, -28, -27, -26, -25, -24, -23, -22, -21, -20, -19, -18, -17, -16, -15, -14]","[10.834, 13.657, 17.395, 21.973, 27.695, 34.714, 43.565, 54.017, 66.606, 81.636, 99.413, 120.775, 145.342, 171.893, 203.021, 236.667, 274.434, 316.472, 362.554, 414.206, 471.122, 537.6135]"
98_A3_16_8F_18_38,865,"[-35, -34, -33, -32, -31, -30, -29, -28, -27, -26, -25, -24, -23, -22, -21, -20, -19, -18, -17, -16, -15, -14]","[11.368, 14.496, 18.5015, 23.499, 29.679, 37.537, 47.074, 58.7855, 72.862, 89.418, 108.339, 132.219, 158.541, 189.288, 223.545, 261.845, 304.112, 350.118, 402.914, 460.136, 524.91, 599.451]"
98_A3_16_8F_18_38,875,"[-35, -34, -33, -32, -31, -30, -29, -28, -27, -26, -25, -24, -23, -22, -21, -20, -19, -18, -17, -16, -15, -14]","[11.559000000000001, 14.725, 18.692, 23.728, 30.06, 38.224, 48.142, 60.426, 75.227, 93.004, 112.612, 138.17, 167.315, 200.885, 238.499, 280.232, 326.39, 378.805, 437.018, 500.114, 574.121, 657.3969999999999]"
98_A3_16_8F_18_38,885,"[-35, -34, -33, -32, -31, -30, -29, -28, -27, -26, -25, -24, -23, -22, -21, -20, -19, -18, -17, -16, -15, -14]","[10.986, 14.038, 17.853, 22.66, 28.763, 36.545, 46.159, 58.137, 72.633, 90.105, 110.933, 137.179, 167.239, 201.801, 241.627, 286.717, 336.538, 393.454, 456.321, 526.207, 606.012, 698.177]"
98_A3_16_8F_18_38,895,"[-35, -34, -33, -32, -31, -30, -29, -28, -27, -26, -25, -24, -23, -22, -21, -20, -19, -18, -17, -16, -15, -14]","[10.147, 12.894, 16.403, 20.752, 26.5125, 33.417, 42.344, 53.254, 66.377, 82.933, 103.494, 128.634, 158.007, 192.035, 231.785, 277.638, 329.366, 388.342, 454.337, 528.42, 609.674, 710.384]"
98_A3_16_8F_18_38,905,"[-35, -34, -33, -32, -31, -30, -29, -28, -27, -26, -25, -24, -23, -22, -21, -20, -19, -18, -17, -16, -15, -14]","[9.1935, 11.673, 14.763, 18.692, 23.651, 29.908, 37.766, 47.532, 59.129, 73.854, 92.927, 115.892, 142.977, 174.716, 212.253, 255.36, 305.333, 363.012, 427.863, 501.946, 583.276, 683.375]"
98_A3_16_8F_18_38,915,"[-35, -34, -33, -32, -31, -30, -29, -28, -27, -26, -25, -24, -23, -22, -21, -20, -19, -18, -17, -16, -15, -14]","[8.164, 10.376, 13.275, 16.785, 21.21, 26.703, 33.532, 42.115, 52.415, 65.08, 82.399, 102.159, 126.802, 154.917, 188.907, 228.275, 273.823, 326.772, 387.503, 457.465, 535.63, 632.486]"
98_A3_16_8F_18_38,925,"[-35, -34, -33, -32, -31, -30, -29, -28, -27, -26, -25, -24, -23, -22, -21, -20, -19, -18, -17, -16, -15, -14]","[7.477, 9.461, 11.94, 15.106, 19.074, 24.033, 30.137, 37.613, 46.845, 57.908, 72.938, 90.867, 112.535, 137.636, 167.582, 202.869, 243.4195, 290.227, 346.151, 409.705, 484.703, 574.502]"
98_A3_16_8F_18_38,935,"[-35, -34, -33, -32, -31, -30, -29, -28, -27, -26, -25, -24, -23, -22, -21, -20, -19, -18, -17, -16, -15, -14]","[6.867, 8.698, 11.063, 13.962, 17.586, 22.126, 27.695, 34.485, 42.878, 53.025, 65.118, 81.559, 101.091, 123.674, 150.225, 181.964, 218.509, 261.311, 310.826, 368.429, 439.536, 521.859]"
98_A3_16_8F_18_38,945,"[-35, -34, -33, -32, -31, -30, -29, -28, -27, -26, -25, -24, -23, -22, -21, -20, -19, -18, -17, -16, -15, -14]","[6.409, 8.087, 10.3, 12.97, 16.327, 20.523, 25.635, 31.968, 39.75, 49.134, 59.663, 74.006, 91.325, 111.849, 136.339, 164.492, 198.062, 236.515, 281.682, 333.639, 400.32, 475.471]"
98_A3_16_8F_18_38,955,"[-35, -34, -33, -32, -31, -30, -29, -28, -27, -26, -25, -24, -23, -22, -21, -20, -19, -18, -17, -16, -15, -14]","[5.951, 7.553, 9.613, 12.131, 15.259, 19.226, 24.033, 29.984, 37.041, 45.968, 54.551, 67.712, 83.619, 102.617, 124.819, 150.607, 180.743, 216.449, 257.572, 305.257, 366.369, 435.416]"
98_A3_16_8F_18_38,965,"[-35, -34, -33, -32, -31, -30, -29, -28, -27, -26, -25, -24, -23, -22, -21, -20, -19, -18, -17, -16, -15, -14]","[5.646, 7.172, 9.079, 11.444, 14.343, 18.082, 22.583, 28.153, 34.791, 43.107, 50.355, 62.562, 77.287, 94.606, 115.206, 139.239, 167.163, 199.207, 237.736, 281.682, 336.118, 401.083]"
98_A3_16_8F_18_38,975,"[-35, -34, -33, -32, -31, -30, -29, -28, -27, -26, -25, -24, -23, -22, -21, -20, -19, -18, -17, -16, -15, -14]","[5.264, 6.714, 8.507, 10.796, 13.5425, 16.938, 21.21, 26.398, 32.731, 40.436, 46.769, 58.137, 71.717, 87.968, 107.195, 129.396, 155.261, 186.0455, 221.37, 262.15, 311.742, 370.489]"
98_A3_16_8F_18_38,985,"[-35, -34, -33, -32, -31, -30, -29, -28, -27, -26, -25, -24, -23, -22, -21, -20, -19, -18, -17, -16, -15, -14]","[4.959, 6.332, 8.011, 10.071, 12.665, 15.946, 19.837, 24.758, 30.671, 37.919, 44.175, 54.856, 67.75, 83.047, 101.091, 122.377, 146.792, 175.555, 208.896, 247.501, 291.409, 346.227]"
98_A3_16_8F_18_38,995,"[-35, -34, -33, -32, -31, -30, -29, -28, -27, -26, -25, -24, -23, -22, -21, -20, -19, -18, -17, -16, -15, -14]","[4.654, 5.875, 7.477, 9.384, 11.826, 14.801, 18.54, 23.041, 28.534, 35.248, 41.733, 51.957, 64.088, 78.355, 95.369, 115.587, 138.857, 166.1325, 197.452, 234.379, 273.976, 325.551]"
58_E6_C5_00_FE_C8,705,"[-35, -34, -33, -32, -31, -30, -29, -28, -27, -26, -25, -24, -23, -22, -21, -20, -19, -18, -17, -16, -15, -14]","[1.45, 1.755, 2.213, 2.823, 3.586, 4.463, 5.57, 6.943, 8.659500000000001, 10.758, 13.581, 17.014, 21.057, 26.017, 31.891, 38.987, 47.303, 57.069, 68.284, 81.521, 98.192, 116.655]"
58_E6_C5_00_FE_C8,715,"[-35, -34, -33, -32, -31, -30, -29, -28, -27, -26, -25, -24, -23, -22, -21, -20, -19, -18, -17, -16, -15, -14]","[1.678, 2.06, 2.594, 3.281, 4.12, 5.188, 6.485, 8.164, 10.071, 12.512, 15.488, 19.303, 23.957, 29.45, 36.088, 43.946, 53.178, 63.783, 76.219, 90.639, 108.6825, 128.099]"
58_E6_C5_00_FE_C8,725,"[-35, -34, -33, -32, -31, -30, -29, -28, -27, -26, -25, -24, -23, -22, -21, -20, -19, -18, -17, -16, -15, -14]","[1.907, 2.441, 3.052, 3.815, 4.807, 6.0655, 7.63, 9.461, 11.749, 14.496, 17.7, 21.973, 27.085, 33.303, 40.513, 49.21, 59.434, 71.183, 84.764, 100.404, 119.249, 140.078]"
58_E6_C5_00_FE_C8,735,"[-35, -34, -33, -32, -31, -30, -29, -28, -27, -26, -25, -24, -23, -22, -21, -20, -19, -18, -17, -16, -15, -14]","[2.213, 2.823, 3.586, 4.463, 5.646, 7.019, 8.812, 10.91, 13.581, 16.785, 19.913, 24.872, 30.594, 37.613, 45.701, 55.161, 66.224, 79.271, 93.996, 110.857, 130.617, 152.972]"
58_E6_C5_00_FE_C8,745,"[-35, -34, -33, -32, -31, -30, -29, -28, -27, -26, -25, -24, -23, -22, -21, -20, -19, -18, -17, -16, -15, -14]","[2.67, 3.281, 4.12, 5.15, 6.485, 8.164, 10.147, 12.589, 15.64, 19.303, 22.736, 28.077, 34.562, 42.191, 51.347, 61.799, 74.083, 88.121, 104.295, 122.53, 142.748, 167.544]"
58_E6_C5_00_FE_C8,755,"[-35, -34, -33, -32, -31, -30, -29, -28, -27, -26, -25, -24, -23, -22, -21, -20, -19, -18, -17, -16, -15, -14]","[2.976, 3.815, 4.73, 5.951, 7.553, 9.308, 11.635, 14.496, 17.929, 22.0875, 25.788, 31.739, 38.987, 47.684, 57.603, 69.276, 82.78, 98.039, 115.625, 135.424, 157.473, 184.253]"
58_E6_C5_00_FE_C8,765,"[-35, -34, -33, -32, -31, -30, -29, -28, -27, -26, -25, -24, -23, -22, -21, -20, -19, -18, -17, -16, -15, -14]","[3.51, 4.349, 5.493, 6.867, 8.621, 10.758, 13.352, 16.556, 20.447, 25.139, 29.297, 36.011, 44.099, 53.788, 64.775, 77.745, 92.47, 109.102, 128.176, 149.844, 173.877, 202.945]"
58_E6_C5_00_FE_C8,775,"[-35, -34, -33, -32, -31, -30, -29, -28, -27, -26, -25, -24, -23, -22, -21, -20, -19, -18, -17, -16, -15, -14]","[3.967, 4.959, 6.256, 7.858, 9.766, 12.207, 15.183, 18.845, 23.194, 28.534, 33.341, 40.894, 49.973, 60.807, 73.205, 87.51, 103.685, 121.691, 142.519, 166.323, 192.874, 224.689]"
58_E6_C5_00_FE_C8,785,"[-35, -34, -33, -32, -31, -30, -29, -28, -27, -26, -25, -24, -23, -22, -21, -20, -19, -18, -17, -16, -15, -14]","[4.578, 5.722, 7.172, 9.003, 11.215, 14.038, 17.395, 21.515, 26.474, 32.578, 38.529, 47.379, 57.527, 69.657, 83.314, 99.336, 117.113, 137.369, 160.449, 186.084, 216.526, 250.553]"
58_E6_C5_00_FE_C8,795,"[-35, -34, -33, -32, -31, -30, -29, -28, -27, -26, -25, -24, -23, -22, -21, -20, -19, -18, -17, -16, -15, -14]","[5.188, 6.561, 8.24, 10.262, 12.97, 16.098, 19.913, 24.643, 30.365, 37.156, 44.709, 54.627, 66.377, 79.843, 95.064, 113.031, 132.982, 154.9935, 180.514, 208.82, 242.771, 279.8885]"
58_E6_C5_00_FE_C8,805,"[-35, -34, -33, -32, -31, -30, -29, -28, -27, -26, -25, -24, -23, -22, -21, -20, -19, -18, -17, -16, -15, -14]","[6.027, 7.553, 9.4225, 11.902, 14.801, 18.54, 22.965, 28.229, 34.791, 42.496, 51.728, 63.058, 76.371, 91.707, 108.949, 128.634, 150.683, 175.631, 203.403, 234.455, 271.229, 313.039]"
58_E6_C5_00_FE_C8,815,"[-35, -34, -33, -32, -31, -30, -29, -28, -27, -26, -25, -24, -23, -22, -21, -20, -19, -18, -17, -16, -15, -14]","[6.943, 8.698, 10.834, 13.657, 17.014, 21.286, 26.474, 32.654, 40.055, 48.829, 59.815, 73.014, 88.121, 105.287, 124.666, 146.334, 171.435, 198.672, 229.648, 263.828, 304.189, 350.118]"
58_E6_C5_00_FE_C8,825,"[-35, -34, -33, -32, -31, -30, -29, -28, -27, -26, -25, -24, -23, -22, -21, -20, -19, -18, -17, -16, -15, -14]","[8.011, 9.995, 12.626999999999999, 15.793, 19.76, 24.567, 30.594, 37.69, 46.235, 56.458, 69.429, 84.23, 101.282, 120.699, 142.748, 167.315, 194.934, 225.605, 259.556, 297.627, 341.497, 390.822]"
58_E6_C5_00_FE_C8,835,"[-35, -34, -33, -32, -31, -30, -29, -28, -27, -26, -25, -24, -23, -22, -21, -20, -19, -18, -17, -16, -15, -14]","[9.079, 11.444, 14.42, 18.235, 22.736, 28.267, 35.248, 43.488, 53.407, 65.08, 79.919, 97.2, 116.121, 138.399, 163.348, 190.776, 221.256, 255.894, 294.041, 336.309, 383.612, 439.307]"
58_E6_C5_00_FE_C8,845,"[-35, -34, -33, -32, -31, -30, -29, -28, -27, -26, -25, -24, -23, -22, -21, -20, -19, -18, -17, -16, -15, -14]","[10.224, 12.97, 16.327, 20.523, 25.788, 32.273, 40.1695, 49.668, 61.036, 74.388, 91.6685, 110.704, 133.059, 157.397, 185.779, 216.602, 251.316, 289.998, 332.418, 379.492, 430.915, 492.714]"
58_E6_C5_00_FE_C8,855,"[-35, -34, -33, -32, -31, -30, -29, -28, -27, -26, -25, -24, -23, -22, -21, -20, -19, -18, -17, -16, -15, -14]","[11.139, 14.115, 17.929, 22.583, 28.458, 35.706, 44.785, 55.467, 68.437, 83.848, 101.701, 123.751, 148.89, 176.165, 208.057, 242.771, 281.605, 324.941, 372.32, 425.574, 484.627, 553.216]"
58_E6_C5_00_FE_C8,865,"[-35, -34, -33, -32, -31, -30, -29, -28, -27, -26, -25, -24, -23, -22, -21, -20, -19, -18, -17, -16, -15, -14]","[11.673, 14.801, 18.845, 23.804, 30.137, 38.071, 47.684, 59.51, 73.777, 90.639, 109.636, 133.822, 160.601, 191.958, 226.902, 266.117, 309.453, 356.68, 410.925, 469.673, 536.812, 613.642]"
58_E6_C5_00_FE_C8,875,"[-35, -34, -33, -32, -31, -30, -29, -28, -27, -26, -25, -24, -23, -22, -21, -20, -19, -18, -17, -16, -15, -14]","[11.635, 14.801, 18.769, 23.728, 30.06, 38.148, 47.913, 60.121, 74.846, 92.546, 112.078, 137.636, 166.857, 200.656, 238.651, 280.842, 327.84, 381.094, 440.528, 505.15, 581.14, 666.59]"
58_E6_C5_00_FE_C8,885,"[-35, -34, -33, -32, -31, -30, -29, -28, -27, -26, -25, -24, -23, -22, -21, -20, -19, -18, -17, -16, -15, -14]","[10.986, 13.924, 17.7, 22.354, 28.305, 35.973, 45.319, 56.992, 71.031, 88.197, 108.721, 134.432, 164.187, 198.367, 237.888, 282.902, 332.799, 389.944, 453.269, 523.919, 604.639, 698.177]"
58_E6_C5_00_FE_C8,895,"[-35, -34, -33, -32, -31, -30, -29, -28, -27, -26, -25, -24, -23, -22, -21, -20, -19, -18, -17, -16, -15, -14]","[10.033, 12.741, 16.175, 20.294, 25.94, 32.578, 41.123, 51.652, 64.35499999999999, 80.339, 100.328, 124.666, 153.048, 186.236, 224.95600000000002, 269.78, 320.592, 378.767, 444.076, 517.662, 598.23, 698.863]"
58_E6_C5_00_FE_C8,905,"[-35, -34, -33, -32, -31, -30, -29, -28, -27, -26, -25, -24, -23, -22, -21, -20, -19, -18, -17, -16, -15, -14]","[9.079, 11.444, 14.42, 18.235, 22.965, 29.068, 36.622, 45.93, 57.107, 71.183, 89.647, 111.62, 137.713, 168.231, 204.318, 245.823, 294.041, 349.966, 412.909, 485.313, 564.355, 662.47]"
58_E6_C5_00_FE_C8,915,"[-35, -34, -33, -32, -31, -30, -29, -28, -27, -26, -25, -24, -23, -22, -21, -20, -19, -18, -17, -16, -15, -14]","[8.087, 10.224, 12.932, 16.403, 20.6, 25.94, 32.502, 40.665, 50.507, 62.638, 79.423, 98.192, 121.996, 148.852, 181.3915, 219.043, 262.646, 313.42, 371.71, 439.002, 514.076, 607.614]"
58_E6_C5_00_FE_C8,925,"[-35, -34, -33, -32, -31, -30, -29, -28, -27, -26, -25, -24, -23, -22, -21, -20, -19, -18, -17, -16, -15, -14]","[7.3625, 9.308, 11.673, 14.801, 18.616, 23.346, 29.221, 36.469, 45.243, 55.848, 70.344, 87.587, 108.263, 132.334, 161.059, 194.858, 233.539, 278.325, 331.8455, 392.5765, 464.332, 550.469]"
58_E6_C5_00_FE_C8,935,"[-35, -34, -33, -32, -31, -30, -29, -28, -27, -26, -25, -24, -23, -22, -21, -20, -19, -18, -17, -16, -15, -14]","[6.79, 8.621, 10.834, 13.657, 17.166, 21.515, 26.856, 33.494, 41.581, 51.27, 62.9815, 78.813, 97.581, 119.249, 144.76999999999998, 175.174, 210.269, 251.24, 298.695, 353.78, 421.874, 500.648]"
58_E6_C5_00_FE_C8,945,"[-35, -34, -33, -32, -31, -30, -29, -28, -27, -26, -25, -24, -23, -22, -21, -20, -19, -18, -17, -16, -15, -14]","[6.332, 8.011, 10.147, 12.741, 15.946, 20.066, 25.025, 31.128, 38.605, 47.684, 57.984, 71.717, 88.502, 108.339, 131.914, 158.999, 191.348, 228.275, 271.687, 321.584, 385.519, 457.694]"
58_E6_C5_00_FE_C8,955,"[-35, -34, -33, -32, -31, -30, -29, -28, -27, -26, -25, -24, -23, -22, -21, -20, -19, -18, -17, -16, -15, -14]","[5.951, 7.553, 9.537, 11.978, 14.954, 18.845, 23.537, 29.297, 36.164, 44.785, 53.178, 65.919, 81.407, 99.794, 121.233, 146.258, 175.326, 209.812, 249.561, 295.453, 354.467, 420.92]"
58_E6_C5_00_FE_C8,965,"[-35, -34, -33, -32, -31, -30, -29, -28, -27, -26, -25, -24, -23, -22, -21, -20, -19, -18, -17, -16, -15, -14]","[5.646, 7.095, 9.003, 11.292, 14.191, 17.777, 22.126, 27.581, 34.104, 42.191, 49.21, 61.112, 75.456, 92.393, 112.306, 135.729, 162.814, 193.942, 231.327, 273.823, 326.619, 389.41]"
58_E6_C5_00_FE_C8,975,"[-35, -34, -33, -32, -31, -30, -29, -28, -27, -26, -25, -24, -23, -22, -21, -20, -19, -18, -17, -16, -15, -14]","[5.341, 6.714, 8.545, 10.758, 13.428, 16.747, 20.905, 26.017, 32.273, 39.75, 46.006, 57.145, 70.344, 86.137, 105.058, 126.688, 151.827, 181.926, 216.22, 255.894, 304.341, 361.41]"
58_E6_C5_00_FE_C8,985,"[-35, -34, -33, -32, -31, -30, -29, -28, -27, -26, -25, -24, -23, -22, -21, -20, -19, -18, -17, -16, -15, -14]","[5.035, 6.332, 8.011, 10.071, 12.665, 15.869, 19.684, 24.529, 30.365, 37.537, 43.602999999999994, 54.093, 66.682, 81.788, 99.336, 120.241, 144.198, 172.351, 205.005, 242.695, 285.649, 339.284]"
58_E6_C5_00_FE_C8,995,"[-35, -34, -33, -32, -31, -30, -29, -28, -27, -26, -25, -24, -23, -22, -21, -20, -19, -18, -17, -16, -15, -14]","[4.73, 5.951, 7.553, 9.461, 11.864, 14.801, 18.463, 22.965, 28.458, 35.096, 41.428, 51.423, 63.478, 77.516, 94.301, 114.214, 137.026, 163.882, 194.629, 230.869, 269.856, 320.439]"
58_E6_C5_01_AE_E0,705,"[-35, -34, -33, -32, -31, -30, -29, -28, -27, -26, -25, -24, -23, -22, -21, -20, -19, -18, -17, -16, -15, -14]","[1.221, 1.602, 1.984, 2.594, 3.204, 4.044, 5.112, 6.409, 8.011, 9.918, 12.589, 15.793, 19.684, 24.262, 29.946, 36.622, 44.556, 53.864, 64.622, 77.363, 93.462, 111.238]"
58_E6_C5_01_AE_E0,715,"[-35, -34, -33, -32, -31, -30, -29, -28, -27, -26, -25, -24, -23, -22, -21, -20, -19, -18, -17, -16, -15, -14]","[1.488, 1.831, 2.365, 3.052, 3.738, 4.73, 5.951, 7.477, 9.308, 11.597, 14.343, 17.929, 22.354, 27.466, 33.799, 41.123, 50.05, 60.121, 72.099, 85.87, 103.304, 121.996]"
58_E6_C5_01_AE_E0,725,"[-35, -34, -33, -32, -31, -30, -29, -28, -27, -26, -25, -24, -23, -22, -21, -20, -19, -18, -17, -16, -15, -14]","[1.7165, 2.213, 2.747, 3.51, 4.425, 5.57, 6.943, 8.698, 10.834, 13.428, 16.327, 20.371, 25.177, 30.976, 37.842, 46.159, 55.772, 66.987, 80.034, 94.987, 113.069, 133.211]"
58_E6_C5_01_AE_E0,735,"[-35, -34, -33, -32, -31, -30, -29, -28, -27, -26, -25, -24, -23, -22, -21, -20, -19, -18, -17, -16, -15, -14]","[1.984, 2.518, 3.204, 4.044, 5.112, 6.409, 8.011, 9.995, 12.436, 15.412, 18.425, 22.965, 28.382, 34.943, 42.573, 51.575, 61.989999999999995, 74.464, 88.502, 104.677, 123.674, 145.266]"
58_E6_C5_01_AE_E0,745,"[-35, -34, -33, -32, -31, -30, -29, -28, -27, -26, -25, -24, -23, -22, -21, -20, -19, -18, -17, -16, -15, -14]","[2.327, 2.976, 3.738, 4.654, 5.875, 7.401, 9.308, 11.521, 14.343, 17.7, 20.905, 25.864, 31.891, 39.063, 47.761, 57.603, 69.276, 82.628, 98.039, 115.511, 134.966, 158.694]"
58_E6_C5_01_AE_E0,755,"[-35, -34, -33, -32, -31, -30, -29, -28, -27, -26, -25, -24, -23, -22, -21, -20, -19, -18, -17, -16, -15, -14]","[2.67, 3.433, 4.273, 5.379, 6.79, 8.469, 10.529, 13.199, 16.327, 20.218, 23.651, 29.145, 35.859, 44.022, 53.407, 64.469, 77.134, 91.707, 108.492, 127.337, 148.394, 174.105]"
58_E6_C5_01_AE_E0,765,"[-35, -34, -33, -32, -31, -30, -29, -28, -27, -26, -25, -24, -23, -22, -21, -20, -19, -18, -17, -16, -15, -14]","[3.052, 3.891, 4.883, 6.104, 7.744, 9.689, 12.093, 15.03, 18.616, 22.965, 26.703, 32.883, 40.436, 49.516, 59.815, 72.023, 85.985, 101.854, 120.012, 140.612, 163.5, 191.348]"
58_E6_C5_01_AE_E0,775,"[-35, -34, -33, -32, -31, -30, -29, -28, -27, -26, -25, -24, -23, -22, -21, -20, -19, -18, -17, -16, -15, -14]","[3.51, 4.349, 5.57, 7.019, 8.774, 10.986, 13.733, 17.014, 20.981, 25.94, 30.365, 37.3465, 45.777, 55.848, 67.445, 80.949, 96.208, 113.3365, 133.135, 155.795, 181.048, 211.337]"
58_E6_C5_01_AE_E0,785,"[-35, -34, -33, -32, -31, -30, -29, -28, -27, -26, -25, -24, -23, -22, -21, -20, -19, -18, -17, -16, -15, -14]","[4.044, 5.035, 6.409, 8.011, 9.995, 12.589, 15.64, 19.455, 23.957, 29.45, 34.943, 43.03, 52.491, 63.783, 76.562, 91.63, 108.4535, 127.642, 149.462, 173.877, 202.792, 235.142]"
58_E6_C5_01_AE_E0,795,"[-35, -34, -33, -32, -31, -30, -29, -28, -27, -26, -25, -24, -23, -22, -21, -20, -19, -18, -17, -16, -15, -14]","[4.578, 5.798, 7.324, 9.155, 11.521, 14.343, 17.853, 22.202, 27.39, 33.494, 40.36, 49.516, 60.426, 72.862, 87.205, 104.067, 122.835, 143.664, 167.849, 194.629, 226.825, 262.15]"
58_E6_C5_01_AE_E0,805,"[-35, -34, -33, -32, -31, -30, -29, -28, -27, -26, -25, -24, -23, -22, -21, -20, -19, -18, -17, -16, -15, -14]","[5.264, 6.676, 8.316, 10.529, 13.123, 16.48, 20.447, 25.254, 31.128, 38.224, 46.616, 57.069, 69.352, 83.619, 99.794, 118.219, 138.933, 162.509, 188.678, 218.01299999999998, 252.918, 292.515]"
58_E6_C5_01_AE_E0,815,"[-35, -34, -33, -32, -31, -30, -29, -28, -27, -26, -25, -24, -23, -22, -21, -20, -19, -18, -17, -16, -15, -14]","[6.104, 7.63, 9.613, 12.131, 15.03, 18.921, 23.499, 29.068, 35.782, 43.793, 53.712, 65.843, 79.881, 95.903, 113.909, 134.203, 157.778, 183.413, 212.558, 244.831, 283.169, 326.543]"
58_E6_C5_01_AE_E0,825,"[-35, -34, -33, -32, -31, -30, -29, -28, -27, -26, -25, -24, -23, -22, -21, -20, -19, -18, -17, -16, -15, -14]","[7.019, 8.774, 11.139, 13.962, 17.472, 21.82, 27.085, 33.494, 41.199, 50.431, 62.257, 75.914, 91.783, 109.789, 130.388, 153.277, 179.217, 208.057, 239.948, 275.845, 317.388, 363.775]"
58_E6_C5_01_AE_E0,835,"[-35, -34, -33, -32, -31, -30, -29, -28, -27, -26, -25, -24, -23, -22, -21, -20, -19, -18, -17, -16, -15, -14]","[8.011, 10.071, 12.741, 16.022, 20.142, 25.025, 31.281, 38.682, 47.684, 58.213, 71.946, 87.816, 105.44, 126.116, 149.233, 174.945, 203.479, 235.981, 271.763, 311.513, 356.069, 408.522]"
58_E6_C5_01_AE_E0,845,"[-35, -34, -33, -32, -31, -30, -29, -28, -27, -26, -25, -24, -23, -22, -21, -20, -19, -18, -17, -16, -15, -14]","[9.003, 11.444, 14.496, 18.311, 22.965, 28.763, 35.859, 44.442, 54.78, 66.911, 83.009, 100.557, 121.386, 143.893, 170.52, 199.1685, 231.67000000000002, 267.948, 307.698, 351.873, 400.32, 458.152]"
58_E6_C5_01_AE_E0,855,"[-35, -34, -33, -32, -31, -30, -29, -28, -27, -26, -25, -24, -23, -22, -21, -20, -19, -18, -17, -16, -15, -14]","[10.033, 12.665, 16.175, 20.371, 25.711, 32.273, 40.513, 50.239999999999995, 62.104, 76.295, 93.233, 113.68, 137.102, 162.623, 192.416, 224.80349999999999, 261.234, 301.747, 346.227, 396.1625, 451.057, 515.45]"
58_E6_C5_01_AE_E0,865,"[-35, -34, -33, -32, -31, -30, -29, -28, -27, -26, -25, -24, -23, -22, -21, -20, -19, -18, -17, -16, -15, -14]","[10.681, 13.657, 17.395, 22.0875, 27.924, 35.248, 44.099, 55.161, 68.437, 84.23, 102.464, 125.2, 150.416, 179.98, 212.863, 249.676, 290.303, 334.707, 385.557, 440.833, 503.395, 575.418]"
58_E6_C5_01_AE_E0,875,"[-35, -34, -33, -32, -31, -30, -29, -28, -27, -26, -25, -24, -23, -22, -21, -20, -19, -18, -17, -16, -15, -14]","[10.986, 14.038, 17.815, 22.583, 28.611, 36.393, 45.777, 57.527, 71.641, 88.655, 107.424, 132.143, 160.143, 192.493, 228.733, 268.94, 313.42, 363.851, 420.005, 480.964, 552.148, 632.677]"
58_E6_C5_01_AE_E0,885,"[-35, -34, -33, -32, -31, -30, -29, -28, -27, -26, -25, -24, -23, -22, -21, -20, -19, -18, -17, -16, -15, -14]","[10.681, 13.581, 17.243, 21.897, 27.771, 35.325, 44.556, 56.229, 70.268, 87.282, 107.5, 132.906, 162.203, 195.697, 234.264, 278.019, 326.2, 381.094, 441.901, 509.4605, 586.709, 675.669]"
58_E6_C5_01_AE_E0,895,"[-35, -34, -33, -32, -31, -30, -29, -28, -27, -26, -25, -24, -23, -22, -21, -20, -19, -18, -17, -16, -15, -14]","[9.956499999999998, 12.665, 16.175, 20.371, 26.017, 32.769000000000005, 41.505, 52.262, 65.156, 81.559, 101.625, 126.497, 155.337, 188.754, 227.741, 272.526, 323.11, 380.598, 444.877, 516.747, 596.17, 693.675]"
58_E6_C5_01_AE_E0,905,"[-35, -34, -33, -32, -31, -30, -29, -28, -27, -26, -25, -24, -23, -22, -21, -20, -19, -18, -17, -16, -15, -14]","[9.155, 11.597, 14.649, 18.54, 23.499, 29.679, 37.537, 47.15, 58.747, 73.396, 92.317, 115.1675, 142.176, 173.8, 211.032, 253.758, 303.197, 360.037, 423.819, 496.681, 576.562, 674.563]"
58_E6_C5_01_AE_E0,915,"[-35, -34, -33, -32, -31, -30, -29, -28, -27, -26, -25, -24, -23, -22, -21, -20, -19, -18, -17, -16, -15, -14]","[8.24, 10.376, 13.199, 16.785, 21.172, 26.703, 33.494, 42.039, 52.415, 65.08, 82.551, 102.235, 127.184, 155.413, 189.441, 228.962, 274.434, 327.306, 387.77, 457.237, 534.829, 630.503]"
58_E6_C5_01_AE_E0,925,"[-35, -34, -33, -32, -31, -30, -29, -28, -27, -26, -25, -24, -23, -22, -21, -20, -19, -18, -17, -16, -15, -14]","[7.553, 9.537, 11.978, 15.183, 19.15, 24.186, 30.289, 37.804, 47.074, 58.213, 73.396, 91.478, 113.451, 138.705, 168.994, 204.623, 245.365, 292.439, 348.669, 412.299, 487.144, 576.867]"
58_E6_C5_01_AE_E0,935,"[-35, -34, -33, -32, -31, -30, -29, -28, -27, -26, -25, -24, -23, -22, -21, -20, -19, -18, -17, -16, -15, -14]","[6.943, 8.774, 11.139, 14.038, 17.7, 22.202, 27.848, 34.791, 43.183, 53.407, 65.69, 82.322, 102.083, 124.971, 151.827, 183.948, 220.874, 264.134, 314.183, 372.168, 443.5415, 526.131]"
58_E6_C5_01_AE_E0,945,"[-35, -34, -33, -32, -31, -30, -29, -28, -27, -26, -25, -24, -23, -22, -21, -20, -19, -18, -17, -16, -15, -14]","[6.485, 8.24, 10.376, 13.123, 16.48, 20.752, 25.902, 32.273, 40.016999999999996, 49.592, 60.273, 74.846, 92.393, 113.222, 138.018, 166.476, 200.504, 239.414, 285.039, 337.53, 404.593, 480.43]"
58_E6_C5_01_AE_E0,955,"[-35, -34, -33, -32, -31, -30, -29, -28, -27, -26, -25, -24, -23, -22, -21, -20, -19, -18, -17, -16, -15, -14]","[6.104, 7.706, 9.766, 12.284, 15.412, 19.379, 24.338, 30.289, 37.461, 46.387, 55.238, 68.513, 84.688, 103.914, 126.345, 152.59, 183.032, 219.196, 260.853, 309.072, 370.947, 440.452]"
58_E6_C5_01_AE_E0,965,"[-35, -34, -33, -32, -31, -30, -29, -28, -27, -26, -25, -24, -23, -22, -21, -20, -19, -18, -17, -16, -15, -14]","[5.722, 7.248, 9.232, 11.597, 14.572, 18.311, 22.812, 28.458, 35.248, 43.565, 50.965, 63.287000000000006, 78.355, 95.903, 116.732, 140.993, 169.375, 201.839, 240.864, 285.267, 340.352, 406.119]"
58_E6_C5_01_AE_E0,975,"[-35, -34, -33, -32, -31, -30, -29, -28, -27, -26, -25, -24, -23, -22, -21, -20, -19, -18, -17, -16, -15, -14]","[5.455, 6.867, 8.698, 10.948, 13.733, 17.166, 21.515, 26.78, 33.188, 40.97, 47.456, 58.9, 72.709, 89.113, 108.644, 131.151, 157.321, 188.525, 224.231, 265.545, 315.938, 375.296]"
58_E6_C5_01_AE_E0,985,"[-35, -34, -33, -32, -31, -30, -29, -28, -27, -26, -25, -24, -23, -22, -21, -20, -19, -18, -17, -16, -15, -14]","[5.112, 6.447, 8.164, 10.3, 12.97, 16.251, 20.142, 25.177, 31.128, 38.529, 44.862, 55.695, 68.742, 84.23, 102.464, 123.98, 148.852, 177.92, 211.719, 250.858, 295.415, 350.957]"
58_E6_C5_01_AE_E0,995,"[-35, -34, -33, -32, -31, -30, -29, -28, -27, -26, -25, -24, -23, -22, -21, -20, -19, -18, -17, -16, -15, -14]","[4.73, 6.027, 7.63, 9.575, 12.055, 15.106, 18.845, 23.499, 29.068, 35.935, 42.42, 52.72, 65.003, 79.576, 96.818, 117.266, 140.841, 168.536, 200.275, 237.659, 278.019, 330.282]"
58_E6_C5_01_10_FC,705,"[-35, -34, -33, -32, -31, -30, -29, -28, -27, -26, -25, -24, -23, -22, -21, -20, -19, -18, -17, -16, -15, -14]","[1.373, 1.7165, 2.136, 2.7085, 3.433, 4.273, 5.341, 6.714, 8.316, 10.3, 13.084499999999998, 16.327, 20.294, 25.063, 30.823, 37.613, 45.701, 55.238, 66.148, 79.042, 95.369, 113.298]"
58_E6_C5_01_10_FC,715,"[-35, -34, -33, -32, -31, -30, -29, -28, -27, -26, -25, -24, -23, -22, -21, -20, -19, -18, -17, -16, -15, -14]","[1.602, 2.06, 2.594, 3.204, 3.967, 5.035, 6.2940000000000005, 7.858, 9.689, 12.055, 14.954, 18.692, 23.194, 28.458, 34.943, 42.496, 51.575, 61.875, 74.006, 88.045, 105.745, 124.743]"
58_E6_C5_01_10_FC,725,"[-35, -34, -33, -32, -31, -30, -29, -28, -27, -26, -25, -24, -23, -22, -21, -20, -19, -18, -17, -16, -15, -14]","[1.831, 2.365, 2.976, 3.738, 4.73, 5.875, 7.401, 9.155, 11.368, 14.038, 17.09, 21.286, 26.246, 32.273, 39.368, 47.913, 57.7935, 69.276, 82.551, 97.81, 116.35, 136.797]"
58_E6_C5_01_10_FC,735,"[-35, -34, -33, -32, -31, -30, -29, -28, -27, -26, -25, -24, -23, -22, -21, -20, -19, -18, -17, -16, -15, -14]","[2.213, 2.747, 3.51, 4.3870000000000005, 5.493, 6.867, 8.545, 10.605, 13.199, 16.327, 19.455, 24.186, 29.831, 36.5835, 44.556, 53.788, 64.546, 77.287, 91.783, 108.263, 127.718, 149.767]"
58_E6_C5_01_10_FC,745,"[-35, -34, -33, -32, -31, -30, -29, -28, -27, -26, -25, -24, -23, -22, -21, -20, -19, -18, -17, -16, -15, -14]","[2.594, 3.204, 4.044, 5.035, 6.332, 7.935, 9.918, 12.284, 15.259, 18.845, 22.164, 27.39, 33.722, 41.199, 50.202, 60.426, 72.404, 86.213, 102.083, 120.012, 139.925, 164.416]"
58_E6_C5_01_10_FC,755,"[-35, -34, -33, -32, -31, -30, -29, -28, -27, -26, -25, -24, -23, -22, -21, -20, -19, -18, -17, -16, -15, -14]","[2.976, 3.738, 4.73, 5.875, 7.3625, 9.232, 11.444, 14.191, 17.548, 21.592, 25.254, 31.128, 38.148, 46.769, 56.535, 67.979, 81.178, 96.208, 113.527, 132.982, 154.726, 181.201]"
58_E6_C5_01_10_FC,765,"[-35, -34, -33, -32, -31, -30, -29, -28, -27, -26, -25, -24, -23, -22, -21, -20, -19, -18, -17, -16, -15, -14]","[3.433, 4.273, 5.417, 6.79, 8.469, 10.529, 13.123, 16.327, 20.066, 24.72, 28.763, 35.325, 43.336, 52.873, 63.706, 76.371, 90.944, 107.424, 126.268, 147.631, 171.435, 200.122]"
58_E6_C5_01_10_FC,775,"[-35, -34, -33, -32, -31, -30, -29, -28, -27, -26, -25, -24, -23, -22, -21, -20, -19, -18, -17, -16, -15, -14]","[3.967, 4.920999999999999, 6.256, 7.782, 9.689, 12.131, 15.03, 18.616, 22.889, 28.153, 32.959, 40.436, 49.287, 59.968, 72.251, 86.366, 102.312, 120.165, 140.841, 164.492, 190.661, 222.171]"
58_E6_C5_01_10_FC,785,"[-35, -34, -33, -32, -31, -30, -29, -28, -27, -26, -25, -24, -23, -22, -21, -20, -19, -18, -17, -16, -15, -14]","[4.501, 5.646, 7.172, 9.003, 11.215, 13.962, 17.319, 21.439, 26.322, 32.349, 38.3, 46.921, 57.069, 69.047, 82.628, 98.421, 116.045, 136.187, 159.075, 184.558, 214.885, 248.569]"
58_E6_C5_01_10_FC,795,"[-35, -34, -33, -32, -31, -30, -29, -28, -27, -26, -25, -24, -23, -22, -21, -20, -19, -18, -17, -16, -15, -14]","[5.264, 6.561, 8.24, 10.3, 12.97, 16.098, 19.913, 24.643, 30.365, 37.079, 44.556, 54.475, 66.148, 79.423, 94.606, 112.459, 132.219, 154.192, 179.599, 207.828, 241.627, 278.63]"
58_E6_C5_01_10_FC,805,"[-35, -34, -33, -32, -31, -30, -29, -28, -27, -26, -25, -24, -23, -22, -21, -20, -19, -18, -17, -16, -15, -14]","[6.0655, 7.63, 9.537, 12.055, 14.878, 18.616, 23.079, 28.382, 34.943, 42.649, 51.804, 63.096, 76.448, 91.783, 108.911, 128.481, 150.53, 175.402, 203.098, 234.15, 271.0, 312.734]"
58_E6_C5_01_10_FC,815,"[-35, -34, -33, -32, -31, -30, -29, -28, -27, -26, -25, -24, -23, -22, -21, -20, -19, -18, -17, -16, -15, -14]","[7.019, 8.85, 10.986, 13.886, 17.281, 21.592, 26.78, 33.036, 40.436, 49.287, 60.197, 73.396, 88.579, 105.821, 125.124, 146.715, 171.969, 199.245, 230.259, 264.515, 305.2185, 351.186]"
58_E6_C5_01_10_FC,825,"[-35, -34, -33, -32, -31, -30, -29, -28, -27, -26, -25, -24, -23, -22, -21, -20, -19, -18, -17, -16, -15, -14]","[8.164, 10.224, 12.894, 16.175, 20.104, 25.025, 31.128, 38.376, 46.998, 57.221, 70.268, 85.145, 102.312, 121.767, 143.969, 168.688, 196.422, 227.283, 261.387, 299.687, 344.015, 393.606]"
58_E6_C5_01_10_FC,835,"[-35, -34, -33, -32, -31, -30, -29, -28, -27, -26, -25, -24, -23, -22, -21, -20, -19, -18, -17, -16, -15, -14]","[9.384, 11.749, 14.878, 18.692, 23.346, 28.992, 36.088, 44.48, 54.551, 66.377, 81.407, 98.802, 117.952, 140.383, 165.522, 193.256, 223.926, 258.869, 297.322, 340.0855, 387.961, 444.266]"
58_E6_C5_01_10_FC,845,"[-35, -34, -33, -32, -31, -30, -29, -28, -27, -26, -25, -24, -23, -22, -21, -20, -19, -18, -17, -16, -15, -14]","[10.529, 13.428, 16.861, 21.134, 26.627, 33.303, 41.352, 51.118, 62.715, 76.295, 93.767, 113.069, 135.729, 160.296, 189.059, 220.188, 255.36, 294.499, 337.53, 385.29, 437.629, 500.114]"
58_E6_C5_01_10_FC,855,"[-35, -34, -33, -32, -31, -30, -29, -28, -27, -26, -25, -24, -23, -22, -21, -20, -19, -18, -17, -16, -15, -14]","[11.597, 14.649, 18.616, 23.423, 29.526, 37.003, 46.272999999999996, 57.298, 70.497, 86.213, 104.372, 126.726, 152.285, 180.018, 212.406, 247.654, 287.022, 331.044, 379.263, 433.356, 493.4, 563.211]"
58_E6_C5_01_10_FC,865,"[-35, -34, -33, -32, -31, -30, -29, -28, -27, -26, -25, -24, -23, -22, -21, -20, -19, -18, -17, -16, -15, -14]","[12.055, 15.335, 19.532, 24.72, 31.281, 39.368, 49.21, 61.341, 75.99, 93.08, 112.459, 137.026, 164.34, 196.1165, 231.708, 271.458, 315.557, 363.699, 418.936, 478.828, 547.417, 625.62]"
58_E6_C5_01_10_FC,875,"[-35, -34, -33, -32, -31, -30, -29, -28, -27, -26, -25, -24, -23, -22, -21, -20, -19, -18, -17, -16, -15, -14]","[11.978, 15.259, 19.303, 24.414, 30.9, 39.216, 49.21, 61.646, 76.6385, 94.53, 114.366, 140.307, 169.909, 204.166, 242.771, 285.496, 333.257, 387.503, 447.929, 513.771, 590.982, 678.264]"
58_E6_C5_01_10_FC,885,"[-35, -34, -33, -32, -31, -30, -29, -28, -27, -26, -25, -24, -23, -22, -21, -20, -19, -18, -17, -16, -15, -14]","[11.215, 14.267, 18.006, 22.812, 28.84, 36.622, 46.082, 57.832, 72.023, 89.265, 110.018, 135.882, 165.789, 200.122, 239.872, 285.191, 335.546, 393.301, 457.465, 529.183, 610.742, 705.959]"
58_E6_C5_01_10_FC,895,"[-35, -34, -33, -32, -31, -30, -29, -28, -27, -26, -25, -24, -23, -22, -21, -20, -19, -18, -17, -16, -15, -14]","[10.147, 12.894, 16.327, 20.523, 26.131, 32.807, 41.352, 51.881, 64.546, 80.415, 100.404, 124.59, 152.857, 185.779, 224.231, 268.94, 319.6, 377.737, 443.198, 517.014, 597.543, 698.787]"
58_E6_C5_01_10_FC,905,"[-35, -34, -33, -32, -31, -30, -29, -28, -27, -26, -25, -24, -23, -22, -21, -20, -19, -18, -17, -16, -15, -14]","[9.079, 11.482500000000002, 14.458, 18.273, 22.965, 28.992, 36.545, 45.701, 56.7255, 70.573, 88.884, 110.552, 136.1485, 166.171, 201.572, 242.39, 289.921, 345.007, 407.149, 478.676, 556.802, 654.154]"
58_E6_C5_01_10_FC,915,"[-35, -34, -33, -32, -31, -30, -29, -28, -27, -26, -25, -24, -23, -22, -21, -20, -19, -18, -17, -16, -15, -14]","[8.087, 10.147, 12.818, 16.327, 20.447, 25.711, 32.12, 40.131, 49.897, 61.723, 78.202, 96.59, 119.631, 145.876, 177.577, 214.237, 256.733, 306.172, 363.012, 428.702, 502.403, 593.805]"
58_E6_C5_01_10_FC,925,"[-35, -34, -33, -32, -31, -30, -29, -28, -27, -26, -25, -24, -23, -22, -21, -20, -19, -18, -17, -16, -15, -14]","[7.324, 9.232, 11.521, 14.572, 18.387, 22.965, 28.763, 35.782, 44.404, 54.78, 68.971, 85.679, 105.821, 129.091, 156.939, 189.67, 227.131, 270.466, 322.2325, 380.865, 450.828, 534.142]"
58_E6_C5_01_10_FC,935,"[-35, -34, -33, -32, -31, -30, -29, -28, -27, -26, -25, -24, -23, -22, -21, -20, -19, -18, -17, -16, -15, -14]","[6.714, 8.469, 10.643, 13.352, 16.861, 21.134, 26.322, 32.807, 40.589, 50.126, 61.494, 76.791, 94.987, 116.007, 140.612, 169.986, 203.784, 243.305, 289.006, 342.031, 408.026, 483.864]"
58_E6_C5_01_10_FC,945,"[-35, -34, -33, -32, -31, -30, -29, -28, -27, -26, -25, -24, -23, -22, -21, -20, -19, -18, -17, -16, -15, -14]","[6.256, 7.858, 9.918, 12.436, 15.64, 19.608, 24.414, 30.442, 37.613, 46.54, 56.382, 69.734, 85.908, 105.135, 127.871, 153.964, 185.092, 220.645, 262.379, 310.254, 371.862, 441.1765]"
58_E6_C5_01_10_FC,955,"[-35, -34, -33, -32, -31, -30, -29, -28, -27, -26, -25, -24, -23, -22, -21, -20, -19, -18, -17, -16, -15, -14]","[5.875, 7.401, 9.308, 11.749, 14.649, 18.387, 22.965, 28.534, 35.248, 43.565, 51.728, 63.935, 78.889, 96.666, 117.266, 141.375, 169.375, 202.564, 240.635, 284.81, 341.497, 405.203]"
58_E6_C5_01_10_FC,965,"[-35, -34, -33, -32, -31, -30, -29, -28, -27, -26, -25, -24, -23, -22, -21, -20, -19, -18, -17, -16, -15, -14]","[5.493, 6.943, 8.85, 10.986, 13.809, 17.319, 21.515, 26.78, 33.188, 40.894, 47.761, 59.205, 73.014, 89.342, 108.568, 131.075, 157.20600000000002, 187.076, 222.934, 263.752, 314.336, 374.456]"
58_E6_C5_01_10_FC,975,"[-35, -34, -33, -32, -31, -30, -29, -28, -27, -26, -25, -24, -23, -22, -21, -20, -19, -18, -17, -16, -15, -14]","[5.188, 6.561, 8.316, 10.376, 13.046, 16.327, 20.294, 25.254, 31.281, 38.605, 44.556, 55.238, 67.979, 83.314, 101.396, 122.225, 146.487, 175.402, 208.362, 246.433, 292.744, 347.372]"
58_E6_C5_01_10_FC,985,"[-35, -34, -33, -32, -31, -30, -29, -28, -27, -26, -25, -24, -23, -22, -21, -20, -19, -18, -17, -16, -15, -14]","[4.959, 6.218, 7.858, 9.842, 12.284, 15.412, 19.15, 23.804, 29.374, 36.316, 42.115, 52.338, 64.393, 78.965, 95.903, 115.969, 138.9715, 166.094, 197.375, 233.539, 274.662, 325.933]"
58_E6_C5_01_10_FC,995,"[-35, -34, -33, -32, -31, -30, -29, -28, -27, -26, -25, -24, -23, -22, -21, -20, -19, -18, -17, -16, -15, -14]","[4.578, 5.798, 7.324, 9.155, 11.444, 14.343, 17.929, 22.202, 27.543, 33.875, 39.979, 49.592, 61.112, 74.693, 90.867, 110.018, 131.991, 157.778, 187.304, 222.019, 259.327, 307.736]"
58_E6_C5_00_FC_50,705,"[-35, -34, -33, -32, -31, -30, -29, -28, -27, -26, -25, -24, -23, -22, -21, -20, -19, -18, -17, -16, -15, -14]","[1.526, 1.907, 2.365, 2.976, 3.738, 4.654, 5.875, 7.248, 9.003, 11.215, 14.115, 17.624, 21.82, 26.932, 33.036, 40.208, 48.676, 58.671, 70.191, 83.619, 100.633, 119.402]"
58_E6_C5_00_FC_50,715,"[-35, -34, -33, -32, -31, -30, -29, -28, -27, -26, -25, -24, -23, -22, -21, -20, -19, -18, -17, -16, -15, -14]","[1.831, 2.213, 2.823, 3.51, 4.3870000000000005, 5.5315, 6.867, 8.545, 10.529, 13.046, 16.175, 20.142, 25.025, 30.671, 37.537, 45.548, 55.123000000000005, 65.995, 78.813, 93.538, 112.001, 131.762]"
58_E6_C5_00_FC_50,725,"[-35, -34, -33, -32, -31, -30, -29, -28, -27, -26, -25, -24, -23, -22, -21, -20, -19, -18, -17, -16, -15, -14]","[2.136, 2.6319999999999997, 3.281, 4.044, 5.188, 6.485, 8.087, 9.995, 12.36, 15.335, 18.616, 23.117, 28.458, 34.943, 42.42, 51.423, 61.952, 74.083, 88.121, 104.143, 123.522, 144.884]"
58_E6_C5_00_FC_50,735,"[-35, -34, -33, -32, -31, -30, -29, -28, -27, -26, -25, -24, -23, -22, -21, -20, -19, -18, -17, -16, -15, -14]","[2.518, 3.128, 3.891, 4.807, 6.027, 7.553, 9.384, 11.673, 14.42, 17.853, 21.21, 26.322, 32.425, 39.673, 48.1805, 58.061, 69.505, 83.009, 98.192, 115.74, 136.11, 159.228]"
58_E6_C5_00_FC_50,745,"[-35, -34, -33, -32, -31, -30, -29, -28, -27, -26, -25, -24, -23, -22, -21, -20, -19, -18, -17, -16, -15, -14]","[2.899, 3.586, 4.501, 5.646, 7.019, 8.85, 10.91, 13.581, 16.785, 20.714, 24.414, 29.984, 36.851, 44.938, 54.551, 65.461, 78.31700000000001, 93.004, 109.712, 128.634, 149.65300000000002, 175.326]"
58_E6_C5_00_FC_50,755,"[-35, -34, -33, -32, -31, -30, -29, -28, -27, -26, -25, -24, -23, -22, -21, -20, -19, -18, -17, -16, -15, -14]","[3.357, 4.196, 5.264, 6.561, 8.24, 10.224, 12.665, 15.717, 19.455, 23.88, 27.848, 34.18, 41.886, 51.194, 61.6845, 74.006, 88.197, 104.143, 122.53, 143.13, 166.094, 193.942]"
58_E6_C5_00_FC_50,765,"[-35, -34, -33, -32, -31, -30, -29, -28, -27, -26, -25, -24, -23, -22, -21, -20, -19, -18, -17, -16, -15, -14]","[3.891, 4.807, 6.027, 7.63, 9.461, 11.826, 14.649, 18.158, 22.354, 27.466, 31.968, 39.139, 47.837, 58.213, 69.963, 83.619, 99.184, 116.808, 136.797, 159.533, 184.634, 215.076]"
58_E6_C5_00_FC_50,775,"[-35, -34, -33, -32, -31, -30, -29, -28, -27, -26, -25, -24, -23, -22, -21, -20, -19, -18, -17, -16, -15, -14]","[4.501, 5.57, 7.019, 8.774, 10.91, 13.581, 16.861, 20.905, 25.635, 31.434, 36.774, 44.938, 54.78, 66.377, 79.728, 94.987, 112.154, 131.228, 153.277, 178.378, 206.378, 239.796]"
58_E6_C5_00_FC_50,785,"[-35, -34, -33, -32, -31, -30, -29, -28, -27, -26, -25, -24, -23, -22, -21, -20, -19, -18, -17, -16, -15, -14]","[5.188, 6.485, 8.164, 10.147, 12.665, 15.793, 19.493499999999997, 24.186, 29.603, 36.316, 42.878, 52.491, 63.63, 76.753, 91.554, 108.644, 127.642, 149.31, 173.8, 201.038, 233.387, 269.245]"
58_E6_C5_00_FC_50,795,"[-35, -34, -33, -32, -31, -30, -29, -28, -27, -26, -25, -24, -23, -22, -21, -20, -19, -18, -17, -16, -15, -14]","[6.027, 7.553, 9.384, 11.749, 14.725, 18.311, 22.66, 28.0, 34.370999999999995, 41.848, 50.202, 61.189, 74.083, 88.731, 105.287, 124.666, 146.105, 169.79500000000002, 197.07, 227.359, 263.523, 302.968]"
58_E6_C5_00_FC_50,805,"[-35, -34, -33, -32, -31, -30, -29, -28, -27, -26, -25, -24, -23, -22, -21, -20, -19, -18, -17, -16, -15, -14]","[6.943, 8.774, 10.91, 13.657, 17.014, 21.21, 26.322, 32.273, 39.673, 48.371, 58.595, 71.26, 85.985, 102.77, 121.691, 143.053, 167.01, 193.904, 223.774, 257.267, 296.559, 341.268]"
58_E6_C5_00_FC_50,815,"[-35, -34, -33, -32, -31, -30, -29, -28, -27, -26, -25, -24, -23, -22, -21, -20, -19, -18, -17, -16, -15, -14]","[8.011, 10.071, 12.589, 15.869, 19.684, 24.643, 30.518, 37.69, 46.082, 56.077, 68.208, 83.009, 99.794, 118.791, 140.078, 163.806, 191.196, 220.874, 254.52, 291.447, 335.012, 384.5655]"
58_E6_C5_00_FC_50,825,"[-35, -34, -33, -32, -31, -30, -29, -28, -27, -26, -25, -24, -23, -22, -21, -20, -19, -18, -17, -16, -15, -14]","[9.232, 11.597, 14.725, 18.387, 22.889, 28.534, 35.401, 43.565, 53.407, 65.003, 79.5, 96.132, 115.206, 136.721, 161.212, 188.22, 218.585, 252.308, 289.311, 330.892, 378.5, 432.059]"
58_E6_C5_00_FC_50,835,"[-35, -34, -33, -32, -31, -30, -29, -28, -27, -26, -25, -24, -23, -22, -21, -20, -19, -18, -17, -16, -15, -14]","[10.452, 13.199, 16.556, 20.905, 26.169, 32.578, 40.589, 50.087999999999994, 61.494, 74.769, 91.287, 110.628, 131.914, 156.786, 184.482, 214.885, 248.722, 286.793, 328.756, 375.105, 427.1, 487.984]"
58_E6_C5_00_FC_50,845,"[-35, -34, -33, -32, -31, -30, -29, -28, -27, -26, -25, -24, -23, -22, -21, -20, -19, -18, -17, -16, -15, -14]","[11.444, 14.496, 18.387, 23.117, 29.03, 36.393, 45.396, 56.153, 69.123, 84.23, 102.998, 124.437, 149.462, 176.623, 208.286, 242.618, 281.071, 324.025, 370.871, 423.056, 479.973, 547.951]"
58_E6_C5_00_FC_50,855,"[-35, -34, -33, -32, -31, -30, -29, -28, -27, -26, -25, -24, -23, -22, -21, -20, -19, -18, -17, -16, -15, -14]","[12.055, 15.183, 19.303, 24.376, 30.823, 38.682, 48.6, 60.426, 74.693, 91.707, 110.933, 135.195, 163.119, 193.332, 228.809, 267.185, 310.292, 358.434, 411.231, 470.13, 535.897, 612.039]"
58_E6_C5_00_FC_50,865,"[-35, -34, -33, -32, -31, -30, -29, -28, -27, -26, -25, -24, -23, -22, -21, -20, -19, -18, -17, -16, -15, -14]","[11.826, 15.106, 19.15, 24.338, 30.747, 38.911, 48.867000000000004, 61.112, 76.066, 93.805, 113.832, 139.696, 168.46, 202.335, 240.482, 283.284, 330.968, 383.0395, 442.969, 508.049, 582.818, 667.887]"
58_E6_C5_00_FC_50,875,"[-35, -34, -33, -32, -31, -30, -29, -28, -27, -26, -25, -24, -23, -22, -21, -20, -19, -18, -17, -16, -15, -14]","[11.215, 14.267, 18.006, 22.812, 28.84, 36.622, 45.93, 57.755, 72.099, 89.418, 109.369, 135.15699999999998, 164.95, 199.893, 239.643, 284.161, 334.173, 391.547, 455.787, 525.978, 608.453, 702.297]"
58_E6_C5_00_FC_50,885,"[-35, -34, -33, -32, -31, -30, -29, -28, -27, -26, -25, -24, -23, -22, -21, -20, -19, -18, -17, -16, -15, -14]","[10.071, 12.818, 16.175, 20.371, 25.788, 32.654, 41.084999999999994, 51.652, 64.393, 80.034, 99.87, 124.132, 152.361, 185.397, 224.079, 268.864, 319.066, 377.356, 442.969, 516.823, 600.214, 699.55]"
58_E6_C5_00_FC_50,895,"[-35, -34, -33, -32, -31, -30, -29, -28, -27, -26, -25, -24, -23, -22, -21, -20, -19, -18, -17, -16, -15, -14]","[8.927, 11.292, 14.267, 17.929, 22.736, 28.534, 35.935, 45.014, 56.001, 69.81, 88.045, 109.712, 135.119, 165.179, 200.58, 242.161, 289.998, 345.464, 408.789, 480.964, 559.014, 660.105]"
58_E6_C5_00_FC_50,905,"[-35, -34, -33, -32, -31, -30, -29, -28, -27, -26, -25, -24, -23, -22, -21, -20, -19, -18, -17, -16, -15, -14]","[7.858, 9.918, 12.512, 15.717, 19.7985, 24.949, 31.357, 39.139, 48.6, 60.426, 76.448, 95.445, 117.876, 144.274, 175.822, 212.329, 255.283, 305.409, 362.478, 429.084, 501.946, 594.492]"
58_E6_C5_00_FC_50,915,"[-35, -34, -33, -32, -31, -30, -29, -28, -27, -26, -25, -24, -23, -22, -21, -20, -19, -18, -17, -16, -15, -14]","[6.943, 8.774, 11.063, 13.962, 17.548, 21.973, 27.543, 34.333, 42.649, 52.796, 66.911, 82.78, 102.846, 125.658, 153.277, 185.473, 222.934, 266.957, 317.693, 376.745, 444.19, 527.81]"
58_E6_C5_00_FC_50,925,"[-35, -34, -33, -32, -31, -30, -29, -28, -27, -26, -25, -24, -23, -22, -21, -20, -19, -18, -17, -16, -15, -14]","[6.332, 8.011, 9.995, 12.589, 15.793, 19.76, 24.72, 30.671, 38.071, 46.998, 59.052, 73.472, 91.02, 111.2, 135.424, 163.99599999999998, 196.765, 234.836, 280.613, 332.647, 395.972, 470.817]"
58_E6_C5_00_FC_50,935,"[-35, -34, -33, -32, -31, -30, -29, -28, -27, -26, -25, -24, -23, -22, -21, -20, -19, -18, -17, -16, -15, -14]","[5.798, 7.324, 9.232, 11.597, 14.572, 18.235, 22.736, 28.305, 35.019, 43.183, 52.873, 66.11, 81.865, 100.2135, 121.691, 147.402, 177.081, 211.795, 252.1935, 299.077, 358.206, 426.108]"
58_E6_C5_00_FC_50,945,"[-35, -34, -33, -32, -31, -30, -29, -28, -27, -26, -25, -24, -23, -22, -21, -20, -19, -18, -17, -16, -15, -14]","[5.417, 6.79, 8.698, 10.834, 13.581, 17.014, 21.21, 26.322, 32.578, 40.284, 48.753, 60.349, 74.464, 91.325, 111.315, 134.16500000000002, 161.669, 193.027, 229.877, 272.45, 327.687, 389.487]"
58_E6_C5_00_FC_50,955,"[-35, -34, -33, -32, -31, -30, -29, -28, -27, -26, -25, -24, -23, -22, -21, -20, -19, -18, -17, -16, -15, -14]","[5.112, 6.485, 8.164, 10.224, 12.741, 16.022, 19.989, 24.872, 30.594, 37.919, 44.862, 55.695, 68.666, 84.306, 102.617, 123.903, 148.699, 178.149, 212.024, 251.392, 302.052, 359.045]"
58_E6_C5_00_FC_50,965,"[-35, -34, -33, -32, -31, -30, -29, -28, -27, -26, -25, -24, -23, -22, -21, -20, -19, -18, -17, -16, -15, -14]","[4.845000000000001, 6.18, 7.706, 9.613, 12.055, 15.106, 18.921, 23.423, 28.992, 35.859, 41.657, 51.804, 64.012, 78.355, 95.521, 115.511, 138.705, 165.408, 197.452, 233.997, 279.316, 333.333]"
58_E6_C5_00_FC_50,975,"[-35, -34, -33, -32, -31, -30, -29, -28, -27, -26, -25, -24, -23, -22, -21, -20, -19, -18, -17, -16, -15, -14]","[4.654, 5.798, 7.324, 9.232, 11.444, 14.267, 17.853, 22.202, 27.466, 33.875, 39.063, 48.524, 59.815, 73.396, 89.57, 108.186, 129.854, 155.7565, 185.397, 219.577, 261.234, 310.368]"
58_E6_C5_00_FC_50,985,"[-35, -34, -33, -32, -31, -30, -29, -28, -27, -26, -25, -24, -23, -22, -21, -20, -19, -18, -17, -16, -15, -14]","[4.425, 5.493, 6.943, 8.621, 10.834, 13.581, 16.861, 20.943, 25.94, 31.968, 37.156, 46.159, 56.916, 69.81, 85.069, 103.075, 123.789, 148.089, 176.471, 209.049, 246.052, 292.325]"
58_E6_C5_00_FC_50,995,"[-35, -34, -33, -32, -31, -30, -29, -28, -27, -26, -25, -24, -23, -22, -21, -20, -19, -18, -17, -16, -15, -14]","[4.12, 5.112, 6.485, 8.164, 10.147, 12.741, 15.793, 19.608, 24.338, 29.946, 35.401, 43.946, 54.284000000000006, 66.3, 80.873, 98.116, 117.952, 141.222, 168.002, 199.435, 233.082, 276.951]"
58_E6_C5_01_12_50,705,"[-35, -34, -33, -32, -31, -30, -29, -28, -27, -26, -25, -24, -23, -22, -21, -20, -19, -18, -17, -16, -15, -14]","[1.602, 1.984, 2.518, 3.128, 3.891, 4.807, 6.027, 7.477, 9.308, 11.521, 14.496, 18.044, 22.354, 27.543, 33.7605, 41.123, 49.744, 59.968, 71.641, 85.374, 102.693, 121.729]"
58_E6_C5_01_12_50,715,"[-35, -34, -33, -32, -31, -30, -29, -28, -27, -26, -25, -24, -23, -22, -21, -20, -19, -18, -17, -16, -15, -14]","[1.907, 2.365, 2.976, 3.662, 4.501, 5.646, 7.095, 8.774, 10.834, 13.466000000000001, 16.632, 20.676, 25.597, 31.357, 38.453, 46.54, 56.306, 67.369, 80.339, 95.293, 114.099, 134.279]"
58_E6_C5_01_12_50,725,"[-35, -34, -33, -32, -31, -30, -29, -28, -27, -26, -25, -24, -23, -22, -21, -20, -19, -18, -17, -16, -15, -14]","[2.213, 2.747, 3.433, 4.273, 5.341, 6.714, 8.24, 10.3, 12.741, 15.717, 19.074, 23.651, 29.068, 35.706, 43.336, 52.491, 63.249, 75.608, 89.799, 106.126, 125.77250000000001, 147.555]"
58_E6_C5_01_12_50,735,"[-35, -34, -33, -32, -31, -30, -29, -28, -27, -26, -25, -24, -23, -22, -21, -20, -19, -18, -17, -16, -15, -14]","[2.594, 3.204, 4.044, 4.959, 6.256, 7.782, 9.689, 12.055, 14.801, 18.311, 21.744, 26.932, 33.112, 40.513, 49.134, 59.167, 70.878, 84.611, 100.099, 117.8, 138.552, 162.089]"
58_E6_C5_01_12_50,745,"[-35, -34, -33, -32, -31, -30, -29, -28, -27, -26, -25, -24, -23, -22, -21, -20, -19, -18, -17, -16, -15, -14]","[3.052, 3.738, 4.654, 5.798, 7.248, 9.079, 11.292, 13.886, 17.243, 21.134, 24.949, 30.671, 37.613, 45.853, 55.619, 66.682, 79.728, 94.682, 111.696, 130.922, 152.285, 178.378]"
58_E6_C5_01_12_50,755,"[-35, -34, -33, -32, -31, -30, -29, -28, -27, -26, -25, -24, -23, -22, -21, -20, -19, -18, -17, -16, -15, -14]","[3.51, 4.349, 5.417, 6.714, 8.469, 10.529, 12.97, 16.098, 19.837, 24.414, 28.42, 34.943, 42.725, 52.11, 62.791, 75.303, 89.685, 105.898, 124.59, 145.571, 168.994, 197.223]"
58_E6_C5_01_12_50,765,"[-35, -34, -33, -32, -31, -30, -29, -28, -27, -26, -25, -24, -23, -22, -21, -20, -19, -18, -17, -16, -15, -14]","[4.044, 4.959, 6.256, 7.782, 9.689, 12.055, 14.954, 18.54, 22.812, 28.0, 32.578, 39.826, 48.676, 59.205, 71.107, 84.993, 100.786, 118.639, 139.086, 162.203, 187.762, 218.662]"
58_E6_C5_01_12_50,775,"[-35, -34, -33, -32, -31, -30, -29, -28, -27, -26, -25, -24, -23, -22, -21, -20, -19, -18, -17, -16, -15, -14]","[4.578, 5.722, 7.172, 8.927, 11.139, 13.886, 17.243, 21.21, 26.093, 31.968, 37.385, 45.701, 55.657, 67.445, 80.949, 96.437, 113.832, 133.288, 155.642, 181.201, 209.659, 243.687]"
58_E6_C5_01_12_50,785,"[-35, -34, -33, -32, -31, -30, -29, -28, -27, -26, -25, -24, -23, -22, -21, -20, -19, -18, -17, -16, -15, -14]","[5.341, 6.638, 8.316, 10.376, 12.97, 16.022, 19.837, 24.529, 30.06, 36.851, 43.565, 53.254, 64.546, 77.897, 92.775, 110.17, 129.549, 151.522, 176.394, 204.166, 237.049, 273.518]"
58_E6_C5_01_12_50,795,"[-35, -34, -33, -32, -31, -30, -29, -28, -27, -26, -25, -24, -23, -22, -21, -20, -19, -18, -17, -16, -15, -14]","[6.104, 7.706, 9.613, 11.902, 14.954, 18.616, 22.965, 28.382, 34.791, 42.344, 50.889, 62.028, 75.151, 89.952, 106.737, 126.345, 148.089, 172.16000000000003, 199.893, 230.64, 267.491, 307.698]"
58_E6_C5_01_12_50,805,"[-35, -34, -33, -32, -31, -30, -29, -28, -27, -26, -25, -24, -23, -22, -21, -20, -19, -18, -17, -16, -15, -14]","[7.095, 8.8885, 11.139, 13.886, 17.319, 21.515, 26.627, 32.654, 40.055, 48.829, 59.358, 72.099, 87.053, 104.067, 123.14, 144.808, 169.146, 196.384, 226.825, 260.89099999999996, 300.908, 346.532]"
58_E6_C5_01_12_50,815,"[-35, -34, -33, -32, -31, -30, -29, -28, -27, -26, -25, -24, -23, -22, -21, -20, -19, -18, -17, -16, -15, -14]","[8.164, 10.224, 12.779499999999999, 16.06, 19.913, 24.9105, 30.823, 37.995, 46.464, 56.535, 68.894, 83.925, 100.862, 120.089, 141.604, 165.713, 193.5225, 223.621, 257.801, 295.338, 339.8565, 390.326]"
58_E6_C5_01_12_50,825,"[-35, -34, -33, -32, -31, -30, -29, -28, -27, -26, -25, -24, -23, -22, -21, -20, -19, -18, -17, -16, -15, -14]","[9.384, 11.749, 14.839500000000001, 18.54, 23.041, 28.763, 35.706, 43.946, 53.788, 65.499, 80.186, 96.93299999999999, 116.197, 137.942, 162.737, 190.204, 220.951, 255.131, 292.821, 335.164, 383.764, 438.315]"
58_E6_C5_01_12_50,835,"[-35, -34, -33, -32, -31, -30, -29, -28, -27, -26, -25, -24, -23, -22, -21, -20, -19, -18, -17, -16, -15, -14]","[10.605, 13.352, 16.747, 21.057, 26.322, 32.731, 40.818, 50.355, 61.837, 75.227, 91.783, 111.315, 132.753, 157.931, 185.893, 216.754, 251.087, 289.769, 332.418, 379.644, 432.593, 494.774]"
58_E6_C5_01_12_50,845,"[-35, -34, -33, -32, -31, -30, -29, -28, -27, -26, -25, -24, -23, -22, -21, -20, -19, -18, -17, -16, -15, -14]","[11.597, 14.649, 18.54, 23.194, 29.221, 36.622, 45.624, 56.458, 69.505, 84.611, 103.494, 124.971, 150.225, 177.615, 209.583, 244.373, 283.36, 326.848, 374.533, 427.634, 485.695, 555.2]"
58_E6_C5_01_12_50,855,"[-35, -34, -33, -32, -31, -30, -29, -28, -27, -26, -25, -24, -23, -22, -21, -20, -19, -18, -17, -16, -15, -14]","[12.207, 15.412, 19.455, 24.567, 30.976, 38.911, 48.905, 60.655, 74.998, 92.088, 111.2765, 135.576, 163.653, 194.018, 229.801, 268.559, 312.123, 360.876, 414.435, 474.327, 541.466, 619.135]"
58_E6_C5_01_12_50,865,"[-35, -34, -33, -32, -31, -30, -29, -28, -27, -26, -25, -24, -23, -22, -21, -20, -19, -18, -17, -16, -15, -14]","[12.055, 15.259, 19.341, 24.567, 31.052, 39.216, 49.134, 61.418, 76.448, 94.148, 114.137, 139.925, 168.765, 202.792, 241.016, 283.932, 331.96, 384.527, 445.029, 510.872, 587.091, 673.609]"
58_E6_C5_01_12_50,875,"[-35, -34, -33, -32, -31, -30, -29, -28, -27, -26, -25, -24, -23, -22, -21, -20, -19, -18, -17, -16, -15, -14]","[11.444, 14.42, 18.235, 23.041, 29.145, 36.927, 46.311, 58.213, 72.48, 89.876, 109.636, 135.424, 165.179, 199.969, 239.643, 284.123, 334.173, 391.623, 456.092, 526.741, 609.979, 704.814]"
58_E6_C5_01_12_50,885,"[-35, -34, -33, -32, -31, -30, -29, -28, -27, -26, -25, -24, -23, -22, -21, -20, -19, -18, -17, -16, -15, -14]","[10.262, 12.97, 16.403, 20.676, 26.093, 32.959, 41.581, 52.11, 64.927, 80.568, 100.404, 124.59, 152.743, 185.702, 224.155, 268.635, 318.608, 376.516, 441.825, 515.373, 598.535, 697.948]"
58_E6_C5_01_12_50,895,"[-35, -34, -33, -32, -31, -30, -29, -28, -27, -26, -25, -24, -23, -22, -21, -20, -19, -18, -17, -16, -15, -14]","[9.079, 11.482500000000002, 14.496, 18.235, 23.117, 28.916, 36.393, 45.548, 56.611, 70.42, 88.655, 110.323, 135.805, 165.789, 200.961, 242.313, 289.693, 344.625, 407.263, 478.714, 555.962, 655.833]"
58_E6_C5_01_12_50,905,"[-35, -34, -33, -32, -31, -30, -29, -28, -27, -26, -25, -24, -23, -22, -21, -20, -19, -18, -17, -16, -15, -14]","[8.049, 10.147, 12.741, 16.022, 20.066, 25.33, 31.815, 39.673, 49.172, 61.112, 77.287, 96.284, 118.715, 145.19, 176.547, 212.863, 255.512, 305.18, 361.639, 427.405, 498.97, 590.295]"
58_E6_C5_01_12_50,915,"[-35, -34, -33, -32, -31, -30, -29, -28, -27, -26, -25, -24, -23, -22, -21, -20, -19, -18, -17, -16, -15, -14]","[7.095, 8.927, 11.292, 14.267, 17.853, 22.354, 27.924, 34.867, 43.183, 53.483, 67.75, 83.696, 103.876, 126.726, 154.345, 186.465, 223.774, 267.491, 317.845, 376.135, 442.512, 524.987]"
58_E6_C5_01_12_50,925,"[-35, -34, -33, -32, -31, -30, -29, -28, -27, -26, -25, -24, -23, -22, -21, -20, -19, -18, -17, -16, -15, -14]","[6.485, 8.164, 10.147, 12.818, 16.098, 20.066, 25.101, 31.128, 38.605, 47.684, 59.815, 74.388, 91.936, 112.306, 136.568, 165.255, 197.986, 235.981, 281.376, 333.028, 395.438, 469.444]"
58_E6_C5_01_12_50,935,"[-35, -34, -33, -32, -31, -30, -29, -28, -27, -26, -25, -24, -23, -22, -21, -20, -19, -18, -17, -16, -15, -14]","[5.989, 7.477, 9.461, 11.826, 14.878, 18.54, 23.117, 28.687, 35.554, 43.87, 53.635, 67.063, 82.933, 101.396, 122.988, 148.699, 178.454, 213.169, 253.452, 300.069, 358.74, 426.032]"
58_E6_C5_01_12_50,945,"[-35, -34, -33, -32, -31, -30, -29, -28, -27, -26, -25, -24, -23, -22, -21, -20, -19, -18, -17, -16, -15, -14]","[5.57, 7.019, 8.927, 11.063, 13.886, 17.395, 21.592, 26.856, 33.112, 40.894, 49.516, 61.265, 75.532, 92.4315, 112.612, 135.653, 163.272, 194.629, 231.556, 273.899, 328.832, 390.249]"
58_E6_C5_01_12_50,955,"[-35, -34, -33, -32, -31, -30, -29, -28, -27, -26, -25, -24, -23, -22, -21, -20, -19, -18, -17, -16, -15, -14]","[5.264, 6.638, 8.316, 10.4905, 13.046, 16.403, 20.371, 25.33, 31.205, 38.605, 45.6625, 56.535, 69.734, 85.527, 103.952, 125.353, 150.301, 179.904, 213.817, 253.223, 303.731, 360.494]"
58_E6_C5_01_12_50,965,"[-35, -34, -33, -32, -31, -30, -29, -28, -27, -26, -25, -24, -23, -22, -21, -20, -19, -18, -17, -16, -15, -14]","[5.035, 6.332, 7.935, 9.918, 12.36, 15.488, 19.303, 23.88, 29.526, 36.469, 42.496, 52.644, 65.003, 79.576, 96.895, 117.037, 140.421, 167.315, 199.435, 235.981, 281.3, 335.317]"
58_E6_C5_01_12_50,975,"[-35, -34, -33, -32, -31, -30, -29, -28, -27, -26, -25, -24, -23, -22, -21, -20, -19, -18, -17, -16, -15, -14]","[4.73, 5.951, 7.553, 9.384, 11.749, 14.687, 18.311, 22.66, 28.0385, 34.562, 39.826, 49.363, 60.883, 74.617, 90.944, 109.712, 131.647, 157.702, 187.533, 221.866, 263.6, 312.81]"
58_E6_C5_01_12_50,985,"[-35, -34, -33, -32, -31, -30, -29, -28, -27, -26, -25, -24, -23, -22, -21, -20, -19, -18, -17, -16, -15, -14]","[4.501, 5.646, 7.095, 8.927, 11.139, 13.886, 17.243, 21.439, 26.474, 32.654, 37.919, 47.074, 58.0225, 71.107, 86.442, 104.715, 125.582, 150.149, 178.64499999999998, 211.414, 248.569, 294.995]"
58_E6_C5_01_12_50,995,"[-35, -34, -33, -32, -31, -30, -29, -28, -27, -26, -25, -24, -23, -22, -21, -20, -19, -18, -17, -16, -15, -14]","[4.273, 5.341, 6.714, 8.392, 10.452, 13.046, 16.251, 20.066, 24.9105, 30.594, 36.164, 44.862, 55.314, 67.597, 82.322, 99.794, 119.783, 143.282, 170.291, 201.953, 235.828, 279.927]"
B4_3A_45_80_89_AC,705,"[-35, -34, -33, -32, -31, -30, -29, -28, -27, -26, -25, -24, -23, -22, -21, -20, -19, -18, -17, -16, -15, -14]","[1.602, 1.984, 2.518, 3.052, 3.891, 4.807, 5.951, 7.401, 9.155, 11.368, 14.42, 17.929, 22.202, 27.314, 33.494, 40.818, 49.439, 59.586, 71.336, 85.069, 102.312, 121.386]"
B4_3A_45_80_89_AC,715,"[-35, -34, -33, -32, -31, -30, -29, -28, -27, -26, -25, -24, -23, -22, -21, -20, -19, -18, -17, -16, -15, -14]","[1.831, 2.365, 2.899, 3.586, 4.501, 5.6080000000000005, 7.019, 8.659500000000001, 10.758, 13.275, 16.403, 20.447, 25.33, 31.052, 38.071, 46.159, 55.848, 66.835, 79.881, 94.835, 113.603, 133.631]"
B4_3A_45_80_89_AC,725,"[-35, -34, -33, -32, -31, -30, -29, -28, -27, -26, -25, -24, -23, -22, -21, -20, -19, -18, -17, -16, -15, -14]","[2.213, 2.747, 3.357, 4.196, 5.226, 6.561, 8.164, 10.147, 12.5505, 15.488, 18.769, 23.346, 28.687, 35.248, 42.802, 51.957, 62.638, 74.846, 89.113, 105.287, 124.895, 146.563]"
B4_3A_45_80_89_AC,735,"[-35, -34, -33, -32, -31, -30, -29, -28, -27, -26, -25, -24, -23, -22, -21, -20, -19, -18, -17, -16, -15, -14]","[2.518, 3.128, 3.891, 4.883, 6.104, 7.5915, 9.461, 11.749, 14.496, 17.929, 21.363, 26.398, 32.578, 39.826, 48.447, 58.442, 69.963, 83.696, 99.031, 116.6935, 137.255, 160.754]"
B4_3A_45_80_89_AC,745,"[-35, -34, -33, -32, -31, -30, -29, -28, -27, -26, -25, -24, -23, -22, -21, -20, -19, -18, -17, -16, -15, -14]","[2.976, 3.662, 4.578, 5.646, 7.095, 8.85, 10.948, 13.581, 16.861, 20.676, 24.338, 29.984, 36.851, 44.976, 54.6655, 65.69, 78.66, 93.385, 110.323, 129.396, 150.607, 176.547]"
B4_3A_45_80_89_AC,755,"[-35, -34, -33, -32, -31, -30, -29, -28, -27, -26, -25, -24, -23, -22, -21, -20, -19, -18, -17, -16, -15, -14]","[3.357, 4.2345, 5.264, 6.561, 8.164, 10.147, 12.589, 15.64, 19.379, 23.804, 27.695, 34.104, 41.733, 51.003, 61.57, 73.93, 88.197, 104.295, 122.759, 143.511, 166.705, 194.781]"
B4_3A_45_80_89_AC,765,"[-35, -34, -33, -32, -31, -30, -29, -28, -27, -26, -25, -24, -23, -22, -21, -20, -19, -18, -17, -16, -15, -14]","[3.815, 4.807, 6.027, 7.477, 9.384, 11.673, 14.496, 17.929, 22.126, 27.161, 31.662, 38.834, 47.456, 57.755, 69.505, 83.238, 98.802, 116.503, 136.645, 159.533, 184.863, 215.41899999999998]"
B4_3A_45_80_89_AC,775,"[-35, -34, -33, -32, -31, -30, -29, -28, -27, -26, -25, -24, -23, -22, -21, -20, -19, -18, -17, -16, -15, -14]","[4.425, 5.493, 6.867, 8.621, 10.758, 13.352, 16.632, 20.447, 25.177, 30.9, 36.24, 44.327, 54.017, 65.614, 78.965, 94.224, 111.315, 130.465, 152.514, 177.768, 205.844, 239.414]"
B4_3A_45_80_89_AC,785,"[-35, -34, -33, -32, -31, -30, -29, -28, -27, -26, -25, -24, -23, -22, -21, -20, -19, -18, -17, -16, -15, -14]","[5.0735, 6.332, 7.935, 9.918, 12.36, 15.335, 19.074, 23.499, 28.916, 35.477, 41.962, 51.423, 62.409, 75.494, 90.257, 107.347, 126.268, 147.86, 172.46499999999997, 199.664, 232.09, 268.025]"
B4_3A_45_80_89_AC,795,"[-35, -34, -33, -32, -31, -30, -29, -28, -27, -26, -25, -24, -23, -22, -21, -20, -19, -18, -17, -16, -15, -14]","[5.798, 7.248, 9.079, 11.368, 14.267, 17.7, 21.897, 27.085, 33.265, 40.626999999999995, 48.829, 59.663, 72.44200000000001, 86.9, 103.227, 122.606, 143.816, 167.544, 194.705, 224.918, 261.158, 300.5645]"
B4_3A_45_80_89_AC,805,"[-35, -34, -33, -32, -31, -30, -29, -28, -27, -26, -25, -24, -23, -22, -21, -20, -19, -18, -17, -16, -15, -14]","[6.638, 8.392, 10.452, 13.199, 16.403, 20.294, 25.292, 31.052, 38.224, 46.693, 56.7255, 69.047, 83.619, 100.175, 118.8295, 140.002, 163.882, 190.509, 220.264, 253.605, 292.744, 337.53]"
B4_3A_45_80_89_AC,815,"[-35, -34, -33, -32, -31, -30, -29, -28, -27, -26, -25, -24, -23, -22, -21, -20, -19, -18, -17, -16, -15, -14]","[7.63, 9.651, 11.978, 15.1445, 18.769, 23.499, 29.145, 35.935, 44.099, 53.788, 65.614, 80.11, 96.59, 115.282, 136.187, 159.686, 186.77, 216.144, 249.561, 286.183, 329.671, 378.882]"
B4_3A_45_80_89_AC,825,"[-35, -34, -33, -32, -31, -30, -29, -28, -27, -26, -25, -24, -23, -22, -21, -20, -19, -18, -17, -16, -15, -14]","[8.774, 11.063, 13.809, 17.395, 21.668, 27.008, 33.57, 41.428, 50.813, 62.028, 76.066, 92.393, 110.933, 132.067, 156.252, 182.803, 212.711, 245.975, 282.597, 323.72, 371.023, 424.125]"
B4_3A_45_80_89_AC,835,"[-35, -34, -33, -32, -31, -30, -29, -28, -27, -26, -25, -24, -23, -22, -21, -20, -19, -18, -17, -16, -15, -14]","[9.918, 12.436, 15.64, 19.684, 24.643, 30.747, 38.376, 47.379, 58.366, 71.107, 87.129, 105.974, 126.726, 150.988, 178.149, 208.0185, 241.245, 278.782, 320.1725, 365.911, 417.258, 477.379]"
B4_3A_45_80_89_AC,845,"[-35, -34, -33, -32, -31, -30, -29, -28, -27, -26, -25, -24, -23, -22, -21, -20, -19, -18, -17, -16, -15, -14]","[10.872, 13.809, 17.319, 21.82, 27.466, 34.409, 42.878, 53.178, 65.614, 80.186, 98.421, 119.173, 143.511, 170.062, 200.885, 234.455, 272.221, 314.336, 360.418, 411.688, 467.689, 534.752]"
B4_3A_45_80_89_AC,855,"[-35, -34, -33, -32, -31, -30, -29, -28, -27, -26, -25, -24, -23, -22, -21, -20, -19, -18, -17, -16, -15, -14]","[11.521, 14.496, 18.463, 23.194, 29.297, 36.927, 46.387, 57.755, 71.412, 87.968, 106.661, 130.236, 157.397, 186.847, 221.332, 258.869, 300.908, 348.058, 399.71, 457.389, 521.8969999999999, 596.628]"
B4_3A_45_80_89_AC,865,"[-35, -34, -33, -32, -31, -30, -29, -28, -27, -26, -25, -24, -23, -22, -21, -20, -19, -18, -17, -16, -15, -14]","[11.521, 14.687, 18.692, 23.651, 29.831, 37.766, 47.379, 59.358, 73.93, 91.249, 110.857, 136.034, 164.263, 197.375, 234.531, 276.379, 322.957, 373.846, 432.364, 496.033, 569.161, 652.399]"
B4_3A_45_80_89_AC,875,"[-35, -34, -33, -32, -31, -30, -29, -28, -27, -26, -25, -24, -23, -22, -21, -20, -19, -18, -17, -16, -15, -14]","[11.139, 14.115, 17.853, 22.583, 28.611, 36.24, 45.548, 57.336, 71.565, 88.808, 108.339, 133.974, 163.577, 197.986, 237.125, 280.919, 330.129, 386.282, 449.149, 517.967, 598.764, 690.471]"
B4_3A_45_80_89_AC,885,"[-35, -34, -33, -32, -31, -30, -29, -28, -27, -26, -25, -24, -23, -22, -21, -20, -19, -18, -17, -16, -15, -14]","[10.224, 12.894, 16.327, 20.6, 26.017, 32.959, 41.543000000000006, 52.262, 65.2705, 81.178, 101.053, 125.505, 153.964, 187.228, 225.986, 270.695, 320.7065, 378.5, 443.275, 516.098, 598.535, 696.117]"
B4_3A_45_80_89_AC,895,"[-35, -34, -33, -32, -31, -30, -29, -28, -27, -26, -25, -24, -23, -22, -21, -20, -19, -18, -17, -16, -15, -14]","[9.155, 11.597, 14.649, 18.463, 23.346, 29.259, 36.927, 46.311, 57.603, 71.908, 90.486, 112.764, 138.933, 169.7185, 205.844, 248.226, 296.559, 352.636, 416.342, 488.67, 567.025, 667.353]"
B4_3A_45_80_89_AC,905,"[-35, -34, -33, -32, -31, -30, -29, -28, -27, -26, -25, -24, -23, -22, -21, -20, -19, -18, -17, -16, -15, -14]","[8.202, 10.3, 12.97, 16.403, 20.523, 25.94, 32.578, 40.742, 50.584, 63.02, 79.576, 99.26, 122.683, 150.072, 182.879, 220.569, 264.82, 316.396, 374.762, 442.626, 516.899, 610.285]"
B4_3A_45_80_89_AC,915,"[-35, -34, -33, -32, -31, -30, -29, -28, -27, -26, -25, -24, -23, -22, -21, -20, -19, -18, -17, -16, -15, -14]","[7.324, 9.155, 11.635, 14.725, 18.387, 23.041, 28.84, 36.011, 44.709, 55.314, 70.191, 86.824, 107.881, 131.685, 160.754, 194.324, 233.31, 279.011, 331.731, 392.844, 461.814, 547.799]"
B4_3A_45_80_89_AC,925,"[-35, -34, -33, -32, -31, -30, -29, -28, -27, -26, -25, -24, -23, -22, -21, -20, -19, -18, -17, -16, -15, -14]","[6.714, 8.392, 10.529, 13.275, 16.632, 20.829, 26.017, 32.311, 40.055, 49.516, 62.257, 77.363, 95.903, 117.113, 142.596, 172.656, 207.027, 246.967, 294.652, 349.05, 414.359, 491.951]"
B4_3A_45_80_89_AC,935,"[-35, -34, -33, -32, -31, -30, -29, -28, -27, -26, -25, -24, -23, -22, -21, -20, -19, -18, -17, -16, -15, -14]","[6.18, 7.782, 9.766, 12.284, 15.412, 19.303, 23.957, 29.908, 36.965, 45.624, 55.924, 69.963, 86.595, 105.898, 128.481, 155.642, 186.847, 223.316, 265.66, 314.87, 376.287, 446.937]"
B4_3A_45_80_89_AC,945,"[-35, -34, -33, -32, -31, -30, -29, -28, -27, -26, -25, -24, -23, -22, -21, -20, -19, -18, -17, -16, -15, -14]","[5.798, 7.248, 9.155, 11.521, 14.42, 18.082, 22.431, 27.924, 34.5235, 42.649, 51.575, 63.935, 78.889, 96.59, 117.723, 141.833, 170.901, 203.861, 242.695, 287.175, 344.854, 409.705]"
B4_3A_45_80_89_AC,955,"[-35, -34, -33, -32, -31, -30, -29, -28, -27, -26, -25, -24, -23, -22, -21, -20, -19, -18, -17, -16, -15, -14]","[5.417, 6.867, 8.698, 10.834, 13.581, 17.014, 21.21, 26.322, 32.578, 40.208, 47.684, 59.052, 72.862, 89.418, 108.721, 131.151, 157.321, 188.296, 223.926, 265.278, 318.532, 378.042]"
B4_3A_45_80_89_AC,965,"[-35, -34, -33, -32, -31, -30, -29, -28, -27, -26, -25, -24, -23, -22, -21, -20, -19, -18, -17, -16, -15, -14]","[5.188, 6.485, 8.24, 10.3, 12.894, 16.098, 20.0275, 24.949, 30.823, 38.071, 44.327, 54.932, 67.903, 83.162, 101.167, 122.301, 146.715, 174.945, 208.591, 247.044, 294.575, 351.263]"
B4_3A_45_80_89_AC,975,"[-35, -34, -33, -32, -31, -30, -29, -28, -27, -26, -25, -24, -23, -22, -21, -20, -19, -18, -17, -16, -15, -14]","[4.959, 6.18, 7.782, 9.766, 12.207, 15.259, 18.997, 23.575, 29.183, 35.973, 41.505, 51.537000000000006, 63.478, 77.821, 94.987, 114.595, 137.407, 164.797, 195.926, 231.861, 275.654, 327.382]"
B4_3A_45_80_89_AC,985,"[-35, -34, -33, -32, -31, -30, -29, -28, -27, -26, -25, -24, -23, -22, -21, -20, -19, -18, -17, -16, -15, -14]","[4.654, 5.875, 7.401, 9.232, 11.597, 14.42, 17.929, 22.278, 27.619, 34.028, 39.521, 48.981, 60.426, 74.083, 90.181, 109.178, 130.999, 156.71, 186.465, 220.722, 259.785, 308.309]"
B4_3A_45_80_89_AC,995,"[-35, -34, -33, -32, -31, -30, -29, -28, -27, -26, -25, -24, -23, -22, -21, -20, -19, -18, -17, -16, -15, -14]","[4.349, 5.493, 6.943, 8.698, 10.834, 13.581, 16.861, 20.905, 25.864, 31.891, 37.69, 46.769, 57.641000000000005, 70.42, 85.832, 103.99, 124.895, 149.31, 177.615, 210.613, 246.052, 292.134]"
B4_3A_45_8A_BC_30,705,"[-35, -34, -33, -32, -31, -30, -29, -28, -27, -26, -25, -24, -23, -22, -21, -20, -19, -18, -17, -16, -15, -14]","[1.45, 1.831, 2.213, 2.747, 3.433, 4.273, 5.341, 6.561, 8.24, 10.147, 12.818, 15.946, 19.7985, 24.414, 30.06, 36.698, 44.556, 53.864, 64.584, 77.211, 93.233, 110.857]"
B4_3A_45_8A_BC_30,715,"[-35, -34, -33, -32, -31, -30, -29, -28, -27, -26, -25, -24, -23, -22, -21, -20, -19, -18, -17, -16, -15, -14]","[1.678, 2.136, 2.594, 3.204, 3.967, 4.959, 6.18, 7.706, 9.461, 11.749, 14.496, 18.158, 22.507, 27.695, 33.913, 41.276, 50.05, 60.121, 72.023, 85.756, 103.151, 121.691]"
B4_3A_45_8A_BC_30,725,"[-35, -34, -33, -32, -31, -30, -29, -28, -27, -26, -25, -24, -23, -22, -21, -20, -19, -18, -17, -16, -15, -14]","[1.984, 2.441, 3.0140000000000002, 3.662, 4.654, 5.798, 7.172, 8.85, 10.986, 13.581, 16.556, 20.6, 25.368, 31.205, 38.071, 46.235, 55.924, 67.14, 80.11, 94.987, 113.069, 133.059]"
B4_3A_45_8A_BC_30,735,"[-35, -34, -33, -32, -31, -30, -29, -28, -27, -26, -25, -24, -23, -22, -21, -20, -19, -18, -17, -16, -15, -14]","[2.289, 2.747, 3.4715, 4.273, 5.341, 6.638, 8.24, 10.224, 12.665, 15.717, 18.692, 23.194, 28.687, 35.172, 42.802, 51.804, 62.257, 74.617, 88.731, 104.829, 123.674, 145.266]"
B4_3A_45_8A_BC_30,745,"[-35, -34, -33, -32, -31, -30, -29, -28, -27, -26, -25, -24, -23, -22, -21, -20, -19, -18, -17, -16, -15, -14]","[2.518, 3.204, 3.967, 4.959, 6.104, 7.63, 9.537, 11.749, 14.649, 18.006, 21.21, 26.169, 32.197, 39.445, 48.066, 57.984, 69.543, 82.971, 98.344, 115.892, 135.195, 158.999]"
B4_3A_45_8A_BC_30,755,"[-35, -34, -33, -32, -31, -30, -29, -28, -27, -26, -25, -24, -23, -22, -21, -20, -19, -18, -17, -16, -15, -14]","[2.899, 3.662, 4.501, 5.646, 7.019, 8.774, 10.834, 13.504, 16.632, 20.523, 23.995, 29.526, 36.316, 44.48, 53.864, 64.927, 77.592, 92.241, 108.949, 127.794, 148.852, 174.563]"
B4_3A_45_8A_BC_30,765,"[-35, -34, -33, -32, -31, -30, -29, -28, -27, -26, -25, -24, -23, -22, -21, -20, -19, -18, -17, -16, -15, -14]","[3.357, 4.12, 5.188, 6.485, 8.011, 9.995, 12.436, 15.335, 18.997, 23.346, 27.161, 33.417, 40.894, 50.05, 60.426, 72.633, 86.595, 102.541, 120.699, 141.299, 164.263, 192.07299999999998]"
B4_3A_45_8A_BC_30,775,"[-35, -34, -33, -32, -31, -30, -29, -28, -27, -26, -25, -24, -23, -22, -21, -20, -19, -18, -17, -16, -15, -14]","[3.738, 4.654, 5.875, 7.324, 9.155, 11.292, 14.115, 17.433500000000002, 21.439, 26.398, 30.823, 37.919, 46.349000000000004, 56.535, 68.208, 81.712, 97.047, 114.214, 134.051, 156.748, 182.04, 212.329]"
B4_3A_45_8A_BC_30,785,"[-35, -34, -33, -32, -31, -30, -29, -28, -27, -26, -25, -24, -23, -22, -21, -20, -19, -18, -17, -16, -15, -14]","[4.273, 5.341, 6.714, 8.392, 10.376, 12.97, 16.098, 19.837, 24.491, 30.06, 35.554, 43.717, 53.254, 64.622, 77.47800000000001, 92.6605, 109.483, 128.71, 150.607, 175.174, 204.166, 236.439]"
B4_3A_45_8A_BC_30,795,"[-35, -34, -33, -32, -31, -30, -29, -28, -27, -26, -25, -24, -23, -22, -21, -20, -19, -18, -17, -16, -15, -14]","[4.883, 6.104, 7.668, 9.537, 11.94, 14.801, 18.387, 22.736, 27.962, 34.257, 41.084999999999994, 50.355, 61.418, 73.93, 88.35, 105.287, 124.132, 145.037, 169.299, 196.155, 228.504, 263.905]"
B4_3A_45_8A_BC_30,805,"[-35, -34, -33, -32, -31, -30, -29, -28, -27, -26, -25, -24, -23, -22, -21, -20, -19, -18, -17, -16, -15, -14]","[5.6080000000000005, 7.019, 8.698, 10.986, 13.581, 16.938, 21.057, 25.94, 31.891, 39.063, 47.494, 58.061, 70.497, 84.84, 101.167, 119.707, 140.612, 164.263, 190.509, 220.035, 255.0165, 294.652]"
B4_3A_45_8A_BC_30,815,"[-35, -34, -33, -32, -31, -30, -29, -28, -27, -26, -25, -24, -23, -22, -21, -20, -19, -18, -17, -16, -15, -14]","[6.409, 8.011, 9.918, 12.589, 15.564, 19.455, 24.186, 29.831, 36.698, 44.785, 54.818, 67.1015, 81.254, 97.429, 115.587, 136.034, 159.838, 185.626, 214.885, 247.3105, 285.8395, 329.442]"
B4_3A_45_8A_BC_30,825,"[-35, -34, -33, -32, -31, -30, -29, -28, -27, -26, -25, -24, -23, -22, -21, -20, -19, -18, -17, -16, -15, -14]","[7.401, 9.232, 11.597, 14.42, 18.006, 22.507, 27.924, 34.409, 42.267, 51.652, 63.63, 77.44, 93.462, 111.696, 132.372, 155.566, 181.735, 210.651, 242.771, 278.859, 320.592, 367.285]"
B4_3A_45_8A_BC_30,835,"[-35, -34, -33, -32, -31, -30, -29, -28, -27, -26, -25, -24, -23, -22, -21, -20, -19, -18, -17, -16, -15, -14]","[8.392, 10.529, 13.237, 16.632, 20.752, 25.788, 32.197, 39.7115, 48.829, 59.586, 73.472, 89.57, 107.38550000000001, 128.252, 151.675, 177.615, 206.378, 239.109, 275.12, 315.137, 359.96, 412.757]"
B4_3A_45_8A_BC_30,845,"[-35, -34, -33, -32, -31, -30, -29, -28, -27, -26, -25, -24, -23, -22, -21, -20, -19, -18, -17, -16, -15, -14]","[9.537, 11.902, 15.03, 18.921, 23.728, 29.603, 36.888999999999996, 45.624, 56.153, 68.513, 84.764, 102.617, 123.674, 146.487, 173.342, 202.335, 235.065, 271.611, 311.666, 356.222, 404.822, 463.1495]"
B4_3A_45_8A_BC_30,855,"[-35, -34, -33, -32, -31, -30, -29, -28, -27, -26, -25, -24, -23, -22, -21, -20, -19, -18, -17, -16, -15, -14]","[10.452, 13.199, 16.785, 21.057, 26.551, 33.188, 41.581, 51.575, 63.554, 78.05, 95.14, 115.892, 139.62, 165.484, 195.621, 228.313, 265.049, 306.02, 350.881, 401.16, 456.474, 521.3625]"
B4_3A_45_8A_BC_30,865,"[-35, -34, -33, -32, -31, -30, -29, -28, -27, -26, -25, -24, -23, -22, -21, -20, -19, -18, -17, -16, -15, -14]","[11.139, 14.0765, 17.929, 22.736, 28.687, 36.164, 45.205, 56.458, 69.963, 85.985, 104.41, 127.451, 153.048, 182.956, 216.18200000000002, 253.452, 294.499, 339.361, 390.631, 446.403, 509.422, 582.055]"
B4_3A_45_8A_BC_30,875,"[-35, -34, -33, -32, -31, -30, -29, -28, -27, -26, -25, -24, -23, -22, -21, -20, -19, -18, -17, -16, -15, -14]","[11.368, 14.42, 18.311, 23.117, 29.221, 37.232, 46.693, 58.595, 72.938, 90.257, 109.255, 134.203, 162.585, 195.315, 232.013, 272.602, 317.693, 368.658, 425.307, 486.839, 558.785, 639.887]"
B4_3A_45_8A_BC_30,885,"[-35, -34, -33, -32, -31, -30, -29, -28, -27, -26, -25, -24, -23, -22, -21, -20, -19, -18, -17, -16, -15, -14]","[10.986, 13.962, 17.7, 22.354, 28.305, 35.935, 45.319, 57.069, 71.26, 88.502, 108.949, 134.661, 164.263, 198.138, 237.125, 281.33799999999997, 330.053, 385.519, 446.937, 515.145, 593.347, 682.918]"
B4_3A_45_8A_BC_30,895,"[-35, -34, -33, -32, -31, -30, -29, -28, -27, -26, -25, -24, -23, -22, -21, -20, -19, -18, -17, -16, -15, -14]","[10.224, 12.97, 16.48, 20.714, 26.398, 33.265, 41.962, 52.873, 65.843, 82.322, 102.77, 127.642, 156.863, 190.585, 229.877, 275.12, 326.162, 384.146, 448.997, 521.553, 601.511, 699.893]"
B4_3A_45_8A_BC_30,905,"[-35, -34, -33, -32, -31, -30, -29, -28, -27, -26, -25, -24, -23, -22, -21, -20, -19, -18, -17, -16, -15, -14]","[9.461, 11.826, 14.954, 18.845, 23.728, 30.06, 37.919, 47.56999999999999, 59.205, 73.93, 93.004, 116.007, 143.13, 175.021, 212.482, 255.512, 305.257, 362.554, 426.83299999999997, 500.191, 580.377, 679.0645]"
B4_3A_45_8A_BC_30,915,"[-35, -34, -33, -32, -31, -30, -29, -28, -27, -26, -25, -24, -23, -22, -21, -20, -19, -18, -17, -16, -15, -14]","[8.469, 10.681, 13.504, 17.014, 21.439, 27.008, 33.799, 42.344, 52.72, 65.423, 83.009, 102.846, 127.718, 156.176, 190.28, 229.877, 275.654, 328.832, 389.563, 459.449, 536.965, 633.249]"
B4_3A_45_8A_BC_30,925,"[-35, -34, -33, -32, -31, -30, -29, -28, -27, -26, -25, -24, -23, -22, -21, -20, -19, -18, -17, -16, -15, -14]","[7.782, 9.7275, 12.207, 15.412, 19.455, 24.414, 30.442, 37.995, 47.227, 58.442, 73.701, 91.936, 113.909, 139.239, 169.604, 205.234, 246.204, 293.355, 349.813, 413.672, 488.441, 578.393]"
B4_3A_45_8A_BC_30,935,"[-35, -34, -33, -32, -31, -30, -29, -28, -27, -26, -25, -24, -23, -22, -21, -20, -19, -18, -17, -16, -15, -14]","[7.095, 9.003, 11.368, 14.267, 17.929, 22.431, 28.077, 34.943, 43.336, 53.635, 66.072, 82.74199999999999, 102.541, 125.429, 152.32299999999998, 184.51999999999998, 221.485, 264.8585, 315.023, 373.159, 444.572, 527.276]"
B4_3A_45_8A_BC_30,945,"[-35, -34, -33, -32, -31, -30, -29, -28, -27, -26, -25, -24, -23, -22, -21, -20, -19, -18, -17, -16, -15, -14]","[6.714, 8.430499999999999, 10.643, 13.275, 16.709, 20.905, 26.093, 32.502, 40.208, 49.744, 60.655, 75.151, 92.851, 113.68, 138.552, 167.086, 201.19, 240.177, 285.878, 338.521, 405.661, 481.651]"
B4_3A_45_8A_BC_30,955,"[-35, -34, -33, -32, -31, -30, -29, -28, -27, -26, -25, -24, -23, -22, -21, -20, -19, -18, -17, -16, -15, -14]","[6.332, 7.935, 9.995, 12.512, 15.64, 19.646, 24.567, 30.518, 37.69, 46.693, 55.619, 68.894, 85.145, 104.372, 126.955, 153.201, 183.795, 220.07299999999998, 261.845, 310.14, 372.091, 441.978]"
B4_3A_45_8A_BC_30,965,"[-35, -34, -33, -32, -31, -30, -29, -28, -27, -26, -25, -24, -23, -22, -21, -20, -19, -18, -17, -16, -15, -14]","[5.951, 7.477, 9.461, 11.826, 14.801, 18.616, 23.041, 28.8015, 35.554, 43.946, 51.423, 63.783, 78.889, 96.513, 117.38, 141.833, 170.291, 202.792, 242.008, 286.488, 342.031, 408.103]"
B4_3A_45_8A_BC_30,975,"[-35, -34, -33, -32, -31, -30, -29, -28, -27, -26, -25, -24, -23, -22, -21, -20, -19, -18, -17, -16, -15, -14]","[5.646, 7.095, 9.003, 11.215, 14.0, 17.472, 21.82, 27.161, 33.57, 41.352, 47.913, 59.434, 73.243, 89.876, 109.483, 132.067, 158.465, 189.746, 225.681, 267.185, 318.151, 377.737]"
B4_3A_45_8A_BC_30,985,"[-35, -34, -33, -32, -31, -30, -29, -28, -27, -26, -25, -24, -23, -22, -21, -20, -19, -18, -17, -16, -15, -14]","[5.341, 6.714, 8.469, 10.567, 13.199, 16.556, 20.523, 25.559, 31.586, 38.987, 45.396, 56.382, 69.429, 85.145, 103.418, 125.2, 150.149, 179.522, 213.512, 252.842, 297.932, 353.857]"
B4_3A_45_8A_BC_30,995,"[-35, -34, -33, -32, -31, -30, -29, -28, -27, -26, -25, -24, -23, -22, -21, -20, -19, -18, -17, -16, -15, -14]","[5.035, 6.332, 7.935, 9.918, 12.436, 15.488, 19.303, 23.957, 29.603, 36.507000000000005, 43.03, 53.559, 65.995, 80.644, 98.039, 118.715, 142.481, 170.443, 202.487, 240.177, 280.995, 333.715]"
98_A3_16_8F_58_E8,705,"[-35, -34, -33, -32, -31, -30, -29, -28, -27, -26, -25, -24, -23, -22, -21, -20, -19, -18, -17, -16, -15, -14]","[1.4115, 1.831, 2.2510000000000003, 2.823, 3.51, 4.425, 5.493, 6.867, 8.469, 10.529, 13.275, 16.556, 20.523, 25.254, 31.052, 37.919, 46.082, 55.543, 66.529, 79.5, 95.903, 113.87049999999999]"
98_A3_16_8F_58_E8,715,"[-35, -34, -33, -32, -31, -30, -29, -28, -27, -26, -25, -24, -23, -22, -21, -20, -19, -18, -17, -16, -15, -14]","[1.678, 2.06, 2.594, 3.281, 4.082, 5.112, 6.409, 7.935, 9.842, 12.131, 15.03, 18.845, 23.27, 28.611, 35.096, 42.649, 51.728, 62.028, 74.159, 88.273, 105.974, 124.895]"
98_A3_16_8F_58_E8,725,"[-35, -34, -33, -32, -31, -30, -29, -28, -27, -26, -25, -24, -23, -22, -21, -20, -19, -18, -17, -16, -15, -14]","[1.984, 2.403, 3.052, 3.815, 4.73, 5.951, 7.401, 9.232, 11.444, 14.115, 17.166, 21.3245, 26.246, 32.273, 39.368, 47.837, 57.755, 69.123, 82.475, 97.658, 116.121, 136.492]"
98_A3_16_8F_58_E8,735,"[-35, -34, -33, -32, -31, -30, -29, -28, -27, -26, -25, -24, -23, -22, -21, -20, -19, -18, -17, -16, -15, -14]","[2.289, 2.823, 3.51, 4.425, 5.493, 6.867, 8.545, 10.605, 13.199, 16.327, 19.303, 24.033, 29.679, 36.393, 44.251, 53.483, 64.24, 76.829, 91.249, 107.652, 126.955, 148.928]"
98_A3_16_8F_58_E8,745,"[-35, -34, -33, -32, -31, -30, -29, -28, -27, -26, -25, -24, -23, -22, -21, -20, -19, -18, -17, -16, -15, -14]","[2.594, 3.204, 4.044, 5.112, 6.332, 7.935, 9.842, 12.284, 15.106, 18.7305, 21.973, 27.161, 33.341, 40.742, 49.706, 59.815, 71.717, 85.374, 101.091, 118.868, 138.628, 162.814]"
98_A3_16_8F_58_E8,755,"[-35, -34, -33, -32, -31, -30, -29, -28, -27, -26, -25, -24, -23, -22, -21, -20, -19, -18, -17, -16, -15, -14]","[2.976, 3.738, 4.654, 5.798, 7.324, 9.117, 11.215, 14.0, 17.319, 21.286, 24.872, 30.594, 37.613, 46.006, 55.657, 66.911, 80.034, 94.911, 111.925, 131.228, 152.667, 178.759]"
98_A3_16_8F_58_E8,765,"[-35, -34, -33, -32, -31, -30, -29, -28, -27, -26, -25, -24, -23, -22, -21, -20, -19, -18, -17, -16, -15, -14]","[3.433, 4.196, 5.341, 6.638, 8.392, 10.376, 12.894, 16.022, 19.684, 24.262, 28.229, 34.638, 42.42, 51.804, 62.409, 74.922, 89.189, 105.44, 123.98, 144.961, 168.383, 196.689]"
98_A3_16_8F_58_E8,775,"[-35, -34, -33, -32, -31, -30, -29, -28, -27, -26, -25, -24, -23, -22, -21, -20, -19, -18, -17, -16, -15, -14]","[3.891, 4.807, 6.104, 7.63, 9.537, 11.826, 14.649, 18.158, 22.354, 27.466, 32.081999999999994, 39.292, 48.066, 58.442, 70.42, 84.306, 99.87, 117.342, 137.56, 160.754, 186.5035, 217.365]"
98_A3_16_8F_58_E8,785,"[-35, -34, -33, -32, -31, -30, -29, -28, -27, -26, -25, -24, -23, -22, -21, -20, -19, -18, -17, -16, -15, -14]","[4.425, 5.57, 6.981, 8.698, 10.834, 13.581, 16.709, 20.714, 25.483, 31.281, 37.003, 45.396, 55.238, 66.911, 80.11, 95.521, 112.764, 132.372, 154.65, 179.599, 209.23899999999998, 242.199]"
98_A3_16_8F_58_E8,795,"[-35, -34, -33, -32, -31, -30, -29, -28, -27, -26, -25, -24, -23, -22, -21, -20, -19, -18, -17, -16, -15, -14]","[5.035, 6.332, 8.011, 9.918, 12.474, 15.488, 19.226, 23.728, 29.145, 35.63, 42.878, 52.415, 63.706, 76.524, 91.249, 108.568, 127.794, 149.081, 173.8, 201.266, 234.15, 270.237]"
98_A3_16_8F_58_E8,805,"[-35, -34, -33, -32, -31, -30, -29, -28, -27, -26, -25, -24, -23, -22, -21, -20, -19, -18, -17, -16, -15, -14]","[5.875, 7.324, 9.155, 11.482500000000002, 14.267, 17.853, 22.049, 27.161, 33.341, 40.742, 49.554, 60.349, 73.167, 87.968, 104.524, 123.445, 144.732, 168.765, 195.621, 225.681, 261.311, 301.823]"
98_A3_16_8F_58_E8,815,"[-35, -34, -33, -32, -31, -30, -29, -28, -27, -26, -25, -24, -23, -22, -21, -20, -19, -18, -17, -16, -15, -14]","[6.714, 8.469, 10.529, 13.237, 16.48, 20.523, 25.406, 31.357, 38.453, 46.845, 57.221, 69.886, 84.459, 100.938, 119.478, 140.307, 164.492, 190.814, 220.645, 253.7195, 292.897, 337.453]"
98_A3_16_8F_58_E8,825,"[-35, -34, -33, -32, -31, -30, -29, -28, -27, -26, -25, -24, -23, -22, -21, -20, -19, -18, -17, -16, -15, -14]","[7.782, 9.766, 12.207, 15.297, 19.15, 23.728, 29.45, 36.24, 44.404, 54.17, 66.529, 80.72, 97.2, 115.74, 136.873, 160.449, 187.076, 216.602, 249.409, 286.107, 328.603, 376.211]"
98_A3_16_8F_58_E8,835,"[-35, -34, -33, -32, -31, -30, -29, -28, -27, -26, -25, -24, -23, -22, -21, -20, -19, -18, -17, -16, -15, -14]","[8.927, 11.215, 14.115, 17.7, 22.126, 27.466, 34.18, 42.039, 51.499, 62.638, 76.905, 93.462, 111.658, 133.0205, 156.939, 183.261, 212.596, 245.975, 282.673, 323.415, 369.039, 422.98]"
98_A3_16_8F_58_E8,845,"[-35, -34, -33, -32, -31, -30, -29, -28, -27, -26, -25, -24, -23, -22, -21, -20, -19, -18, -17, -16, -15, -14]","[10.147, 12.818, 16.175, 20.218, 25.406, 31.662, 39.292, 48.447, 59.434, 72.175, 88.884, 107.195, 128.71, 151.904, 179.217, 208.743, 242.161, 279.393, 320.287, 365.606, 415.198, 474.784]"
98_A3_16_8F_58_E8,855,"[-35, -34, -33, -32, -31, -30, -29, -28, -27, -26, -25, -24, -23, -22, -21, -20, -19, -18, -17, -16, -15, -14]","[11.292, 14.267, 18.082, 22.66, 28.534, 35.63, 44.48, 54.932, 67.445, 82.399, 99.87, 121.08, 145.342, 171.664, 202.335, 235.676, 273.06, 314.717, 360.418, 411.688, 468.26099999999997, 534.447]"
98_A3_16_8F_58_E8,865,"[-35, -34, -33, -32, -31, -30, -29, -28, -27, -26, -25, -24, -23, -22, -21, -20, -19, -18, -17, -16, -15, -14]","[12.055, 15.259, 19.379, 24.491, 30.9, 38.79600000000001, 48.447, 60.197, 74.311, 90.867, 109.56, 133.135, 159.152, 189.555, 223.316, 261.234, 303.044, 348.669, 400.931, 457.618, 522.24, 596.246]"
98_A3_16_8F_58_E8,875,"[-35, -34, -33, -32, -31, -30, -29, -28, -27, -26, -25, -24, -23, -22, -21, -20, -19, -18, -17, -16, -15, -14]","[12.284, 15.564, 19.684, 24.949, 31.51, 39.902, 49.897, 62.409, 77.363, 95.216, 114.443, 139.925, 168.765, 201.953, 239.261, 280.385, 326.085, 377.813, 435.492, 498.054, 571.565, 654.231]"
98_A3_16_8F_58_E8,885,"[-35, -34, -33, -32, -31, -30, -29, -28, -27, -26, -25, -24, -23, -22, -21, -20, -19, -18, -17, -16, -15, -14]","[11.826, 14.954, 18.921, 23.957, 30.213, 38.376, 48.219, 60.464, 75.227, 93.004, 113.68, 139.849, 169.986, 204.242, 243.763, 288.472, 337.758, 393.95, 456.13, 525.292, 604.639, 695.811]"
98_A3_16_8F_58_E8,895,"[-35, -34, -33, -32, -31, -30, -29, -28, -27, -26, -25, -24, -23, -22, -21, -20, -19, -18, -17, -16, -15, -14]","[10.834, 13.809, 17.548, 21.973, 28.0, 35.248, 44.404, 55.695, 69.2, 86.061, 106.813, 132.143, 161.7075, 195.773, 235.447, 280.995, 332.418, 390.898, 456.168, 529.45, 610.17, 709.773]"
98_A3_16_8F_58_E8,905,"[-35, -34, -33, -32, -31, -30, -29, -28, -27, -26, -25, -24, -23, -22, -21, -20, -19, -18, -17, -16, -15, -14]","[9.918, 12.512, 15.717, 19.837, 25.025, 31.586, 39.75, 49.744, 61.799, 76.905, 96.361, 119.631, 147.097, 179.179, 216.831, 260.014, 309.987, 367.437, 431.83, 505.531, 585.87, 685.13]"
98_A3_16_8F_58_E8,915,"[-35, -34, -33, -32, -31, -30, -29, -28, -27, -26, -25, -24, -23, -22, -21, -20, -19, -18, -17, -16, -15, -14]","[8.85, 11.139, 14.115, 17.853, 22.431, 28.229, 35.286500000000004, 44.099, 54.856, 67.826, 85.756, 105.783, 130.999, 159.533, 193.866, 233.539, 279.316, 332.494, 393.225, 463.035, 540.551, 636.683]"
98_A3_16_8F_58_E8,925,"[-35, -34, -33, -32, -31, -30, -29, -28, -27, -26, -25, -24, -23, -22, -21, -20, -19, -18, -17, -16, -15, -14]","[8.087, 10.147, 12.741, 16.098, 20.218, 25.33, 31.662, 39.445, 48.905, 60.349, 75.99, 94.453, 116.579, 142.061, 172.58, 208.286, 249.332, 296.483, 352.712, 416.419, 490.883, 580.606]"
98_A3_16_8F_58_E8,935,"[-35, -34, -33, -32, -31, -30, -29, -28, -27, -26, -25, -24, -23, -22, -21, -20, -19, -18, -17, -16, -15, -14]","[7.477, 9.384, 11.749, 14.801, 18.616, 23.27, 28.992, 36.164, 44.785, 55.238, 67.826, 84.84, 104.753, 127.871, 154.879, 187.11399999999998, 224.155, 267.491, 317.617, 375.601, 446.632, 529.0685]"
98_A3_16_8F_58_E8,945,"[-35, -34, -33, -32, -31, -30, -29, -28, -27, -26, -25, -24, -23, -22, -21, -20, -19, -18, -17, -16, -15, -14]","[6.904999999999999, 8.698, 10.986, 13.809, 17.243, 21.668, 27.008, 33.57, 41.428, 51.194, 62.181, 76.982, 94.835, 115.74, 140.764, 169.413, 203.632, 242.618, 288.319, 340.887, 407.874, 483.482]"
98_A3_16_8F_58_E8,955,"[-35, -34, -33, -32, -31, -30, -29, -28, -27, -26, -25, -24, -23, -22, -21, -20, -19, -18, -17, -16, -15, -14]","[6.485, 8.087, 10.3, 12.932, 16.175, 20.218, 25.33, 31.434, 38.758, 47.951499999999996, 56.992, 70.497, 86.938, 106.355, 129.015, 155.413, 186.007, 222.324, 264.134, 312.505, 374.304, 443.961]"
98_A3_16_8F_58_E8,965,"[-35, -34, -33, -32, -31, -30, -29, -28, -27, -26, -25, -24, -23, -22, -21, -20, -19, -18, -17, -16, -15, -14]","[6.104, 7.668, 9.689, 12.169, 15.259, 19.074, 23.728, 29.526, 36.469, 45.09, 52.644, 65.156, 80.415, 98.192, 119.249, 143.8545, 172.351, 205.043, 244.297, 288.853, 344.32, 410.163]"
98_A3_16_8F_58_E8,975,"[-35, -34, -33, -32, -31, -30, -29, -28, -27, -26, -25, -24, -23, -22, -21, -20, -19, -18, -17, -16, -15, -14]","[5.798, 7.248, 9.155, 11.521, 14.343, 17.9675, 22.354, 27.771, 34.409, 42.344, 49.058, 60.731, 74.769, 91.478, 111.162, 133.974, 160.449, 191.882, 227.893, 269.398, 320.211, 379.797]"
98_A3_16_8F_58_E8,985,"[-35, -34, -33, -32, -31, -30, -29, -28, -27, -26, -25, -24, -23, -22, -21, -20, -19, -18, -17, -16, -15, -14]","[5.417, 6.867, 8.698, 10.834, 13.581, 17.014, 21.057, 26.169, 32.349, 39.902, 46.464, 57.527, 70.726, 86.595, 105.02000000000001, 126.955, 151.98, 181.43, 215.534, 254.978, 300.069, 355.993]"
98_A3_16_8F_58_E8,995,"[-35, -34, -33, -32, -31, -30, -29, -28, -27, -26, -25, -24, -23, -22, -21, -20, -19, -18, -17, -16, -15, -14]","[5.112, 6.409, 8.087, 10.147, 12.665, 15.869, 19.722, 24.491, 30.289, 37.308, 43.946, 54.551, 67.14, 81.941, 99.489, 120.317, 144.198, 172.236, 204.318, 242.161, 282.826, 335.622]"
98_A3_16_8F_DB_94,705,"[-35, -34, -33, -32, -31, -30, -29, -28, -27, -26, -25, -24, -23, -22, -21, -20, -19, -18, -17, -16, -15, -14]","[1.45, 1.831, 2.327, 2.899, 3.586, 4.578, 5.646, 7.172, 8.85, 10.986, 13.886, 17.281, 21.515, 26.551, 32.616, 39.826, 48.295, 58.213, 69.734, 83.2, 100.252, 119.02]"
98_A3_16_8F_DB_94,715,"[-35, -34, -33, -32, -31, -30, -29, -28, -27, -26, -25, -24, -23, -22, -21, -20, -19, -18, -17, -16, -15, -14]","[1.755, 2.213, 2.747, 3.433, 4.273, 5.341, 6.714, 8.316, 10.3, 12.818, 15.869, 19.837, 24.643, 30.213, 37.079, 45.014, 54.551, 65.385, 78.202, 92.851, 111.315, 131.151]"
98_A3_16_8F_DB_94,725,"[-35, -34, -33, -32, -31, -30, -29, -28, -27, -26, -25, -24, -23, -22, -21, -20, -19, -18, -17, -16, -15, -14]","[1.984, 2.518, 3.128, 3.967, 4.959, 6.332, 7.8965, 9.766, 12.055, 14.954, 18.235, 22.66, 28.0, 34.333, 41.81, 50.813, 61.265, 73.32, 87.282, 103.304, 122.606, 143.969]"
98_A3_16_8F_DB_94,735,"[-35, -34, -33, -32, -31, -30, -29, -28, -27, -26, -25, -24, -23, -22, -21, -20, -19, -18, -17, -16, -15, -14]","[2.365, 2.976, 3.738, 4.654, 5.875, 7.324, 9.155, 11.368, 14.038, 17.395, 20.752, 25.788, 31.815, 38.911, 47.379, 57.221, 68.589, 82.0555, 97.276, 114.595, 134.966, 158.007]"
98_A3_16_8F_DB_94,745,"[-35, -34, -33, -32, -31, -30, -29, -28, -27, -26, -25, -24, -23, -22, -21, -20, -19, -18, -17, -16, -15, -14]","[2.747, 3.433, 4.349, 5.417, 6.8285, 8.545, 10.605, 13.199, 16.327, 20.142, 23.804, 29.297, 36.0495, 44.022, 53.635, 64.393, 77.134, 91.783, 108.492, 127.337, 148.241, 173.877]"
98_A3_16_8F_DB_94,755,"[-35, -34, -33, -32, -31, -30, -29, -28, -27, -26, -25, -24, -23, -22, -21, -20, -19, -18, -17, -16, -15, -14]","[3.1660000000000004, 3.967, 5.035, 6.256, 7.935, 9.842, 12.207, 15.221, 18.845, 23.194, 27.085, 33.341, 40.894, 50.05, 60.426, 72.633, 86.671, 102.617, 120.851, 141.375, 164.263, 192.035]"
98_A3_16_8F_DB_94,765,"[-35, -34, -33, -32, -31, -30, -29, -28, -27, -26, -25, -24, -23, -22, -21, -20, -19, -18, -17, -16, -15, -14]","[3.738, 4.616, 5.798, 7.248, 9.079, 11.292, 14.115, 17.548, 21.592, 26.589, 30.976, 38.071, 46.54, 56.84, 68.36, 81.941, 97.353, 114.824, 134.737, 157.321, 182.345, 212.482]"
98_A3_16_8F_DB_94,775,"[-35, -34, -33, -32, -31, -30, -29, -28, -27, -26, -25, -24, -23, -22, -21, -20, -19, -18, -17, -16, -15, -14]","[4.196, 5.264, 6.638, 8.316, 10.376, 12.97, 16.175, 19.989, 24.72, 30.289, 35.477, 43.488, 53.178, 64.546, 77.821, 92.851, 109.789, 128.786, 150.607, 175.555, 203.25, 236.515]"
98_A3_16_8F_DB_94,785,"[-35, -34, -33, -32, -31, -30, -29, -28, -27, -26, -25, -24, -23, -22, -21, -20, -19, -18, -17, -16, -15, -14]","[4.883, 6.104, 7.706, 9.613, 11.978, 14.992, 18.616, 23.041, 28.382, 34.867, 41.352, 50.66, 61.57, 74.54, 89.036, 105.974, 124.819, 146.181, 170.52, 197.452, 229.496, 265.049]"
98_A3_16_8F_DB_94,795,"[-35, -34, -33, -32, -31, -30, -29, -28, -27, -26, -25, -24, -23, -22, -21, -20, -19, -18, -17, -16, -15, -14]","[5.57, 7.019, 8.85, 11.063, 13.886, 17.319, 21.515, 26.551, 32.731, 39.979, 48.142, 58.824, 71.527, 85.832, 102.12100000000001, 121.233, 142.443, 165.866, 192.798, 222.782, 258.64, 297.627]"
98_A3_16_8F_DB_94,805,"[-35, -34, -33, -32, -31, -30, -29, -28, -27, -26, -25, -24, -23, -22, -21, -20, -19, -18, -17, -16, -15, -14]","[6.485, 8.164, 10.147, 12.818, 15.946, 19.913, 24.796, 30.518, 37.613, 46.006, 56.001, 68.284, 82.704, 99.184, 117.723, 138.743, 162.356, 188.907, 218.357, 251.469, 290.303, 334.478]"
98_A3_16_8F_DB_94,815,"[-35, -34, -33, -32, -31, -30, -29, -28, -27, -26, -25, -24, -23, -22, -21, -20, -19, -18, -17, -16, -15, -14]","[7.401, 9.308, 11.673, 14.725, 18.387, 23.041, 28.611, 35.401, 43.412, 53.101, 64.851, 79.271, 95.674, 114.29, 135.042, 158.389, 185.473, 214.618, 247.807, 284.123, 327.23, 375.906]"
98_A3_16_8F_DB_94,825,"[-35, -34, -33, -32, -31, -30, -29, -28, -27, -26, -25, -24, -23, -22, -21, -20, -19, -18, -17, -16, -15, -14]","[8.469, 10.681, 13.466000000000001, 16.8995, 21.21, 26.474, 32.959, 40.742, 50.126, 61.265, 75.303, 91.402, 109.941, 131.075, 155.032, 181.582, 211.414, 244.45, 280.842, 321.698, 368.658, 421.225]"
98_A3_16_8F_DB_94,835,"[-35, -34, -33, -32, -31, -30, -29, -28, -27, -26, -25, -24, -23, -22, -21, -20, -19, -18, -17, -16, -15, -14]","[9.537, 12.055, 15.183, 19.226, 24.109, 29.984, 37.613, 46.54, 57.45, 70.115, 86.061, 104.829, 125.582, 149.767, 176.852, 206.683, 239.719, 277.18, 318.303, 363.73699999999997, 414.702, 474.403]"
98_A3_16_8F_DB_94,845,"[-35, -34, -33, -32, -31, -30, -29, -28, -27, -26, -25, -24, -23, -22, -21, -20, -19, -18, -17, -16, -15, -14]","[10.452, 13.237, 16.709, 21.134, 26.703, 33.494, 41.886, 52.11, 64.317, 78.813, 97.047, 117.647, 141.985, 168.383, 199.283, 232.776, 270.466, 312.352, 358.282, 409.323, 465.095, 531.472]"
98_A3_16_8F_DB_94,855,"[-35, -34, -33, -32, -31, -30, -29, -28, -27, -26, -25, -24, -23, -22, -21, -20, -19, -18, -17, -16, -15, -14]","[10.986, 13.886, 17.7, 22.354, 28.305, 35.706, 44.938, 56.077, 69.657, 85.908, 104.601, 128.023, 155.108, 184.482, 218.891, 256.428, 298.39, 345.388, 396.811, 454.337, 518.387, 592.66]"
98_A3_16_8F_DB_94,865,"[-35, -34, -33, -32, -31, -30, -29, -28, -27, -26, -25, -24, -23, -22, -21, -20, -19, -18, -17, -16, -15, -14]","[10.91, 13.886, 17.738500000000002, 22.507, 28.611, 36.202, 45.548, 57.145, 71.412, 88.388, 107.881, 132.906, 160.83, 193.79, 230.793, 272.602, 318.914, 369.65, 428.016, 491.341, 564.164, 646.906]"
98_A3_16_8F_DB_94,875,"[-35, -34, -33, -32, -31, -30, -29, -28, -27, -26, -25, -24, -23, -22, -21, -20, -19, -18, -17, -16, -15, -14]","[10.452, 13.275, 16.861, 21.363, 27.161, 34.485, 43.336, 54.704, 68.437, 85.222, 104.601, 129.778, 158.77, 192.874, 231.632, 275.196, 323.98699999999997, 379.873, 442.512, 510.872, 591.211, 682.345]"
98_A3_16_8F_DB_94,885,"[-35, -34, -33, -32, -31, -30, -29, -28, -27, -26, -25, -24, -23, -22, -21, -20, -19, -18, -17, -16, -15, -14]","[9.537, 12.131, 15.335, 19.379, 24.567, 31.1665, 39.292, 49.592, 61.952, 77.287, 96.742, 120.546, 148.318, 180.896, 218.891, 262.989, 312.352, 369.574, 433.814, 506.1035, 587.854, 684.672]"
98_A3_16_8F_DB_94,895,"[-35, -34, -33, -32, -31, -30, -29, -28, -27, -26, -25, -24, -23, -22, -21, -20, -19, -18, -17, -16, -15, -14]","[8.545, 10.834, 13.733, 17.319, 21.973, 27.619, 34.82899999999999, 43.793, 54.551, 68.208, 86.175, 107.652, 132.982, 162.814, 198.062, 239.49, 286.946, 341.955, 404.593, 475.929, 553.14, 652.628]"
98_A3_16_8F_DB_94,905,"[-35, -34, -33, -32, -31, -30, -29, -28, -27, -26, -25, -24, -23, -22, -21, -20, -19, -18, -17, -16, -15, -14]","[7.63, 9.613, 12.131, 15.335, 19.303, 24.414, 30.671, 38.453, 47.837, 59.586, 75.57, 94.53, 116.9985, 143.511, 175.174, 211.795, 254.902, 305.104, 362.211, 428.702, 501.488, 593.729]"
98_A3_16_8F_DB_94,915,"[-35, -34, -33, -32, -31, -30, -29, -28, -27, -26, -25, -24, -23, -22, -21, -20, -19, -18, -17, -16, -15, -14]","[6.79, 8.545, 10.834, 13.733, 17.243, 21.668, 27.161, 33.951, 42.267, 52.415, 66.529, 82.551, 102.693, 125.658, 153.658, 186.16, 223.926, 268.406, 319.6, 379.034, 446.937, 530.938]"
98_A3_16_8F_DB_94,925,"[-35, -34, -33, -32, -31, -30, -29, -28, -27, -26, -25, -24, -23, -22, -21, -20, -19, -18, -17, -16, -15, -14]","[6.18, 7.82, 9.842, 12.36, 15.64, 19.57, 24.491, 30.518, 37.919, 46.845, 58.976, 73.472, 91.211, 111.62, 136.187, 165.179, 198.444, 237.125, 283.36, 336.233, 399.939, 475.853]"
98_A3_16_8F_DB_94,935,"[-35, -34, -33, -32, -31, -30, -29, -28, -27, -26, -25, -24, -23, -22, -21, -20, -19, -18, -17, -16, -15, -14]","[5.722, 7.248, 9.155, 11.521, 14.458, 18.082, 22.621499999999997, 28.229, 34.943, 43.259, 53.025, 66.377, 82.399, 100.9765, 122.797, 148.928, 179.103, 214.313, 255.36, 302.968, 362.936, 431.907]"
98_A3_16_8F_DB_94,945,"[-35, -34, -33, -32, -31, -30, -29, -28, -27, -26, -25, -24, -23, -22, -21, -20, -19, -18, -17, -16, -15, -14]","[5.341, 6.79, 8.621, 10.758, 13.504, 16.938, 21.172, 26.398, 32.654, 40.36, 49.058, 60.731, 75.074, 92.164, 112.459, 135.805, 163.729, 195.621, 233.234, 276.493, 332.647, 395.514]"
98_A3_16_8F_DB_94,955,"[-35, -34, -33, -32, -31, -30, -29, -28, -27, -26, -25, -24, -23, -22, -21, -20, -19, -18, -17, -16, -15, -14]","[5.035, 6.409, 8.087, 10.185500000000001, 12.741, 16.022, 19.989, 24.949, 30.823, 38.148, 45.243, 56.114999999999995, 69.352, 85.298, 103.914, 125.505, 150.759, 180.819, 215.267, 255.36, 307.012, 364.919]"
98_A3_16_8F_DB_94,965,"[-35, -34, -33, -32, -31, -30, -29, -28, -27, -26, -25, -24, -23, -22, -21, -20, -19, -18, -17, -16, -15, -14]","[4.807, 6.104, 7.706, 9.651, 12.055, 15.183, 18.921, 23.575, 29.221, 36.088, 42.039, 52.338, 64.698, 79.347, 96.818, 117.113, 140.764, 168.078, 200.656, 237.964, 284.123, 339.17]"
98_A3_16_8F_DB_94,975,"[-35, -34, -33, -32, -31, -30, -29, -28, -27, -26, -25, -24, -23, -22, -21, -20, -19, -18, -17, -16, -15, -14]","[4.578, 5.798, 7.324, 9.155, 11.521, 14.343, 17.929, 22.316, 27.695, 34.18, 39.445, 49.058, 60.578, 74.388, 90.867, 109.865, 131.991, 158.312, 188.602, 223.43, 265.888, 316.091]"
98_A3_16_8F_DB_94,985,"[-35, -34, -33, -32, -31, -30, -29, -28, -27, -26, -25, -24, -23, -22, -21, -20, -19, -18, -17, -16, -15, -14]","[4.349, 5.493, 6.867, 8.698, 10.834, 13.657, 16.938, 21.134, 26.2075, 32.349, 37.613, 46.730999999999995, 57.755, 70.878, 86.366, 104.753, 125.887, 150.683, 179.599, 212.787, 250.629, 297.932]"
98_A3_16_8F_DB_94,995,"[-35, -34, -33, -32, -31, -30, -29, -28, -27, -26, -25, -24, -23, -22, -21, -20, -19, -18, -17, -16, -15, -14]","[4.12, 5.15, 6.485, 8.164, 10.224, 12.779499999999999, 15.946, 19.837, 24.567, 30.289, 35.859, 44.556, 55.085, 67.369, 82.17, 99.794, 120.012, 143.74, 171.054, 203.174, 237.583, 282.521]"
98_A3_16_8F_15_44,705,"[-35, -34, -33, -32, -31, -30, -29, -28, -27, -26, -25, -24, -23, -22, -21, -20, -19, -18, -17, -16, -15, -14]","[1.45, 1.831, 2.289, 2.823, 3.6239999999999997, 4.501, 5.57, 6.943, 8.621, 10.681, 13.581, 16.861, 20.981, 25.864, 31.739, 38.758, 47.074, 56.764, 67.979, 81.178, 97.734, 116.121]"
98_A3_16_8F_15_44,715,"[-35, -34, -33, -32, -31, -30, -29, -28, -27, -26, -25, -24, -23, -22, -21, -20, -19, -18, -17, -16, -15, -14]","[1.678, 2.136, 2.67, 3.281, 4.196, 5.188, 6.561, 8.087, 9.995, 12.436, 15.412, 19.226, 23.957, 29.297, 35.935, 43.717, 52.949, 63.516000000000005, 75.99, 90.295, 108.263, 127.642]"
98_A3_16_8F_15_44,725,"[-35, -34, -33, -32, -31, -30, -29, -28, -27, -26, -25, -24, -23, -22, -21, -20, -19, -18, -17, -16, -15, -14]","[1.984, 2.441, 3.052, 3.8529999999999998, 4.883, 6.104, 7.63, 9.384, 11.673, 14.496, 17.624, 21.935, 27.008, 33.188, 40.436, 49.134, 59.281, 71.031, 84.611, 100.099, 118.868, 139.696]"
98_A3_16_8F_15_44,735,"[-35, -34, -33, -32, -31, -30, -29, -28, -27, -26, -25, -24, -23, -22, -21, -20, -19, -18, -17, -16, -15, -14]","[2.289, 2.899, 3.662, 4.501, 5.646, 7.095, 8.85, 10.91, 13.581, 16.785, 19.989, 24.872, 30.594, 37.537, 45.624, 55.085, 66.148, 79.118, 93.843, 110.704, 130.465, 152.819]"
98_A3_16_8F_15_44,745,"[-35, -34, -33, -32, -31, -30, -29, -28, -27, -26, -25, -24, -23, -22, -21, -20, -19, -18, -17, -16, -15, -14]","[2.67, 3.357, 4.196, 5.188, 6.561, 8.24, 10.147, 12.589, 15.64, 19.303, 22.736, 28.077, 34.485, 42.191, 51.347, 61.799, 74.0445, 88.121, 104.219, 122.454, 142.672, 167.468]"
98_A3_16_8F_15_44,755,"[-35, -34, -33, -32, -31, -30, -29, -28, -27, -26, -25, -24, -23, -22, -21, -20, -19, -18, -17, -16, -15, -14]","[3.09, 3.8529999999999998, 4.807, 6.027, 7.553, 9.384, 11.673, 14.496, 17.9675, 22.126, 25.864, 31.739, 38.987, 47.761, 57.679, 69.352, 82.856, 98.116, 115.663, 135.424, 157.473, 184.253]"
98_A3_16_8F_15_44,765,"[-35, -34, -33, -32, -31, -30, -29, -28, -27, -26, -25, -24, -23, -22, -21, -20, -19, -18, -17, -16, -15, -14]","[3.51, 4.349, 5.493, 6.943, 8.698, 10.758, 13.39, 16.632, 20.485, 25.2155, 29.297, 36.011, 44.137, 53.788, 64.927, 77.821, 92.546, 109.255, 128.3665, 149.996, 174.105, 203.174]"
98_A3_16_8F_15_44,775,"[-35, -34, -33, -32, -31, -30, -29, -28, -27, -26, -25, -24, -23, -22, -21, -20, -19, -18, -17, -16, -15, -14]","[4.044, 5.035, 6.256, 7.8965, 9.842, 12.284, 15.259, 18.921, 23.308, 28.611, 33.417, 41.0085, 50.087999999999994, 60.96, 73.396, 87.739, 103.914, 121.996, 142.8625, 166.705, 193.256, 224.994]"
98_A3_16_8F_15_44,785,"[-35, -34, -33, -32, -31, -30, -29, -28, -27, -26, -25, -24, -23, -22, -21, -20, -19, -18, -17, -16, -15, -14]","[4.578, 5.798, 7.248, 9.079, 11.292, 14.115, 17.472, 21.592, 26.627, 32.654, 38.682, 47.532, 57.755, 69.886, 83.619, 99.641, 117.494, 137.789, 160.906, 186.618, 217.136, 251.087]"
98_A3_16_8F_15_44,795,"[-35, -34, -33, -32, -31, -30, -29, -28, -27, -26, -25, -24, -23, -22, -21, -20, -19, -18, -17, -16, -15, -14]","[5.264, 6.638, 8.316, 10.376, 12.97, 16.175, 20.066, 24.872, 30.48, 37.308, 44.938, 54.856, 66.682, 80.11, 95.445, 113.451, 133.44, 155.5275, 181.125, 209.506, 243.534, 280.69]"
98_A3_16_8F_15_44,805,"[-35, -34, -33, -32, -31, -30, -29, -28, -27, -26, -25, -24, -23, -22, -21, -20, -19, -18, -17, -16, -15, -14]","[6.104, 7.63, 9.499, 11.978, 14.878, 18.616, 23.041, 28.382, 34.943, 42.725, 51.957, 63.325, 76.753, 92.088, 109.483, 129.20600000000002, 151.369, 176.356, 204.166, 235.37, 272.145, 313.9925]"
98_A3_16_8F_15_44,815,"[-35, -34, -33, -32, -31, -30, -29, -28, -27, -26, -25, -24, -23, -22, -21, -20, -19, -18, -17, -16, -15, -14]","[6.943, 8.774, 10.91, 13.733, 17.166, 21.363, 26.551, 32.807, 40.208, 49.058, 59.968, 73.32, 88.502, 105.821, 125.2, 146.868, 172.236, 199.588, 230.64, 264.82, 305.333, 351.301]"
98_A3_16_8F_15_44,825,"[-35, -34, -33, -32, -31, -30, -29, -28, -27, -26, -25, -24, -23, -22, -21, -20, -19, -18, -17, -16, -15, -14]","[8.011, 10.071, 12.626999999999999, 15.869, 19.76, 24.643, 30.594, 37.804, 46.387, 56.687, 69.657, 84.459, 101.701, 121.157, 143.359, 168.078, 195.773, 226.596, 260.624, 298.772, 342.87, 392.157]"
98_A3_16_8F_15_44,835,"[-35, -34, -33, -32, -31, -30, -29, -28, -27, -26, -25, -24, -23, -22, -21, -20, -19, -18, -17, -16, -15, -14]","[9.155, 11.444, 14.42, 18.158, 22.736, 28.267, 35.248, 43.488, 53.483, 65.156, 80.11, 97.429, 116.503, 138.857, 163.958, 191.577, 222.095, 256.886, 295.033, 337.453, 384.909, 440.604]"
98_A3_16_8F_15_44,845,"[-35, -34, -33, -32, -31, -30, -29, -28, -27, -26, -25, -24, -23, -22, -21, -20, -19, -18, -17, -16, -15, -14]","[10.147, 12.894, 16.251, 20.409, 25.635, 32.12, 39.979, 49.516, 60.96, 74.3495, 91.554, 110.704, 133.211, 157.5875, 186.16, 217.06, 251.9645, 290.684, 333.257, 380.407, 431.983, 493.782]"
98_A3_16_8F_15_44,855,"[-35, -34, -33, -32, -31, -30, -29, -28, -27, -26, -25, -24, -23, -22, -21, -20, -19, -18, -17, -16, -15, -14]","[11.0245, 13.962, 17.7, 22.354, 28.229, 35.325, 44.404, 55.085, 67.903, 83.391, 101.244, 123.217, 148.47, 175.86, 207.904, 242.618, 281.605, 325.017, 372.549, 425.879, 484.817, 553.521]"
98_A3_16_8F_15_44,865,"[-35, -34, -33, -32, -31, -30, -29, -28, -27, -26, -25, -24, -23, -22, -21, -20, -19, -18, -17, -16, -15, -14]","[11.406, 14.572, 18.54, 23.499, 29.603, 37.461, 46.998, 58.595, 72.786, 89.494, 108.492, 132.71499999999997, 159.457, 190.85199999999998, 225.7955, 264.973, 308.309, 355.688, 409.934, 468.757, 535.744, 612.497]"
98_A3_16_8F_15_44,875,"[-35, -34, -33, -32, -31, -30, -29, -28, -27, -26, -25, -24, -23, -22, -21, -20, -19, -18, -17, -16, -15, -14]","[11.368, 14.42, 18.311, 23.194, 29.374, 37.308, 46.845, 58.861999999999995, 73.32, 90.791, 110.17, 135.576, 164.645, 198.367, 236.21, 278.325, 325.17, 378.347, 437.705, 502.174, 577.8969999999999, 663.157]"
98_A3_16_8F_15_44,885,"[-35, -34, -33, -32, -31, -30, -29, -28, -27, -26, -25, -24, -23, -22, -21, -20, -19, -18, -17, -16, -15, -14]","[10.681, 13.581, 17.166, 21.744, 27.543, 35.019, 44.099, 55.467, 69.276, 86.061, 106.355, 131.762, 161.059, 194.934, 234.073, 278.782, 328.222, 385.023, 448.081, 518.425, 598.611, 691.691]"
98_A3_16_8F_15_44,895,"[-35, -34, -33, -32, -31, -30, -29, -28, -27, -26, -25, -24, -23, -22, -21, -20, -19, -18, -17, -16, -15, -14]","[9.766, 12.36, 15.717, 19.76, 25.177, 31.624, 39.979, 50.202, 62.562, 78.126, 97.734, 121.614, 149.538, 182.193, 220.264, 264.515, 314.794, 372.244, 437.018, 509.88, 589.609, 689.25]"
98_A3_16_8F_15_44,905,"[-35, -34, -33, -32, -31, -30, -29, -28, -27, -26, -25, -24, -23, -22, -21, -20, -19, -18, -17, -16, -15, -14]","[8.85, 11.177, 14.038, 17.7, 22.354, 28.267, 35.554, 44.633, 55.467, 69.1615, 87.205, 108.721, 134.203, 164.111, 199.588, 240.406, 287.861, 342.87, 404.974, 476.31, 554.284, 651.331]"
98_A3_16_8F_15_44,915,"[-35, -34, -33, -32, -31, -30, -29, -28, -27, -26, -25, -24, -23, -22, -21, -20, -19, -18, -17, -16, -15, -14]","[7.8965, 9.918, 12.589, 15.946, 20.066, 25.254, 31.586, 39.521, 49.134, 60.96, 77.287, 95.75, 118.791, 145.19, 177.005, 214.008, 256.733, 306.63, 364.004, 430.19, 504.12, 596.246]"
98_A3_16_8F_15_44,925,"[-35, -34, -33, -32, -31, -30, -29, -28, -27, -26, -25, -24, -23, -22, -21, -20, -19, -18, -17, -16, -15, -14]","[7.172, 9.155, 11.368, 14.42, 18.158, 22.736, 28.534, 35.477, 44.022, 54.475, 68.589, 85.451, 105.783, 129.244, 157.397, 190.509, 228.504, 272.488, 325.017, 384.604, 455.253, 539.9785]"
98_A3_16_8F_15_44,935,"[-35, -34, -33, -32, -31, -30, -29, -28, -27, -26, -25, -24, -23, -22, -21, -20, -19, -18, -17, -16, -15, -14]","[6.714, 8.392, 10.605, 13.352, 16.785, 20.981, 26.246, 32.654, 40.513, 50.05, 61.494, 76.982, 95.369, 116.732, 141.604, 171.511, 205.8825, 246.204, 292.821, 346.914, 413.901, 491.417]"
98_A3_16_8F_15_44,945,"[-35, -34, -33, -32, -31, -30, -29, -28, -27, -26, -25, -24, -23, -22, -21, -20, -19, -18, -17, -16, -15, -14]","[6.256, 7.858, 9.918, 12.436, 15.564, 19.608, 24.491, 30.442, 37.69, 46.616, 56.687, 70.191, 86.63300000000001, 106.126, 129.244, 155.871, 187.686, 223.926, 266.651, 315.709, 378.653, 449.683]"
98_A3_16_8F_15_44,955,"[-35, -34, -33, -32, -31, -30, -29, -28, -27, -26, -25, -24, -23, -22, -21, -20, -19, -18, -17, -16, -15, -14]","[5.875, 7.401, 9.384, 11.749, 14.725, 18.463, 23.041, 28.687, 35.401, 43.87, 52.186, 64.622, 79.805, 97.8485, 118.944, 143.54899999999998, 172.198, 206.149, 245.212, 290.455, 348.669, 414.13]"
98_A3_16_8F_15_44,965,"[-35, -34, -33, -32, -31, -30, -29, -28, -27, -26, -25, -24, -23, -22, -21, -20, -19, -18, -17, -16, -15, -14]","[5.57, 7.019, 8.85, 11.063, 13.886, 17.472, 21.744, 27.085, 33.494, 41.352, 48.371, 59.968, 74.159, 90.715, 110.475, 133.44, 160.143, 190.814, 227.6265, 269.551, 321.66, 383.688]"
98_A3_16_8F_15_44,975,"[-35, -34, -33, -32, -31, -30, -29, -28, -27, -26, -25, -24, -23, -22, -21, -20, -19, -18, -17, -16, -15, -14]","[5.264, 6.638, 8.469, 10.529, 13.199, 16.48, 20.561500000000002, 25.635, 31.662, 39.063, 45.243, 56.153, 69.2, 84.84, 103.38, 124.819, 149.615, 179.217, 213.245, 252.384, 300.221, 356.603]"
98_A3_16_8F_15_44,985,"[-35, -34, -33, -32, -31, -30, -29, -28, -27, -26, -25, -24, -23, -22, -21, -20, -19, -18, -17, -16, -15, -14]","[5.035, 6.256, 7.935, 9.918, 12.474, 15.64, 19.379, 24.186, 29.908, 36.927, 43.03, 53.33, 65.766, 80.644, 98.039, 118.639, 142.29, 170.10000000000002, 202.411, 239.643, 282.216, 335.317]"
98_A3_16_8F_15_44,995,"[-35, -34, -33, -32, -31, -30, -29, -28, -27, -26, -25, -24, -23, -22, -21, -20, -19, -18, -17, -16, -15, -14]","[4.73, 5.951, 7.477, 9.308, 11.673, 14.649, 18.311, 22.736, 28.153, 34.638, 40.894, 50.813, 62.676500000000004, 76.524, 93.156, 112.84, 135.5, 162.051, 192.493, 228.351, 266.957, 317.159]"
98_A3_16_8F_EA_5C,705,"[-35, -34, -33, -32, -31, -30, -29, -28, -27, -26, -25, -24, -23, -22, -21, -20, -19, -18, -17, -16, -15, -14]","[1.45, 1.755, 2.213, 2.67, 3.357, 4.196, 5.264, 6.485, 8.164, 9.995, 12.741, 15.793, 19.684, 24.262, 29.831, 36.469, 44.251, 53.559, 64.164, 76.677, 92.622, 110.094]"
98_A3_16_8F_EA_5C,715,"[-35, -34, -33, -32, -31, -30, -29, -28, -27, -26, -25, -24, -23, -22, -21, -20, -19, -18, -17, -16, -15, -14]","[1.6400000000000001, 2.06, 2.518, 3.128, 3.891, 4.959, 6.104, 7.553, 9.384, 11.673, 14.42, 18.082, 22.431, 27.543, 33.799, 41.123, 49.821, 59.892, 71.641, 85.298, 102.617, 121.08]"
98_A3_16_8F_EA_5C,725,"[-35, -34, -33, -32, -31, -30, -29, -28, -27, -26, -25, -24, -23, -22, -21, -20, -19, -18, -17, -16, -15, -14]","[1.907, 2.365, 2.9375, 3.662, 4.578, 5.722, 7.095, 8.85, 10.91, 13.504, 16.48, 20.523, 25.254, 31.052, 37.919, 46.082, 55.772, 66.835, 79.728, 94.568, 112.612, 132.448]"
98_A3_16_8F_EA_5C,735,"[-35, -34, -33, -32, -31, -30, -29, -28, -27, -26, -25, -24, -23, -22, -21, -20, -19, -18, -17, -16, -15, -14]","[2.213, 2.7085, 3.395, 4.2345, 5.3025, 6.638, 8.24, 10.147, 12.665, 15.64, 18.616, 23.194, 28.611, 35.096, 42.725, 51.652, 62.104, 74.388, 88.426, 104.448, 123.293, 144.732]"
98_A3_16_8F_EA_5C,745,"[-35, -34, -33, -32, -31, -30, -29, -28, -27, -26, -25, -24, -23, -22, -21, -20, -19, -18, -17, -16, -15, -14]","[2.518, 3.128, 3.967, 4.883, 6.104, 7.63, 9.461, 11.787500000000001, 14.572, 18.006, 21.21, 26.169, 32.197, 39.368, 47.99, 57.908, 69.429, 82.74199999999999, 98.116, 115.435, 134.737, 158.465]"
98_A3_16_8F_EA_5C,755,"[-35, -34, -33, -32, -31, -30, -29, -28, -27, -26, -25, -24, -23, -22, -21, -20, -19, -18, -17, -16, -15, -14]","[2.899, 3.662, 4.501, 5.646, 7.057, 8.774, 10.91, 13.504, 16.709, 20.523, 24.033, 29.526, 36.316, 44.48, 53.864, 64.851, 77.592, 92.05, 108.721, 127.489, 148.547, 174.1435]"
98_A3_16_8F_EA_5C,765,"[-35, -34, -33, -32, -31, -30, -29, -28, -27, -26, -25, -24, -23, -22, -21, -20, -19, -18, -17, -16, -15, -14]","[3.281, 4.12, 5.188, 6.485, 8.011, 9.995, 12.436, 15.412, 19.074, 23.423, 27.237, 33.494, 41.047, 50.126, 60.502, 72.633, 86.595, 102.388, 120.47, 141.07, 163.958, 191.653]"
98_A3_16_8F_EA_5C,775,"[-35, -34, -33, -32, -31, -30, -29, -28, -27, -26, -25, -24, -23, -22, -21, -20, -19, -18, -17, -16, -15, -14]","[3.738, 4.654, 5.875, 7.324, 9.155, 11.368, 14.191, 17.548, 21.592, 26.551, 30.976, 37.995, 46.54, 56.687, 68.284, 81.788, 97.047, 114.214, 133.898, 156.481, 181.735, 211.872]"
98_A3_16_8F_EA_5C,785,"[-35, -34, -33, -32, -31, -30, -29, -28, -27, -26, -25, -24, -23, -22, -21, -20, -19, -18, -17, -16, -15, -14]","[4.349, 5.417, 6.714, 8.469, 10.452, 13.046, 16.175, 20.066, 24.643, 30.289, 35.782, 43.87, 53.483, 64.775, 77.668, 92.775, 109.56, 128.748, 150.53, 175.021, 203.861, 236.133]"
98_A3_16_8F_EA_5C,795,"[-35, -34, -33, -32, -31, -30, -29, -28, -27, -26, -25, -24, -23, -22, -21, -20, -19, -18, -17, -16, -15, -14]","[4.959, 6.18, 7.706, 9.613, 12.0165, 14.954, 18.616, 22.965, 28.229, 34.485, 41.352, 50.69799999999999, 61.6845, 74.235, 88.579, 105.516, 124.285, 145.19, 169.375, 196.155, 228.275, 263.676]"
98_A3_16_8F_EA_5C,805,"[-35, -34, -33, -32, -31, -30, -29, -28, -27, -26, -25, -24, -23, -22, -21, -20, -19, -18, -17, -16, -15, -14]","[5.646, 7.095, 8.85, 11.139, 13.733, 17.166, 21.286, 26.246, 32.273, 39.445, 47.913, 58.442, 70.954, 85.298, 101.549, 120.012, 140.841, 164.416, 190.738, 220.111, 254.902, 294.575]"
98_A3_16_8F_EA_5C,815,"[-35, -34, -33, -32, -31, -30, -29, -28, -27, -26, -25, -24, -23, -22, -21, -20, -19, -18, -17, -16, -15, -14]","[6.485, 8.164, 10.109, 12.741, 15.831, 19.76, 24.567, 30.289, 37.156, 45.319, 55.39, 67.674, 81.788, 97.963, 116.121, 136.492, 160.25799999999998, 186.007, 215.229, 247.654, 286.03, 329.557]"
98_A3_16_8F_EA_5C,825,"[-35, -34, -33, -32, -31, -30, -29, -28, -27, -26, -25, -24, -23, -22, -21, -20, -19, -18, -17, -16, -15, -14]","[7.553, 9.461, 11.787500000000001, 14.725, 18.387, 22.889, 28.458, 35.019, 42.878, 52.415, 64.393, 78.279, 94.301, 112.459, 133.211, 156.329, 182.422, 211.337, 243.381, 279.393, 321.126, 367.742]"
98_A3_16_8F_EA_5C,835,"[-35, -34, -33, -32, -31, -30, -29, -28, -27, -26, -25, -24, -23, -22, -21, -20, -19, -18, -17, -16, -15, -14]","[8.621, 10.758, 13.504, 17.014, 21.21, 26.398, 32.883, 40.436, 49.744, 60.502, 74.54, 90.639, 108.492, 129.396, 152.819, 178.759, 207.523, 240.177, 276.112, 316.091, 360.83799999999997, 413.52]"
98_A3_16_8F_EA_5C,845,"[-35, -34, -33, -32, -31, -30, -29, -28, -27, -26, -25, -24, -23, -22, -21, -20, -19, -18, -17, -16, -15, -14]","[9.689, 12.284, 15.488, 19.379, 24.338, 30.365, 37.842, 46.616, 57.298, 69.81, 86.137, 104.067, 125.2, 148.013, 174.945, 203.937, 236.667, 273.213, 313.268, 357.748, 406.271, 464.561]"
98_A3_16_8F_EA_5C,855,"[-35, -34, -33, -32, -31, -30, -29, -28, -27, -26, -25, -24, -23, -22, -21, -20, -19, -18, -17, -16, -15, -14]","[10.796, 13.657, 17.319, 21.668, 27.314, 34.18, 42.7635, 52.911, 65.156, 79.728, 97.047, 117.8, 141.756, 167.62, 197.833, 230.60199999999998, 267.414, 308.309, 353.246, 403.525, 458.762, 523.613]"
98_A3_16_8F_EA_5C,865,"[-35, -34, -33, -32, -31, -30, -29, -28, -27, -26, -25, -24, -23, -22, -21, -20, -19, -18, -17, -16, -15, -14]","[11.521, 14.572, 18.54, 23.461, 29.603, 37.308, 46.616, 58.137, 71.87, 88.121, 106.737, 130.04500000000002, 155.718, 185.779, 219.12, 256.504, 297.78, 342.718, 394.141, 449.836, 513.008, 585.565]"
98_A3_16_8F_EA_5C,875,"[-35, -34, -33, -32, -31, -30, -29, -28, -27, -26, -25, -24, -23, -22, -21, -20, -19, -18, -17, -16, -15, -14]","[11.826, 14.954, 18.921, 23.957, 30.289, 38.376, 48.142, 60.426, 75.151, 92.622, 111.849, 137.102, 165.789, 198.749, 235.676, 276.493, 321.813, 372.93, 429.847, 491.493, 563.745, 644.923]"
98_A3_16_8F_EA_5C,885,"[-35, -34, -33, -32, -31, -30, -29, -28, -27, -26, -25, -24, -23, -22, -21, -20, -19, -18, -17, -16, -15, -14]","[11.292, 14.343, 18.235, 23.041, 29.145, 37.079, 46.616, 58.671, 73.167, 90.715, 111.467, 137.484, 167.468, 201.68599999999998, 241.016, 285.5345, 334.6685, 390.555, 452.43, 520.943, 599.451, 689.555]"
98_A3_16_8F_EA_5C,895,"[-35, -34, -33, -32, -31, -30, -29, -28, -27, -26, -25, -24, -23, -22, -21, -20, -19, -18, -17, -16, -15, -14]","[10.452, 13.352, 16.861, 21.21, 27.085, 34.028, 43.03, 54.093, 67.369, 84.077, 104.753, 129.931, 159.533, 193.561, 233.31, 278.935, 330.434, 388.952, 454.261, 527.504, 607.919, 707.256]"
98_A3_16_8F_EA_5C,905,"[-35, -34, -33, -32, -31, -30, -29, -28, -27, -26, -25, -24, -23, -22, -21, -20, -19, -18, -17, -16, -15, -14]","[9.537, 12.055, 15.183, 19.15, 24.1475, 30.518, 38.529, 48.295, 60.121, 75.074, 94.301, 117.494, 144.9225, 176.928, 214.694, 258.106, 308.232, 365.988, 430.762, 504.768, 585.87, 685.283]"
98_A3_16_8F_EA_5C,915,"[-35, -34, -33, -32, -31, -30, -29, -28, -27, -26, -25, -24, -23, -22, -21, -20, -19, -18, -17, -16, -15, -14]","[8.545, 10.758, 13.581, 17.243, 21.668, 27.237, 34.104, 42.725, 53.178, 65.995, 83.696, 103.532, 128.557, 157.015, 191.348, 231.098, 276.951, 330.51, 391.547, 461.738, 539.788, 636.797]"
98_A3_16_8F_EA_5C,925,"[-35, -34, -33, -32, -31, -30, -29, -28, -27, -26, -25, -24, -23, -22, -21, -20, -19, -18, -17, -16, -15, -14]","[7.782, 9.766, 12.284, 15.45, 19.455, 24.414, 30.594, 38.148, 47.379, 58.518, 73.93, 92.088, 113.985, 139.315, 169.604, 205.158, 246.204, 293.278, 349.775, 413.71000000000004, 488.67, 578.851]"
98_A3_16_8F_EA_5C,935,"[-35, -34, -33, -32, -31, -30, -29, -28, -27, -26, -25, -24, -23, -22, -21, -20, -19, -18, -17, -16, -15, -14]","[7.172, 9.003, 11.292, 14.267, 17.853, 22.354, 28.0, 34.867, 43.183, 53.483, 65.843, 82.399, 102.083, 124.895, 151.598, 183.566, 220.417, 263.6, 313.497, 371.405, 442.512, 525.292]"
98_A3_16_8F_EA_5C,945,"[-35, -34, -33, -32, -31, -30, -29, -28, -27, -26, -25, -24, -23, -22, -21, -20, -19, -18, -17, -16, -15, -14]","[6.638, 8.316, 10.529, 13.199, 16.556, 20.752, 25.864, 32.273, 39.902, 49.363, 60.197, 74.617, 92.012, 112.688, 137.255, 165.56, 199.359, 238.0025, 283.36, 335.546, 402.304, 477.836]"
98_A3_16_8F_EA_5C,955,"[-35, -34, -33, -32, -31, -30, -29, -28, -27, -26, -25, -24, -23, -22, -21, -20, -19, -18, -17, -16, -15, -14]","[6.256, 7.82, 9.842, 12.36, 15.488, 19.379, 24.262, 30.137, 37.232, 46.082, 55.009, 68.132, 84.077, 103.151, 125.429, 151.293, 181.506, 217.288, 258.564, 306.401, 367.971, 437.018]"
98_A3_16_8F_EA_5C,965,"[-35, -34, -33, -32, -31, -30, -29, -28, -27, -26, -25, -24, -23, -22, -21, -20, -19, -18, -17, -16, -15, -14]","[5.875, 7.3625, 9.384, 11.673, 14.572, 18.235, 22.736, 28.382, 35.019, 43.259, 50.584, 62.867, 77.668, 94.987, 115.663, 139.696, 167.697, 199.741, 238.346, 282.368, 337.148, 402.304]"
98_A3_16_8F_EA_5C,975,"[-35, -34, -33, -32, -31, -30, -29, -28, -27, -26, -25, -24, -23, -22, -21, -20, -19, -18, -17, -16, -15, -14]","[5.57, 6.943, 8.812, 10.986, 13.733, 17.166, 21.439, 26.703, 33.036, 40.626999999999995, 47.074, 58.442, 72.023, 88.273, 107.5, 129.778, 155.642, 186.465, 221.866, 262.608, 312.81, 371.633]"
98_A3_16_8F_EA_5C,985,"[-35, -34, -33, -32, -31, -30, -29, -28, -27, -26, -25, -24, -23, -22, -21, -20, -19, -18, -17, -16, -15, -14]","[5.264, 6.638, 8.316, 10.3, 13.046, 16.251, 20.142, 25.101, 31.052, 38.337999999999994, 44.556, 55.314, 68.132, 83.467, 101.472, 122.835, 147.25, 176.089, 209.5445, 248.14999999999998, 292.592, 347.601]"
98_A3_16_8F_EA_5C,995,"[-35, -34, -33, -32, -31, -30, -29, -28, -27, -26, -25, -24, -23, -22, -21, -20, -19, -18, -17, -16, -15, -14]","[4.959, 6.18, 7.782, 9.766, 12.131, 15.183, 18.921, 23.499, 29.068, 35.859, 42.267, 52.491, 64.622, 79.0035, 96.056, 116.388, 139.696, 167.086, 198.52, 235.523, 275.578, 327.459]"
